order_id,order_date,customer_id,customer_segment,city,fulfilment_hub,channel,payment_method,product_category,units,unit_price,discount_pct,order_value,gross_margin_pct,delivery_days,customer_rating,package_weight_kg,returned
MRD-103884,2025-04-01,C84053,Retail,Bengaluru,Bengaluru South,Website,Credit Card,Beauty,1,664.15,15.0,564.53,33.9,4.0,1,1.683,No
MRD-100404,2025-04-01,C28638,Retail,Mumbai,Mumbai West,Website,UPI,Beauty,2,573.13,15.0,974.32,30.6,3.9,4,2.085,No
MRD-103775,2025-04-01,C61467,Retail,Bengaluru,Bengaluru South,Marketplace,UPI,Grocery,2,221.93,20.0,355.09,3.0,2.2,4,1.629,No
MRD-101832,2025-04-01,C93697,Retail,Bengaluru,Bengaluru South,Mobile App,Credit Card,Electronics,2,5699.5,0.0,11399.0,8.2,4.1,4,1.303,No
MRD-102091,2025-04-01,C23494,Retail,Delhi NCR,Delhi NCR,Website,UPI,Electronics,3,2749.57,0.0,8248.71,7.9,3.2,2,1.705,Yes
MRD-101943,2025-04-01,C55546,Retail,Mumbai,Mumbai West,Mobile App,Cash on Delivery,Home & Kitchen,2,2491.59,10.0,4484.86,22.5,2.9,5,2.287,No
MRD-100610,2025-04-01,C76584,Retail,Delhi NCR,Delhi NCR,Mobile App,Cash on Delivery,Grocery,2,301.25,10.0,542.25,0.5,5.2,1,1.475,No
MRD-101615,2025-04-01,C94140,Retail,Bengaluru,Bengaluru South,Website,Credit Card,Apparel,1,602.47,5.0,572.35,28.4,3.3,5,1.517,No
MRD-102285,2025-04-01,C78757,Retail,Mumbai,Mumbai West,Mobile App,Cash on Delivery,Apparel,2,902.77,0.0,1805.54,25.9,4.1,4,2.605,No
MRD-102238,2025-04-01,C17431,Retail,Delhi NCR,Delhi NCR,Mobile App,UPI,Electronics,2,3681.01,0.0,7362.02,7.9,3.1,5,1.753,No
MRD-100356,2025-04-02,C89554,Retail,Delhi NCR,Delhi NCR,Mobile App,UPI,Apparel,2,1407.05,0.0,2814.1,31.4,3.9,2,1.212,No
MRD-101890,2025-04-02,C58577,Retail,Mumbai,Mumbai West,Marketplace,Credit Card,Beauty,1,602.84,0.0,602.84,29.5,2.9,5,1.221,No
MRD-104233,2025-04-02,C99403,Retail,Bengaluru,Bengaluru South,Marketplace,UPI,Electronics,4,4296.06,0.0,17184.24,11.3,1.8,4,2.187,No
MRD-104260,2025-04-02,C59266,Retail,Delhi NCR,Delhi NCR,Mobile App,Debit Card,Grocery,1,167.09,15.0,142.03,3.9,1.2,4,2.293,No
MRD-101612,2025-04-02,C85928,Retail,Bengaluru,Bengaluru South,Mobile App,Credit Card,Apparel,2,726.74,20.0,1162.78,21.5,4.0,1,1.455,No
MRD-101309,2025-04-02,C18387,Retail,Bengaluru,Bengaluru South,Mobile App,UPI,Grocery,2,534.11,0.0,1068.22,3.5,3.2,4,2.049,No
MRD-101599,2025-04-02,C78813,Retail,Delhi NCR,Delhi NCR,Marketplace,Debit Card,Electronics,1,5368.07,10.0,4831.26,11.5,1.0,4,2.016,No
MRD-102217,2025-04-02,C14054,Retail,Delhi NCR,Delhi NCR,Mobile App,UPI,Apparel,3,2051.08,15.0,5230.25,26.3,4.2,5,2.899,No
MRD-103358,2025-04-02,C23499,Corporate,Mumbai,Mumbai West,Mobile App,UPI,Beauty,22,526.74,9.7,10464.22,24.4,3.6,4,1.496,No
MRD-100497,2025-04-03,C64018,Retail,Bengaluru,Bengaluru South,Mobile App,Wallet,Apparel,2,1718.83,15.0,2922.01,40.4,4.3,5,1.847,No
MRD-104953,2025-04-03,C44700,Retail,Bengaluru,Bengaluru South,Marketplace,Wallet,Home & Kitchen,1,2630.21,0.0,2630.21,21.0,3.1,4,1.443,No
MRD-102210,2025-04-03,C84887,Retail,Delhi NCR,Delhi NCR,Mobile App,UPI,Electronics,2,637.89,0.0,1275.78,7.1,1.0,4,2.241,No
MRD-102813,2025-04-03,C87103,Retail,Delhi NCR,Delhi NCR,Marketplace,Credit Card,Grocery,3,150.45,20.0,361.08,5.2,7.0,5,1.21,No
MRD-101251,2025-04-03,C15861,Retail,Mumbai,Mumbai West,Website,UPI,Beauty,1,584.83,0.0,584.83,26.6,3.1,1,1.852,No
MRD-100798,2025-04-04,C18247,Retail,Delhi NCR,Delhi NCR,Website,UPI,Electronics,1,3970.03,0.0,3970.03,6.6,1.1,2,2.149,Yes
MRD-102016,2025-04-04,C41365,Retail,Bengaluru,Bengaluru South,Mobile App,UPI,Grocery,4,282.32,5.0,1072.82,5.0,4.8,2,1.982,No
MRD-104262,2025-04-04,C76208,Retail,Mumbai,Mumbai West,Website,Debit Card,Grocery,1,302.51,0.0,302.51,5.8,3.0,2,1.666,No
MRD-101510,2025-04-04,C85591,Corporate,Mumbai,Mumbai West,Website,Debit Card,Apparel,23,1541.36,16.7,29530.92,32.3,3.4,3,1.79,No
MRD-101253,2025-04-04,C48581,Retail,Mumbai,Mumbai West,Mobile App,Cash on Delivery,Grocery,2,301.02,20.0,481.63,5.5,3.3,5,1.528,No
MRD-103876,2025-04-04,C92941,Retail,Mumbai,Mumbai West,Marketplace,Credit Card,Electronics,4,6552.58,0.0,26210.32,6.1,3.4,5,1.421,No
MRD-102346,2025-04-04,C13442,Retail,Mumbai,Mumbai West,Marketplace,Cash on Delivery,Apparel,1,701.53,10.0,631.38,36.8,3.5,1,1.971,No
MRD-104723,2025-04-04,C63030,Retail,Bengaluru,Bengaluru South,Website,Debit Card,Grocery,1,174.15,0.0,174.15,4.1,4.3,5,2.061,No
MRD-101737,2025-04-04,C71012,Retail,Delhi NCR,Delhi NCR,Mobile App,Cash on Delivery,Apparel,1,1980.15,5.0,1881.14,21.5,3.9,1,2.315,Yes
MRD-102271,2025-04-04,C28003,Retail,Delhi NCR,Delhi NCR,Marketplace,UPI,Apparel,3,642.74,0.0,1928.22,36.9,1.4,5,1.68,Yes
MRD-101593,2025-04-04,C72804,Retail,Bengaluru,Bengaluru South,Mobile App,Cash on Delivery,Apparel,1,1246.36,0.0,1246.36,24.4,3.0,2,1.545,Yes
MRD-102304,2025-04-05,C95955,Retail,Mumbai,Mumbai West,Mobile App,Cash on Delivery,Grocery,1,159.74,0.0,159.74,4.0,3.4,3,2.045,No
MRD-101836,2025-04-05,C68597,Retail,Mumbai,Mumbai West,Mobile App,Credit Card,Electronics,2,874.31,0.0,1748.62,9.5,3.1,1,1.958,No
MRD-100823,2025-04-05,C83927,Retail,Bengaluru,Bengaluru South,Marketplace,UPI,Grocery,3,279.29,5.0,795.98,3.3,1.6,2,2.547,No
MRD-100538,2025-04-05,C55031,Retail,Mumbai,Mumbai West,Mobile App,Debit Card,Home & Kitchen,3,1356.2,0.0,4068.6,15.3,2.3,4,2.369,No
MRD-104690,2025-04-05,C65245,Retail,Bengaluru,Bengaluru South,Marketplace,UPI,Electronics,1,1248.29,0.0,1248.29,6.9,1.8,4,1.459,No
MRD-100233,2025-04-05,C86560,Retail,Delhi NCR,Delhi NCR,Website,UPI,Grocery,2,151.31,10.0,272.36,2.2,1.5,1,0.614,Yes
MRD-102248,2025-04-05,C68615,Retail,Bengaluru,Bengaluru South,Website,Debit Card,Apparel,2,1054.14,0.0,2108.28,31.4,2.3,4,1.512,Yes
MRD-104635,2025-04-05,C40631,Retail,Bengaluru,Bengaluru South,Website,Wallet,Grocery,1,325.85,0.0,325.85,0.8,4.8,4,1.591,No
MRD-103706,2025-04-05,C33656,Retail,Mumbai,Mumbai West,Mobile App,Debit Card,Grocery,1,170.46,0.0,170.46,1.6,3.1,3,1.34,No
MRD-103662,2025-04-05,C98288,Retail,Bengaluru,Bengaluru South,Website,Credit Card,Grocery,1,293.27,20.0,234.62,4.4,2.2,5,2.235,No
MRD-102123,2025-04-05,C59518,Retail,Bengaluru,Bengaluru South,Website,Wallet,Home & Kitchen,2,1188.54,10.0,2139.37,18.0,4.7,2,2.65,No
MRD-102856,2025-04-05,C40401,Corporate,Delhi NCR,Delhi NCR,Website,Credit Card,Beauty,34,721.1,9.5,22188.25,30.6,4.1,2,2.279,No
MRD-104401,2025-04-05,C65150,Corporate,Mumbai,Mumbai West,Mobile App,Debit Card,Grocery,32,177.49,9.5,5140.11,4.3,3.5,5,1.785,No
MRD-103832,2025-04-05,C52781,Retail,Mumbai,Mumbai West,Mobile App,UPI,Electronics,1,3745.84,10.0,3371.26,6.8,2.9,5,1.375,No
MRD-103187,2025-04-05,C39649,Retail,Bengaluru,Bengaluru South,Marketplace,UPI,Grocery,4,176.24,0.0,704.96,3.1,1.2,4,1.855,No
MRD-100079,2025-04-06,C85743,Retail,Bengaluru,Bengaluru South,Mobile App,Wallet,Grocery,1,178.92,0.0,178.92,4.3,3.9,3,2.244,No
MRD-104995,2025-04-06,C72813,Retail,Bengaluru,Bengaluru South,Mobile App,Debit Card,Apparel,1,1540.65,15.0,1309.55,26.4,5.3,2,1.476,Yes
MRD-102472,2025-04-06,C92519,Retail,Mumbai,Mumbai West,Marketplace,Credit Card,Grocery,2,295.03,15.0,501.55,3.1,4.8,5,1.802,No
MRD-102947,2025-04-06,C87000,Retail,Delhi NCR,Delhi NCR,Mobile App,Cash on Delivery,Home & Kitchen,3,3415.21,10.0,9221.07,17.9,1.0,1,2.055,No
MRD-104880,2025-04-06,C30027,Corporate,Mumbai,Mumbai West,Mobile App,Wallet,Apparel,29,1085.94,9.2,28594.97,29.9,2.5,5,1.712,No
MRD-100172,2025-04-06,C73113,Retail,Delhi NCR,Delhi NCR,Marketplace,UPI,Electronics,2,2947.29,0.0,5894.58,8.1,3.4,5,0.86,Yes
MRD-104340,2025-04-06,C30267,Retail,Mumbai,Mumbai West,Website,UPI,Beauty,1,883.37,20.0,706.7,15.5,3.5,4,1.061,No
MRD-100656,2025-04-06,C80559,Retail,Mumbai,Mumbai West,Mobile App,Cash on Delivery,Apparel,2,1046.18,10.0,1883.12,33.5,3.7,1,1.708,No
MRD-102804,2025-04-06,C69437,Retail,Bengaluru,Bengaluru South,Website,Net Banking,Beauty,1,489.24,0.0,489.24,22.3,2.3,4,2.023,No
MRD-103390,2025-04-06,C67529,Retail,Bengaluru,Bengaluru South,Marketplace,Cash on Delivery,Home & Kitchen,1,8494.58,0.0,8494.58,22.6,2.5,3,2.523,No
MRD-101370,2025-04-06,C87884,Retail,Bengaluru,Bengaluru South,Mobile App,Cash on Delivery,Home & Kitchen,2,1855.7,0.0,3711.4,13.0,3.4,5,2.032,No
MRD-102938,2025-04-06,C73619,Retail,Mumbai,Mumbai West,Website,Credit Card,Home & Kitchen,1,2161.81,0.0,2161.81,14.4,3.7,5,1.831,No
MRD-102439,2025-04-06,C94024,Retail,Bengaluru,Bengaluru South,Marketplace,Debit Card,Apparel,1,402.43,5.0,382.31,30.7,3.9,4,1.817,No
MRD-103213,2025-04-07,C89234,Retail,Bengaluru,Bengaluru South,Marketplace,UPI,Beauty,1,941.94,5.0,894.84,22.5,4.4,5,2.791,No
MRD-101747,2025-04-07,C18574,Retail,Mumbai,Mumbai West,Mobile App,UPI,Electronics,1,6456.93,15.0,5488.39,7.9,3.4,5,2.142,No
MRD-103241,2025-04-07,C66456,Retail,Bengaluru,Bengaluru South,Mobile App,Credit Card,Home & Kitchen,1,817.35,10.0,735.62,18.0,4.4,3,1.668,No
MRD-102468,2025-04-07,C88583,Retail,Mumbai,Mumbai West,Mobile App,Credit Card,Apparel,1,402.28,15.0,341.94,26.4,3.3,2,1.405,No
MRD-103159,2025-04-07,C20732,Retail,Delhi NCR,Delhi NCR,Mobile App,UPI,Apparel,2,1359.99,10.0,2447.98,40.9,1.0,2,1.636,Yes
MRD-103322,2025-04-07,C68290,Retail,Mumbai,Mumbai West,Mobile App,Net Banking,Electronics,1,4224.57,15.0,3590.88,7.0,3.3,5,1.341,No
MRD-104148,2025-04-07,C74504,Retail,Bengaluru,Bengaluru South,Mobile App,UPI,Beauty,1,1039.06,5.0,987.11,26.0,1.0,4,1.654,No
MRD-104812,2025-04-07,C68981,Retail,Mumbai,Mumbai West,Website,UPI,Apparel,2,1084.28,0.0,2168.56,36.4,4.3,5,1.641,No
MRD-104737,2025-04-07,C55366,Retail,Mumbai,Mumbai West,Marketplace,UPI,Electronics,1,6894.91,10.0,6205.42,10.9,3.0,1,0.893,No
MRD-102835,2025-04-07,C67015,Retail,Bengaluru,Bengaluru South,Website,Wallet,Grocery,2,161.48,5.0,306.81,4.8,1.0,4,1.557,No
MRD-104137,2025-04-07,C61944,Retail,Mumbai,Mumbai West,Mobile App,Cash on Delivery,Home & Kitchen,2,3010.5,0.0,6021.0,25.5,3.0,4,2.028,No
MRD-102629,2025-04-07,C67262,Retail,Bengaluru,Bengaluru South,Mobile App,Credit Card,Electronics,1,17317.43,5.0,16451.56,7.3,2.3,5,1.768,No
MRD-101160,2025-04-08,C59385,Retail,Bengaluru,Bengaluru South,Mobile App,UPI,Home & Kitchen,3,741.83,0.0,2225.49,15.5,9.1,1,1.665,No
MRD-101168,2025-04-08,C91853,Corporate,Mumbai,Mumbai West,Mobile App,UPI,Apparel,24,721.54,13.0,15065.76,31.8,3.6,5,1.695,No
MRD-104202,2025-04-08,C46702,Retail,Bengaluru,Bengaluru South,Mobile App,Credit Card,Home & Kitchen,2,833.69,5.0,1584.01,16.4,2.0,1,1.699,Yes
MRD-102881,2025-04-08,C18858,Retail,Delhi NCR,Delhi NCR,Marketplace,UPI,Electronics,2,3095.88,0.0,6191.76,7.2,1.4,5,2.418,No
MRD-100899,2025-04-08,C27237,Retail,Mumbai,Mumbai West,Mobile App,UPI,Electronics,1,5337.96,10.0,4804.16,8.2,3.5,2,1.413,Yes
MRD-103237,2025-04-08,C97321,Retail,Mumbai,Mumbai West,Mobile App,Cash on Delivery,Grocery,3,269.93,15.0,688.32,3.5,2.3,5,1.354,No
MRD-100248,2025-04-08,C55092,Retail,Bengaluru,Bengaluru South,Website,UPI,Electronics,2,3330.45,10.0,5994.81,3.9,4.8,4,2.11,No
MRD-104828,2025-04-08,C78959,Retail,Delhi NCR,Delhi NCR,Website,Debit Card,Apparel,1,1078.64,0.0,1078.64,34.9,1.4,1,1.516,No
MRD-103387,2025-04-08,C41178,Retail,Mumbai,Mumbai West,Mobile App,UPI,Electronics,1,3642.31,0.0,3642.31,5.3,3.4,3,1.081,No
MRD-101887,2025-04-08,C37745,Retail,Delhi NCR,Delhi NCR,Mobile App,Cash on Delivery,Grocery,2,141.4,0.0,282.8,5.0,1.2,5,1.778,No
MRD-101946,2025-04-08,C99731,Retail,Mumbai,Mumbai West,Website,Wallet,Electronics,3,3844.47,0.0,11533.41,9.3,3.5,1,1.113,Yes
MRD-104119,2025-04-08,C98241,Retail,Bengaluru,Bengaluru South,Mobile App,Wallet,Electronics,1,3573.8,10.0,3216.42,7.2,1.1,4,1.975,No
MRD-102568,2025-04-08,C88287,Retail,Bengaluru,Bengaluru South,Mobile App,UPI,Electronics,1,5084.02,20.0,4067.22,5.8,4.2,4,1.347,No
MRD-101076,2025-04-08,C85351,Retail,Bengaluru,Bengaluru South,Website,Cash on Delivery,Grocery,1,186.73,10.0,168.06,4.6,1.9,4,2.391,No
MRD-103331,2025-04-08,C95567,Retail,Delhi NCR,Delhi NCR,Mobile App,Credit Card,Home & Kitchen,1,966.32,0.0,966.32,23.1,1.2,4,2.298,No
MRD-102580,2025-04-08,C80323,Retail,Bengaluru,Bengaluru South,Website,Credit Card,Home & Kitchen,3,1652.81,0.0,4958.43,11.2,3.2,4,1.708,No
MRD-103229,2025-04-09,C43422,Retail,Bengaluru,Bengaluru South,Mobile App,Net Banking,Home & Kitchen,3,1238.43,0.0,3715.29,20.6,2.5,5,2.113,No
MRD-100249,2025-04-09,C11343,Retail,Delhi NCR,Delhi NCR,Marketplace,Cash on Delivery,Grocery,1,252.06,0.0,252.06,2.8,3.5,4,1.875,No
MRD-100886,2025-04-09,C32186,Retail,Delhi NCR,Delhi NCR,Mobile App,Debit Card,Apparel,2,1039.67,10.0,1871.41,44.3,1.0,5,2.027,No
MRD-103249,2025-04-09,C79398,Retail,Delhi NCR,Delhi NCR,Mobile App,UPI,Grocery,1,226.63,15.0,192.64,3.1,1.0,3,1.728,No
MRD-100561,2025-04-09,C76153,Retail,Delhi NCR,Delhi NCR,Mobile App,Net Banking,Electronics,2,15509.58,5.0,29468.2,8.5,1.0,1,2.295,No
MRD-100201,2025-04-09,C45530,Retail,Mumbai,Mumbai West,Website,Wallet,Home & Kitchen,1,854.13,0.0,854.13,19.8,2.8,1,2.119,No
MRD-101285,2025-04-09,C53822,Retail,Bengaluru,Bengaluru South,Mobile App,Credit Card,Apparel,1,1224.09,10.0,1101.68,26.2,5.2,4,1.715,No
MRD-104435,2025-04-09,C71324,Retail,Delhi NCR,Delhi NCR,Marketplace,Debit Card,Apparel,1,956.96,5.0,909.11,24.1,9.8,2,1.582,No
MRD-104252,2025-04-09,C36389,Retail,Delhi NCR,Delhi NCR,Mobile App,Credit Card,Grocery,2,157.31,10.0,283.16,4.6,1.0,4,1.927,No
MRD-104211,2025-04-09,C19139,Retail,Delhi NCR,Delhi NCR,Website,Net Banking,Beauty,3,693.86,0.0,2081.58,36.2,2.5,5,1.538,No
MRD-101172,2025-04-09,C60195,Retail,Delhi NCR,Delhi NCR,Website,Credit Card,Grocery,2,201.93,5.0,383.67,3.6,1.0,4,1.007,No
MRD-103053,2025-04-09,C29337,Corporate,Bengaluru,Bengaluru South,Mobile App,Debit Card,Grocery,34,169.23,15.9,4838.96,4.1,3.9,5,2.075,No
MRD-102162,2025-04-09,C27624,Retail,Bengaluru,Bengaluru South,Mobile App,Credit Card,Grocery,2,131.06,0.0,262.12,3.2,2.5,5,2.578,No
MRD-101749,2025-04-10,C67382,Retail,Mumbai,Mumbai West,Mobile App,UPI,Home & Kitchen,3,3202.31,15.0,8165.89,26.8,4.5,5,2.021,No
MRD-102852,2025-04-10,C54901,Retail,Bengaluru,Bengaluru South,Mobile App,Debit Card,Grocery,1,181.4,15.0,154.19,2.9,2.4,5,1.629,No
MRD-102715,2025-04-10,C44454,Retail,Bengaluru,Bengaluru South,Website,Net Banking,Apparel,2,1251.97,15.0,2128.35,31.8,5.4,4,2.006,No
MRD-102919,2025-04-10,C65645,Retail,Mumbai,Mumbai West,Mobile App,UPI,Apparel,4,1148.53,5.0,4364.41,48.4,3.1,5,1.795,No
MRD-102830,2025-04-10,C56684,Corporate,Delhi NCR,Delhi NCR,Mobile App,Credit Card,Grocery,25,174.34,12.6,3809.33,3.3,6.8,5,1.531,No
MRD-101804,2025-04-10,C61099,Corporate,Bengaluru,Bengaluru South,Mobile App,Debit Card,Home & Kitchen,20,2566.27,17.8,42189.48,20.0,3.6,3,1.472,No
MRD-104063,2025-04-10,C47365,Retail,Mumbai,Mumbai West,Mobile App,Credit Card,Home & Kitchen,1,557.32,10.0,501.59,18.4,3.8,3,1.421,No
MRD-103349,2025-04-10,C67942,Retail,Delhi NCR,Delhi NCR,Mobile App,UPI,Home & Kitchen,2,1629.54,10.0,2933.17,12.9,3.0,1,1.818,No
MRD-101726,2025-04-10,C84461,Retail,Mumbai,Mumbai West,Mobile App,UPI,Electronics,1,3776.08,0.0,3776.08,6.9,3.9,4,1.528,Yes
MRD-103194,2025-04-10,C77514,Corporate,Mumbai,Mumbai West,Mobile App,UPI,Home & Kitchen,29,1875.82,19.1,44008.61,15.0,3.1,1,2.016,No
MRD-103304,2025-04-11,C26846,Retail,Mumbai,Mumbai West,Mobile App,UPI,Grocery,1,261.54,15.0,222.31,2.0,3.9,2,1.661,Yes
MRD-100261,2025-04-11,C31551,Retail,Bengaluru,Bengaluru South,Mobile App,Wallet,Electronics,1,4135.16,20.0,3308.13,6.9,3.5,4,1.694,No
MRD-103295,2025-04-11,C49507,Retail,Mumbai,Mumbai West,Mobile App,Cash on Delivery,Electronics,2,4301.61,5.0,8173.06,8.5,3.6,4,1.601,No
MRD-101739,2025-04-11,C84575,Retail,Bengaluru,Bengaluru South,Mobile App,Debit Card,Home & Kitchen,2,3665.29,5.0,6964.05,14.0,6.0,4,1.59,No
MRD-103175,2025-04-11,C27296,Retail,Delhi NCR,Delhi NCR,Mobile App,Cash on Delivery,Home & Kitchen,1,2487.38,5.0,2363.01,11.7,4.2,5,1.927,No
MRD-103120,2025-04-11,C51511,Retail,Mumbai,Mumbai West,Mobile App,Cash on Delivery,Apparel,2,1873.13,10.0,3371.63,30.7,3.2,3,1.656,No
MRD-102600,2025-04-11,C62918,Retail,Bengaluru,Bengaluru South,Mobile App,UPI,Grocery,3,212.58,0.0,637.74,3.6,5.3,4,1.602,No
MRD-103811,2025-04-11,C17969,Retail,Mumbai,Mumbai West,Website,UPI,Grocery,1,176.31,5.0,167.49,4.6,3.0,5,2.658,No
MRD-100364,2025-04-11,C65389,Retail,Mumbai,Mumbai West,Mobile App,UPI,Home & Kitchen,3,551.91,0.0,1655.73,19.7,3.8,4,1.601,No
MRD-101046,2025-04-11,C21584,Retail,Mumbai,Mumbai West,Mobile App,Debit Card,Grocery,3,155.97,5.0,444.51,3.9,2.6,5,1.802,No
MRD-101086,2025-04-11,C25158,Retail,Bengaluru,Bengaluru South,Mobile App,UPI,Grocery,2,323.66,0.0,647.32,5.2,4.6,4,1.428,No
MRD-100714,2025-04-11,C62842,Retail,Bengaluru,Bengaluru South,Mobile App,Debit Card,Apparel,1,1238.36,0.0,1238.36,40.1,3.7,5,1.604,Yes
MRD-102056,2025-04-11,C86819,Retail,Delhi NCR,Delhi NCR,Mobile App,UPI,Grocery,1,260.02,0.0,260.02,2.9,4.1,4,2.238,No
MRD-100037,2025-04-11,C33629,Retail,Mumbai,Mumbai West,Mobile App,Cash on Delivery,Beauty,1,885.15,0.0,885.15,27.3,2.5,4,1.48,No
MRD-102403,2025-04-11,C29829,Retail,Mumbai,Mumbai West,Mobile App,Debit Card,Grocery,2,263.52,20.0,421.63,4.1,2.7,3,2.688,No
MRD-102166,2025-04-11,C99412,Retail,Bengaluru,Bengaluru South,Website,Wallet,Apparel,2,455.68,5.0,865.79,30.5,5.0,5,1.991,Yes
MRD-102148,2025-04-11,C19736,Retail,Mumbai,Mumbai West,Mobile App,UPI,Electronics,1,5720.54,5.0,5434.51,9.1,3.4,4,1.402,No
MRD-104553,2025-04-12,C21270,Retail,Delhi NCR,Delhi NCR,Mobile App,UPI,Electronics,1,11138.91,5.0,10581.96,9.6,3.5,5,1.95,No
MRD-104733,2025-04-12,C70846,Retail,Mumbai,Mumbai West,Mobile App,Credit Card,Grocery,3,211.49,10.0,571.02,5.0,2.3,3,1.347,No
MRD-104275,2025-04-12,C90799,Retail,Bengaluru,Bengaluru South,Website,Debit Card,Apparel,3,883.87,10.0,2386.45,30.3,4.6,1,0.361,No
MRD-104819,2025-04-12,C52671,Retail,Mumbai,Mumbai West,Mobile App,UPI,Grocery,1,155.64,0.0,155.64,3.8,3.2,5,1.573,No
MRD-104182,2025-04-12,C54945,Retail,Bengaluru,Bengaluru South,Mobile App,Credit Card,Electronics,1,17781.2,15.0,15114.02,9.5,6.1,4,2.338,No
MRD-104181,2025-04-12,C33173,Corporate,Bengaluru,Bengaluru South,Mobile App,Credit Card,Electronics,35,1728.37,9.5,54746.12,7.8,1.9,4,1.203,No
MRD-100466,2025-04-12,C24196,Corporate,Mumbai,Mumbai West,Mobile App,UPI,Electronics,27,4286.02,23.0,89106.36,13.2,3.0,1,2.136,No
MRD-104129,2025-04-12,C84406,Retail,Mumbai,Mumbai West,Mobile App,Credit Card,Electronics,3,6187.11,20.0,14849.06,7.3,3.5,2,1.341,No
MRD-102436,2025-04-12,C91853,Retail,Mumbai,Mumbai West,Website,Debit Card,Home & Kitchen,1,2136.07,20.0,1708.86,17.0,4.1,2,2.384,Yes
MRD-101608,2025-04-12,C18771,Retail,Mumbai,Mumbai West,Mobile App,UPI,Grocery,1,284.23,10.0,255.81,3.1,2.0,5,2.55,No
MRD-100867,2025-04-12,C33980,Retail,Delhi NCR,Delhi NCR,Website,UPI,Home & Kitchen,2,5719.86,15.0,9723.76,9.1,1.0,5,1.847,No
MRD-101646,2025-04-12,C90759,Retail,Mumbai,Mumbai West,Marketplace,UPI,Apparel,1,1089.49,15.0,926.07,26.4,4.5,1,2.588,No
MRD-103576,2025-04-12,C27776,Retail,Bengaluru,Bengaluru South,Website,UPI,Apparel,1,630.9,15.0,536.26,39.1,3.5,5,1.625,No
MRD-101148,2025-04-13,C73259,Retail,Mumbai,Mumbai West,Marketplace,Credit Card,Electronics,1,5517.31,15.0,4689.71,5.1,3.8,3,1.398,No
MRD-102029,2025-04-13,C72779,Retail,Bengaluru,Bengaluru South,Website,UPI,Apparel,1,2460.19,5.0,2337.18,29.1,2.1,4,1.675,No
MRD-102222,2025-04-13,C34662,Retail,Delhi NCR,Delhi NCR,Website,Net Banking,Apparel,1,961.02,0.0,961.02,34.9,3.9,4,1.794,No
MRD-100157,2025-04-13,C29582,Retail,Mumbai,Mumbai West,Mobile App,Debit Card,Apparel,1,2115.47,5.0,2009.7,24.2,3.6,4,2.041,No
MRD-102730,2025-04-13,C62395,Retail,Bengaluru,Bengaluru South,Marketplace,UPI,Grocery,1,242.02,0.0,242.02,4.8,1.4,5,2.287,No
MRD-104909,2025-04-13,C72965,Retail,Bengaluru,Bengaluru South,Mobile App,Credit Card,Electronics,1,3508.68,10.0,3157.81,10.6,5.2,4,2.152,No
MRD-104093,2025-04-13,C41679,Corporate,Bengaluru,Bengaluru South,Mobile App,UPI,Home & Kitchen,31,2796.93,24.0,65895.67,12.8,1.0,5,1.689,No
MRD-102711,2025-04-13,C34797,Corporate,Bengaluru,Bengaluru South,Website,Cash on Delivery,Electronics,32,5726.76,25.3,136892.47,8.8,2.9,4,1.636,No
MRD-103027,2025-04-13,C47673,Retail,Bengaluru,Bengaluru South,Marketplace,UPI,Home & Kitchen,2,5050.69,0.0,10101.38,13.5,3.4,1,1.623,No
MRD-100592,2025-04-14,C58648,Retail,Delhi NCR,Delhi NCR,Mobile App,Cash on Delivery,Electronics,1,1523.2,0.0,1523.2,7.6,1.7,3,1.806,No
MRD-104392,2025-04-14,C40954,Retail,Mumbai,Mumbai West,Website,Cash on Delivery,Home & Kitchen,2,2194.81,0.0,4389.62,18.5,2.7,2,1.589,No
MRD-101335,2025-04-14,C46882,Retail,Bengaluru,Bengaluru South,Mobile App,UPI,Apparel,3,1648.97,0.0,4946.91,37.4,6.8,4,1.242,No
MRD-103981,2025-04-14,C38097,Retail,Mumbai,Mumbai West,Mobile App,Credit Card,Electronics,1,1302.81,0.0,1302.81,8.9,3.7,1,1.559,No
MRD-103549,2025-04-14,C52021,Retail,Mumbai,Mumbai West,Website,Debit Card,Electronics,1,4011.3,15.0,3409.6,8.6,4.3,1,1.876,Yes
MRD-104352,2025-04-14,C74088,Corporate,Mumbai,Mumbai West,Mobile App,UPI,Beauty,35,537.61,27.4,13660.67,29.4,3.8,5,1.92,No
MRD-104049,2025-04-14,C25485,Retail,Bengaluru,Bengaluru South,Mobile App,Wallet,Apparel,4,1281.46,15.0,4356.96,28.0,2.7,4,1.437,Yes
MRD-100081,2025-04-14,C39621,Retail,Mumbai,Mumbai West,Website,UPI,Home & Kitchen,1,955.57,0.0,955.57,13.7,3.1,4,1.597,No
MRD-101132,2025-04-14,C97677,Retail,Bengaluru,Bengaluru South,Mobile App,UPI,Electronics,1,5544.45,0.0,5544.45,6.3,2.5,5,2.348,No
MRD-101918,2025-04-14,C89288,Retail,Delhi NCR,Delhi NCR,Marketplace,Credit Card,Electronics,1,12890.57,15.0,10956.98,6.8,1.1,5,1.734,No
MRD-102584,2025-04-14,C19824,Retail,Delhi NCR,Delhi NCR,Mobile App,Credit Card,Electronics,1,3256.57,0.0,3256.57,8.3,1.0,1,2.214,No
MRD-100996,2025-04-14,C97980,Retail,Delhi NCR,Delhi NCR,Mobile App,Cash on Delivery,Apparel,1,362.24,0.0,362.24,29.6,3.8,3,1.716,Yes
MRD-100061,2025-04-14,C31814,Retail,Bengaluru,Bengaluru South,Mobile App,UPI,Apparel,3,958.65,0.0,2875.95,37.0,2.3,4,1.978,No
MRD-102873,2025-04-14,C62758,Retail,Bengaluru,Bengaluru South,Mobile App,Wallet,Apparel,1,1004.86,20.0,803.89,31.0,2.2,3,1.774,No
MRD-102426,2025-04-15,C95854,Retail,Bengaluru,Bengaluru South,Mobile App,UPI,Home & Kitchen,2,2553.91,15.0,4341.65,17.2,3.8,4,2.153,No
MRD-103007,2025-04-15,C80331,Retail,Delhi NCR,Delhi NCR,Mobile App,Cash on Delivery,Apparel,2,2810.71,10.0,5059.28,42.1,6.4,5,1.074,No
MRD-102558,2025-04-15,C16190,Retail,Bengaluru,Bengaluru South,Mobile App,UPI,Apparel,1,464.56,20.0,371.65,26.6,2.0,2,2.079,Yes
MRD-104836,2025-04-15,C47735,Retail,Mumbai,Mumbai West,Mobile App,Credit Card,Grocery,3,232.17,20.0,557.21,1.9,3.4,5,1.606,No
MRD-103456,2025-04-15,C24867,Retail,Mumbai,Mumbai West,Website,Credit Card,Grocery,1,130.19,5.0,123.68,6.5,3.4,5,2.058,No
MRD-101356,2025-04-15,C32738,Retail,Bengaluru,Bengaluru South,Mobile App,UPI,Beauty,2,417.83,0.0,835.66,28.6,1.4,4,1.978,No
MRD-103348,2025-04-15,C98552,Retail,Delhi NCR,Delhi NCR,Website,Wallet,Beauty,1,682.63,5.0,648.5,27.8,1.7,1,1.873,No
MRD-102869,2025-04-15,C87571,Retail,Mumbai,Mumbai West,Mobile App,Credit Card,Electronics,2,3553.02,5.0,6750.74,10.1,3.3,4,1.75,No
MRD-100946,2025-04-15,C44020,Retail,Bengaluru,Bengaluru South,Marketplace,Debit Card,Grocery,1,254.37,0.0,254.37,4.4,2.5,5,2.117,No
MRD-101941,2025-04-16,C13477,Retail,Mumbai,Mumbai West,Website,UPI,Apparel,1,2222.97,0.0,2222.97,36.1,3.8,1,1.474,No
MRD-101852,2025-04-16,C51772,Retail,Mumbai,Mumbai West,Mobile App,Net Banking,Electronics,1,2417.65,0.0,2417.65,9.6,3.5,3,1.623,No
MRD-101862,2025-04-16,C35791,Retail,Mumbai,Mumbai West,Website,UPI,Grocery,1,249.13,10.0,224.22,2.5,3.2,5,1.271,No
MRD-103399,2025-04-16,C10794,Retail,Delhi NCR,Delhi NCR,Mobile App,Cash on Delivery,Electronics,2,2302.32,10.0,4144.18,9.3,6.8,5,2.618,No
MRD-102200,2025-04-16,C77512,Corporate,Mumbai,Mumbai West,Mobile App,Debit Card,Grocery,25,228.51,24.5,4313.13,3.1,3.4,5,1.319,No
MRD-103914,2025-04-16,C29763,Retail,Bengaluru,Bengaluru South,Mobile App,UPI,Electronics,1,7770.38,20.0,6216.3,8.8,1.9,4,1.472,No
MRD-100582,2025-04-16,C44365,Retail,Mumbai,Mumbai West,Marketplace,Debit Card,Apparel,1,582.62,15.0,495.23,33.6,2.9,4,2.19,No
MRD-103919,2025-04-16,C78472,Corporate,Mumbai,Mumbai West,Marketplace,Cash on Delivery,Apparel,33,1314.04,18.9,35167.65,28.8,3.6,1,1.563,Yes
MRD-103119,2025-04-16,C59769,Retail,Bengaluru,Bengaluru South,Website,Credit Card,Apparel,1,622.02,0.0,622.02,36.4,1.0,2,1.41,No
MRD-101753,2025-04-16,C13371,Retail,Bengaluru,Bengaluru South,Mobile App,Credit Card,Grocery,1,297.63,0.0,297.63,3.2,3.0,4,2.25,No
MRD-104466,2025-04-16,C41205,Retail,Delhi NCR,Delhi NCR,Mobile App,UPI,Electronics,2,1369.69,10.0,2465.44,9.3,5.1,2,1.735,Yes
MRD-100431,2025-04-16,C35992,Retail,Delhi NCR,Delhi NCR,Mobile App,UPI,Electronics,2,2770.04,0.0,5540.08,5.0,1.4,4,1.447,No
MRD-102962,2025-04-16,C98053,Retail,Delhi NCR,Delhi NCR,Mobile App,Debit Card,Apparel,2,854.32,0.0,1708.64,34.9,2.5,5,2.076,No
MRD-100421,2025-04-16,C58020,Retail,Delhi NCR,Delhi NCR,Mobile App,UPI,Apparel,2,615.66,0.0,1231.32,37.0,1.6,5,2.087,No
MRD-100258,2025-04-16,C18872,Retail,Bengaluru,Bengaluru South,Mobile App,UPI,Grocery,4,233.76,0.0,935.04,4.9,4.2,1,2.202,Yes
MRD-102865,2025-04-16,C54783,Retail,Mumbai,Mumbai West,Mobile App,Credit Card,Home & Kitchen,2,1609.96,0.0,3219.92,22.5,3.2,2,1.707,No
MRD-103982,2025-04-16,C93796,Retail,Delhi NCR,Delhi NCR,Mobile App,UPI,Electronics,2,5665.17,20.0,9064.27,5.6,5.0,5,0.973,No
MRD-101818,2025-04-16,C89355,Retail,Mumbai,Mumbai West,Mobile App,UPI,Grocery,2,188.48,5.0,358.11,4.5,3.6,4,2.23,No
MRD-100260,2025-04-16,C52477,Retail,Mumbai,Mumbai West,Website,Net Banking,Apparel,2,883.88,10.0,1590.98,27.5,3.0,2,2.236,Yes
MRD-104460,2025-04-16,C25030,Retail,Delhi NCR,Delhi NCR,Website,Cash on Delivery,Apparel,3,913.26,15.0,2328.81,25.9,2.2,5,2.296,No
MRD-102129,2025-04-17,C94017,Retail,Mumbai,Mumbai West,Mobile App,Credit Card,Apparel,3,432.87,5.0,1233.68,30.4,2.9,4,1.59,Yes
MRD-104676,2025-04-17,C18488,Retail,Bengaluru,Bengaluru South,Mobile App,UPI,Grocery,2,171.61,5.0,326.06,3.4,3.2,2,1.732,Yes
MRD-102293,2025-04-17,C91833,Retail,Delhi NCR,Delhi NCR,Marketplace,UPI,Grocery,2,256.68,20.0,410.69,5.3,5.4,4,1.255,No
MRD-104574,2025-04-17,C48983,Retail,Bengaluru,Bengaluru South,Website,Credit Card,Grocery,1,252.77,0.0,252.77,2.9,4.4,5,1.65,No
MRD-100688,2025-04-17,C40526,Retail,Bengaluru,Bengaluru South,Website,UPI,Apparel,1,838.5,0.0,838.5,36.6,3.2,1,1.965,Yes
MRD-104838,2025-04-17,C32747,Retail,Mumbai,Mumbai West,Mobile App,Debit Card,Electronics,3,4966.49,20.0,11919.58,6.1,3.9,5,2.116,No
MRD-104990,2025-04-17,C38937,Corporate,Bengaluru,Bengaluru South,Mobile App,Cash on Delivery,Home & Kitchen,31,2846.29,10.0,79411.49,19.4,1.1,4,1.438,No
MRD-100228,2025-04-17,C39436,Retail,Delhi NCR,Delhi NCR,Website,UPI,Grocery,2,242.9,0.0,485.8,4.8,1.0,4,1.499,No
MRD-104306,2025-04-17,C93525,Retail,Mumbai,Mumbai West,Mobile App,Debit Card,Grocery,3,170.37,5.0,485.55,4.1,4.1,5,1.954,No
MRD-100921,2025-04-17,C18857,Retail,Mumbai,Mumbai West,Mobile App,UPI,Beauty,3,880.27,0.0,2640.81,26.0,4.0,3,1.695,No
MRD-103637,2025-04-17,C23621,Retail,Bengaluru,Bengaluru South,Mobile App,Credit Card,Home & Kitchen,1,2057.8,10.0,1852.02,18.9,2.8,5,1.902,No
MRD-101813,2025-04-17,C55548,Retail,Mumbai,Mumbai West,Mobile App,Debit Card,Apparel,1,841.71,20.0,673.37,41.8,4.0,5,2.121,No
MRD-104009,2025-04-17,C18192,Retail,Mumbai,Mumbai West,Mobile App,UPI,Electronics,2,5931.35,0.0,11862.7,9.4,3.0,4,1.849,No
MRD-102724,2025-04-17,C85048,Retail,Mumbai,Mumbai West,Website,UPI,Apparel,2,2500.35,0.0,5000.7,37.5,3.6,4,1.845,Yes
MRD-100313,2025-04-17,C11624,Retail,Bengaluru,Bengaluru South,Mobile App,Credit Card,Apparel,1,507.02,10.0,456.32,37.9,2.1,3,1.99,No
MRD-103843,2025-04-17,C43833,Retail,Mumbai,Mumbai West,Mobile App,Credit Card,Beauty,1,1033.45,15.0,878.43,29.6,3.1,4,2.092,No
MRD-101182,2025-04-17,C88662,Retail,Bengaluru,Bengaluru South,Mobile App,Cash on Delivery,Home & Kitchen,3,2299.33,0.0,6897.99,15.9,1.6,4,2.459,No
MRD-102890,2025-04-17,C50992,Retail,Bengaluru,Bengaluru South,Mobile App,Debit Card,Beauty,2,1166.43,20.0,1866.29,27.2,3.4,5,1.69,No
MRD-104287,2025-04-17,C18129,Retail,Bengaluru,Bengaluru South,Mobile App,UPI,Grocery,3,190.43,5.0,542.73,5.0,3.5,5,1.55,No
MRD-101766,2025-04-17,C27781,Retail,Delhi NCR,Delhi NCR,Mobile App,Debit Card,Electronics,1,3752.54,0.0,3752.54,9.2,7.0,4,1.587,No
MRD-101400,2025-04-17,C59269,Retail,Mumbai,Mumbai West,Mobile App,Wallet,Grocery,2,262.85,15.0,446.84,5.8,3.9,4,1.856,No
MRD-101474,2025-04-17,C96632,Retail,Mumbai,Mumbai West,Mobile App,UPI,Electronics,3,5973.21,0.0,17919.63,6.9,4.3,4,2.256,No
MRD-100806,2025-04-18,C33275,Retail,Bengaluru,Bengaluru South,Mobile App,Wallet,Grocery,3,456.0,5.0,1299.6,4.2,2.9,5,1.653,No
MRD-101318,2025-04-18,C76164,Corporate,Bengaluru,Bengaluru South,Mobile App,Cash on Delivery,Grocery,28,202.1,8.7,5166.48,5.1,2.5,5,1.522,No
MRD-101204,2025-04-18,C11571,Retail,Mumbai,Mumbai West,Mobile App,Debit Card,Home & Kitchen,1,1750.11,5.0,1662.6,20.6,2.9,4,2.251,No
MRD-100710,2025-04-18,C66328,Retail,Mumbai,Mumbai West,Mobile App,Cash on Delivery,Apparel,2,1876.3,15.0,3189.71,33.6,2.4,5,1.812,No
MRD-100504,2025-04-18,C76484,Retail,Delhi NCR,Delhi NCR,Website,UPI,Grocery,2,170.18,10.0,306.32,4.3,3.8,3,2.1,No
MRD-101825,2025-04-18,C52273,Corporate,Bengaluru,Bengaluru South,Website,UPI,Electronics,24,3848.95,23.2,70943.85,6.7,1.8,5,1.857,No
MRD-102499,2025-04-18,C29707,Retail,Bengaluru,Bengaluru South,Mobile App,UPI,Apparel,2,426.82,0.0,853.64,30.1,4.6,4,2.04,No
MRD-103442,2025-04-18,C17166,Retail,Mumbai,Mumbai West,Mobile App,Credit Card,Electronics,1,6693.24,0.0,6693.24,3.9,3.8,4,2.017,No
MRD-103454,2025-04-18,C26670,Retail,Delhi NCR,Delhi NCR,Mobile App,Debit Card,Apparel,2,1401.89,15.0,2383.21,36.2,5.8,5,3.001,No
MRD-103215,2025-04-18,C78742,Retail,Mumbai,Mumbai West,Website,Cash on Delivery,Electronics,4,6720.25,0.0,26881.0,6.0,3.4,2,1.735,No
MRD-103897,2025-04-18,C88403,Retail,Bengaluru,Bengaluru South,Website,UPI,Apparel,1,2202.91,20.0,1762.33,28.0,2.3,4,1.236,No
MRD-103898,2025-04-18,C89884,Retail,Mumbai,Mumbai West,Mobile App,Wallet,Grocery,1,202.08,15.0,171.77,4.0,2.9,1,2.456,Yes
MRD-102651,2025-04-18,C58768,Retail,Mumbai,Mumbai West,Mobile App,Wallet,Apparel,3,1276.34,10.0,3446.12,36.6,3.3,5,2.49,Yes
MRD-104504,2025-04-18,C91569,Retail,Bengaluru,Bengaluru South,Mobile App,UPI,Home & Kitchen,2,1265.45,20.0,2024.72,20.3,2.5,5,1.215,No
MRD-100055,2025-04-18,C77590,Retail,Bengaluru,Bengaluru South,Mobile App,Credit Card,Home & Kitchen,4,1229.9,0.0,4919.6,17.1,1.2,5,1.695,No
MRD-103125,2025-04-19,C87307,Retail,Mumbai,Mumbai West,Mobile App,UPI,Apparel,2,573.85,0.0,1147.7,24.8,2.9,1,1.57,Yes
MRD-102969,2025-04-19,C40611,Corporate,Mumbai,Mumbai West,Website,Debit Card,Grocery,35,216.55,22.7,5858.76,2.9,3.7,3,1.199,Yes
MRD-102968,2025-04-19,C63129,Corporate,Mumbai,Mumbai West,Mobile App,Credit Card,Electronics,33,7834.92,10.3,231921.47,4.2,3.4,5,1.292,No
MRD-100087,2025-04-19,C20685,Retail,Mumbai,Mumbai West,Website,UPI,Home & Kitchen,3,847.65,0.0,2542.95,10.8,3.4,5,1.732,Yes
MRD-102599,2025-04-19,C23358,Retail,Bengaluru,Bengaluru South,Website,UPI,Home & Kitchen,2,3542.33,20.0,5667.73,13.3,5.1,2,1.842,Yes
MRD-104139,2025-04-19,C52899,Retail,Mumbai,Mumbai West,Mobile App,Cash on Delivery,Electronics,2,976.53,10.0,1757.75,10.7,2.3,5,1.548,No
MRD-102672,2025-04-19,C70107,Retail,Delhi NCR,Delhi NCR,Marketplace,UPI,Grocery,2,288.25,0.0,576.5,4.4,5.1,2,1.298,No
MRD-103527,2025-04-19,C21403,Retail,Delhi NCR,Delhi NCR,Mobile App,UPI,Beauty,2,625.86,15.0,1063.96,20.0,3.2,4,2.205,No
MRD-100631,2025-04-19,C96548,Retail,Bengaluru,Bengaluru South,Website,Debit Card,Apparel,4,562.26,0.0,2249.04,41.8,3.8,3,1.523,No
MRD-101504,2025-04-19,C69646,Retail,Delhi NCR,Delhi NCR,Mobile App,Credit Card,Apparel,2,1146.46,0.0,2292.92,29.3,1.5,3,1.787,Yes
MRD-100603,2025-04-19,C19164,Retail,Bengaluru,Bengaluru South,Website,Credit Card,Apparel,2,580.34,0.0,1160.68,38.0,7.0,5,2.089,No
MRD-102336,2025-04-19,C60699,Retail,Mumbai,Mumbai West,Mobile App,UPI,Apparel,3,1764.34,20.0,4234.42,44.3,2.7,5,2.331,No
MRD-104989,2025-04-19,C97623,Corporate,Mumbai,Mumbai West,Website,UPI,Grocery,36,228.35,17.9,6749.11,2.4,4.1,4,2.453,No
MRD-104905,2025-04-20,C55261,Retail,Bengaluru,Bengaluru South,Mobile App,Cash on Delivery,Grocery,2,232.3,20.0,371.68,4.4,4.1,5,1.664,No
MRD-104813,2025-04-20,C92856,Retail,Mumbai,Mumbai West,Mobile App,Debit Card,Home & Kitchen,1,2154.14,10.0,1938.73,15.5,2.9,5,1.549,Yes
MRD-104437,2025-04-20,C22901,Retail,Delhi NCR,Delhi NCR,Marketplace,UPI,Apparel,1,832.34,10.0,749.11,32.0,1.9,4,1.405,No
MRD-103657,2025-04-20,C48332,Corporate,Delhi NCR,Delhi NCR,Mobile App,UPI,Apparel,32,688.66,14.8,18775.63,31.9,1.0,2,2.231,Yes
MRD-102704,2025-04-20,C33642,Retail,Mumbai,Mumbai West,Mobile App,Credit Card,Apparel,1,403.54,15.0,343.01,32.0,2.3,5,2.003,No
MRD-103163,2025-04-20,C59381,Retail,Bengaluru,Bengaluru South,Mobile App,Credit Card,Beauty,2,398.58,20.0,637.73,26.8,2.3,2,0.513,Yes
MRD-102082,2025-04-20,C47623,Retail,Bengaluru,Bengaluru South,Mobile App,UPI,Electronics,1,2989.49,0.0,2989.49,9.7,3.6,5,1.36,No
MRD-103907,2025-04-20,C97911,Retail,Mumbai,Mumbai West,Mobile App,Debit Card,Grocery,3,252.51,0.0,757.53,3.1,3.8,5,1.661,No
MRD-103580,2025-04-20,C82194,Retail,Mumbai,Mumbai West,Website,Debit Card,Electronics,2,1139.75,0.0,2279.5,7.6,4.4,5,1.9,No
MRD-104045,2025-04-20,C56001,Retail,Bengaluru,Bengaluru South,Mobile App,Cash on Delivery,Grocery,1,330.47,0.0,330.47,5.7,3.0,5,1.995,No
MRD-101938,2025-04-20,C69878,Retail,Mumbai,Mumbai West,Mobile App,Debit Card,Electronics,4,2200.9,5.0,8363.42,7.3,2.5,4,2.082,No
MRD-100820,2025-04-20,C12907,Retail,Mumbai,Mumbai West,Mobile App,Debit Card,Apparel,1,1078.05,5.0,1024.15,33.3,2.8,5,1.964,Yes
MRD-103077,2025-04-20,C98670,Retail,Bengaluru,Bengaluru South,Website,UPI,Apparel,1,1059.82,0.0,1059.82,37.5,5.2,5,1.541,No
MRD-100263,2025-04-20,C70067,Retail,Bengaluru,Bengaluru South,Mobile App,Credit Card,Grocery,1,183.97,0.0,183.97,5.2,3.0,4,2.007,No
MRD-102231,2025-04-21,C34566,Retail,Mumbai,Mumbai West,Mobile App,UPI,Grocery,1,231.86,0.0,231.86,4.7,3.6,5,2.41,No
MRD-103193,2025-04-21,C31458,Retail,Delhi NCR,Delhi NCR,Mobile App,Debit Card,Grocery,1,163.86,5.0,155.67,3.6,3.5,4,1.084,No
MRD-103779,2025-04-21,C11888,Retail,Mumbai,Mumbai West,Mobile App,UPI,Beauty,1,571.11,15.0,485.44,23.5,3.0,5,2.129,No
MRD-102198,2025-04-21,C57402,Retail,Delhi NCR,Delhi NCR,Mobile App,Net Banking,Grocery,1,195.0,20.0,156.0,4.5,2.9,2,1.665,No
MRD-104245,2025-04-21,C11016,Retail,Mumbai,Mumbai West,Mobile App,Net Banking,Home & Kitchen,2,976.03,0.0,1952.06,17.5,3.1,2,1.684,No
MRD-104683,2025-04-21,C83836,Retail,Mumbai,Mumbai West,Mobile App,UPI,Apparel,1,1554.82,10.0,1399.34,35.1,3.0,5,1.674,No
MRD-102442,2025-04-21,C15682,Retail,Mumbai,Mumbai West,Mobile App,UPI,Grocery,2,266.24,5.0,505.86,5.5,3.9,4,2.741,No
MRD-103362,2025-04-21,C54532,Retail,Bengaluru,Bengaluru South,Mobile App,Cash on Delivery,Electronics,4,3681.79,0.0,14727.16,8.6,3.2,2,1.234,No
MRD-101410,2025-04-21,C99437,Retail,Mumbai,Mumbai West,Mobile App,Net Banking,Home & Kitchen,3,3645.06,5.0,10388.42,13.5,3.7,2,1.661,No
MRD-102623,2025-04-21,C26988,Retail,Mumbai,Mumbai West,Website,Credit Card,Grocery,1,221.59,5.0,210.51,4.3,3.7,5,2.781,No
MRD-104609,2025-04-21,C51907,Corporate,Bengaluru,Bengaluru South,Website,Credit Card,Apparel,27,1309.69,16.0,29703.77,35.5,2.9,4,1.684,No
MRD-100301,2025-04-21,C30774,Retail,Mumbai,Mumbai West,Marketplace,UPI,Apparel,2,1111.98,20.0,1779.17,33.2,3.3,5,1.596,No
MRD-103892,2025-04-21,C45892,Retail,Bengaluru,Bengaluru South,Mobile App,UPI,Grocery,1,195.44,0.0,195.44,5.2,3.5,5,1.326,No
MRD-102225,2025-04-22,C48368,Retail,Bengaluru,Bengaluru South,Mobile App,Credit Card,Grocery,1,213.49,0.0,213.49,4.3,4.3,1,1.624,No
MRD-103804,2025-04-22,C24695,Retail,Mumbai,Mumbai West,Website,UPI,Grocery,1,174.03,5.0,165.33,5.0,3.1,5,1.027,No
MRD-100981,2025-04-22,C10795,Retail,Delhi NCR,Delhi NCR,Mobile App,Credit Card,Grocery,2,224.71,20.0,359.54,5.8,1.5,4,2.174,No
MRD-103974,2025-04-22,C12688,Corporate,Bengaluru,Bengaluru South,Website,Credit Card,Electronics,32,2334.7,8.5,68360.02,6.0,2.4,5,2.099,No
MRD-104883,2025-04-22,C68358,Retail,Bengaluru,Bengaluru South,Website,Credit Card,Home & Kitchen,2,2435.31,10.0,4383.56,16.7,6.9,4,1.451,No
MRD-101297,2025-04-22,C34680,Retail,Mumbai,Mumbai West,Mobile App,UPI,Apparel,5,684.16,5.0,3249.76,32.4,3.4,3,1.874,Yes
MRD-103412,2025-04-22,C28676,Retail,Mumbai,Mumbai West,Mobile App,Cash on Delivery,Home & Kitchen,2,1517.65,15.0,2580.0,21.1,3.4,5,1.125,No
MRD-102683,2025-04-22,C20515,Retail,Bengaluru,Bengaluru South,Website,Cash on Delivery,Apparel,2,1033.16,20.0,1653.06,37.8,3.0,4,1.4,No
MRD-103154,2025-04-22,C88782,Retail,Bengaluru,Bengaluru South,Website,UPI,Home & Kitchen,4,993.47,5.0,3775.19,15.9,5.1,4,1.897,No
MRD-102483,2025-04-22,C12409,Retail,Bengaluru,Bengaluru South,Mobile App,Credit Card,Electronics,3,5113.3,0.0,15339.9,6.4,2.3,5,2.169,No
MRD-102782,2025-04-22,C89869,Retail,Bengaluru,Bengaluru South,Mobile App,Credit Card,Beauty,1,521.84,0.0,521.84,24.7,3.1,4,1.327,No
MRD-103100,2025-04-22,C44902,Retail,Delhi NCR,Delhi NCR,Website,UPI,Home & Kitchen,3,1995.95,0.0,5987.85,18.6,3.1,5,1.948,No
MRD-102531,2025-04-22,C89221,Retail,Mumbai,Mumbai West,Mobile App,Credit Card,Home & Kitchen,2,531.5,0.0,1063.0,12.7,3.2,4,1.884,No
MRD-100270,2025-04-22,C99913,Retail,Bengaluru,Bengaluru South,Mobile App,Credit Card,Home & Kitchen,1,2945.24,20.0,2356.19,15.1,1.0,4,1.911,No
MRD-102287,2025-04-22,C41516,Retail,Delhi NCR,Delhi NCR,Website,UPI,Apparel,2,1230.94,20.0,1969.5,25.3,4.5,4,2.116,No
MRD-102381,2025-04-22,C40474,Retail,Delhi NCR,Delhi NCR,Website,Wallet,Home & Kitchen,1,2955.65,0.0,2955.65,16.4,2.8,4,1.816,No
MRD-101162,2025-04-23,C99111,Retail,Delhi NCR,Delhi NCR,Mobile App,Credit Card,Electronics,1,7557.93,5.0,7180.03,2.8,1.0,4,1.887,No
MRD-104804,2025-04-23,C54856,Retail,Bengaluru,Bengaluru South,Marketplace,Debit Card,Apparel,3,679.41,10.0,1834.41,30.5,2.1,4,2.121,No
MRD-104853,2025-04-23,C68669,Corporate,Mumbai,Mumbai West,Marketplace,UPI,Home & Kitchen,41,2116.94,24.9,65182.7,22.3,4.6,2,2.401,No
MRD-103659,2025-04-23,C17061,Retail,Mumbai,Mumbai West,Mobile App,UPI,Apparel,3,1329.72,5.0,3789.7,30.7,2.1,5,2.031,No
MRD-100338,2025-04-23,C28692,Retail,Mumbai,Mumbai West,Website,UPI,Beauty,2,883.34,0.0,1766.68,29.6,2.9,4,1.686,No
MRD-102487,2025-04-23,C69845,Retail,Mumbai,Mumbai West,Mobile App,UPI,Beauty,1,446.33,0.0,446.33,24.7,2.7,5,1.653,No
MRD-100709,2025-04-23,C91664,Retail,Delhi NCR,Delhi NCR,Website,UPI,Grocery,1,181.46,0.0,181.46,3.5,2.8,4,1.617,No
MRD-102465,2025-04-23,C12653,Retail,Bengaluru,Bengaluru South,Mobile App,UPI,Grocery,3,196.42,15.0,500.87,4.2,3.8,5,1.103,No
MRD-100135,2025-04-23,C69103,Retail,Bengaluru,Bengaluru South,Marketplace,Wallet,Apparel,1,2590.21,15.0,2201.68,31.4,3.1,1,2.38,No
MRD-100082,2025-04-23,C46985,Retail,Bengaluru,Bengaluru South,Website,Credit Card,Home & Kitchen,2,1506.88,0.0,3013.76,8.0,1.4,4,2.055,No
MRD-103941,2025-04-24,C90248,Retail,Bengaluru,Bengaluru South,Mobile App,Net Banking,Apparel,1,475.27,20.0,380.22,35.4,1.0,5,2.712,No
MRD-103951,2025-04-24,C19088,Retail,Bengaluru,Bengaluru South,Mobile App,UPI,Electronics,1,2760.48,0.0,2760.48,7.9,2.4,2,1.605,No
MRD-100052,2025-04-24,C18134,Retail,Bengaluru,Bengaluru South,Mobile App,Credit Card,Home & Kitchen,2,2291.7,20.0,3666.72,11.5,4.1,4,1.263,No
MRD-103912,2025-04-24,C50016,Retail,Mumbai,Mumbai West,Website,Credit Card,Apparel,1,1148.64,0.0,1148.64,34.2,2.2,5,1.603,No
MRD-100984,2025-04-24,C48117,Retail,Mumbai,Mumbai West,Website,Cash on Delivery,Apparel,1,1725.57,10.0,1553.01,22.6,2.6,4,1.251,No
MRD-100554,2025-04-24,C19594,Retail,Mumbai,Mumbai West,Marketplace,UPI,Apparel,3,1467.81,20.0,3522.74,14.8,3.8,4,2.765,Yes
MRD-102477,2025-04-24,C73126,Retail,Bengaluru,Bengaluru South,Mobile App,UPI,Apparel,1,1291.81,15.0,1098.04,32.6,2.1,5,1.202,No
MRD-102636,2025-04-24,C75592,Retail,Bengaluru,Bengaluru South,Marketplace,Net Banking,Grocery,2,159.75,0.0,319.5,2.4,5.7,3,1.815,No
MRD-103296,2025-04-24,C42813,Retail,Mumbai,Mumbai West,Mobile App,UPI,Electronics,2,3822.12,20.0,6115.39,9.1,3.6,1,1.18,Yes
MRD-103800,2025-04-24,C58983,Retail,Mumbai,Mumbai West,Mobile App,UPI,Home & Kitchen,2,2266.11,0.0,4532.22,21.5,2.8,4,2.53,No
MRD-103204,2025-04-24,C69667,Retail,Bengaluru,Bengaluru South,Mobile App,Cash on Delivery,Grocery,2,151.62,20.0,242.59,5.9,4.2,4,1.51,No
MRD-102295,2025-04-24,C78811,Retail,Bengaluru,Bengaluru South,Mobile App,Cash on Delivery,Electronics,1,4213.57,0.0,4213.57,7.8,2.5,5,2.097,No
MRD-103245,2025-04-24,C68825,Retail,Bengaluru,Bengaluru South,Mobile App,Net Banking,Home & Kitchen,5,2402.75,5.0,11413.06,19.7,2.4,3,1.918,No
MRD-100963,2025-04-25,C65406,Retail,Bengaluru,Bengaluru South,Website,Cash on Delivery,Apparel,2,701.49,0.0,1402.98,24.8,3.6,1,1.69,Yes
MRD-100336,2025-04-25,C16854,Retail,Mumbai,Mumbai West,Mobile App,Credit Card,Home & Kitchen,1,1288.61,0.0,1288.61,19.8,2.6,5,1.533,No
MRD-100585,2025-04-25,C16797,Retail,Bengaluru,Bengaluru South,Mobile App,Credit Card,Home & Kitchen,3,1540.51,15.0,3928.3,15.9,3.0,5,1.01,No
MRD-100344,2025-04-25,C85402,Retail,Mumbai,Mumbai West,Marketplace,UPI,Electronics,2,5437.97,0.0,10875.94,7.7,3.6,1,1.419,Yes
MRD-104617,2025-04-25,C53434,Retail,Bengaluru,Bengaluru South,Mobile App,UPI,Apparel,1,1286.79,0.0,1286.79,22.6,5.1,4,1.371,Yes
MRD-102554,2025-04-25,C44343,Corporate,Bengaluru,Bengaluru South,Mobile App,UPI,Apparel,25,2311.31,16.7,48133.03,31.8,4.2,4,1.859,No
MRD-101698,2025-04-25,C10005,Retail,Bengaluru,Bengaluru South,Website,Cash on Delivery,Electronics,1,4045.44,20.0,3236.35,8.3,1.9,5,2.757,No
MRD-104374,2025-04-26,C74996,Retail,Bengaluru,Bengaluru South,Website,UPI,Home & Kitchen,2,5578.63,0.0,11157.26,18.9,3.2,4,1.895,No
MRD-102871,2025-04-26,C36938,Retail,Bengaluru,Bengaluru South,Website,UPI,Grocery,4,171.8,15.0,584.12,3.8,3.3,4,2.344,No
MRD-101952,2025-04-26,C59101,Retail,Delhi NCR,Delhi NCR,Mobile App,UPI,Apparel,1,747.9,10.0,673.11,31.6,3.3,5,1.686,Yes
MRD-100381,2025-04-26,C68083,Retail,Delhi NCR,Delhi NCR,Website,Wallet,Electronics,2,2955.59,0.0,5911.18,7.2,4.4,4,2.389,No
MRD-104425,2025-04-26,C19624,Retail,Delhi NCR,Delhi NCR,Mobile App,Net Banking,Home & Kitchen,4,1911.08,15.0,6497.67,29.9,1.0,4,1.787,No
MRD-100048,2025-04-26,C16356,Retail,Delhi NCR,Delhi NCR,Website,Credit Card,Electronics,2,2995.62,0.0,5991.24,6.2,4.9,2,2.205,Yes
MRD-100866,2025-04-26,C36642,Retail,Bengaluru,Bengaluru South,Mobile App,UPI,Grocery,1,156.78,0.0,156.78,3.4,4.5,5,1.646,Yes
MRD-101166,2025-04-26,C76575,Retail,Delhi NCR,Delhi NCR,Mobile App,Net Banking,Home & Kitchen,1,2636.18,5.0,2504.37,16.2,3.2,4,1.985,No
MRD-100188,2025-04-26,C62016,Corporate,Bengaluru,Bengaluru South,Marketplace,Cash on Delivery,Apparel,34,549.51,9.4,16927.11,27.9,4.2,3,2.513,No
MRD-101867,2025-04-26,C93557,Retail,Delhi NCR,Delhi NCR,Mobile App,Credit Card,Electronics,2,1667.65,0.0,3335.3,9.0,1.0,4,1.376,No
MRD-102384,2025-04-26,C73462,Corporate,Delhi NCR,Delhi NCR,Mobile App,Debit Card,Grocery,27,226.82,20.0,4899.31,4.2,3.4,5,1.68,No
MRD-102646,2025-04-26,C69180,Retail,Mumbai,Mumbai West,Mobile App,UPI,Apparel,3,534.32,5.0,1522.81,37.8,3.0,5,2.299,Yes
MRD-103797,2025-04-26,C51523,Retail,Mumbai,Mumbai West,Mobile App,Wallet,Apparel,1,1441.59,5.0,1369.51,24.8,2.8,2,1.422,Yes
MRD-102135,2025-04-26,C71810,Retail,Bengaluru,Bengaluru South,Website,UPI,Electronics,1,10200.45,0.0,10200.45,9.8,1.0,4,2.385,No
MRD-100531,2025-04-26,C39426,Retail,Bengaluru,Bengaluru South,Website,Credit Card,Beauty,1,865.7,0.0,865.7,26.7,2.4,4,2.36,No
MRD-103512,2025-04-26,C44259,Retail,Delhi NCR,Delhi NCR,Website,Credit Card,Apparel,4,774.88,5.0,2944.54,24.4,10.5,2,1.558,No
MRD-102739,2025-04-26,C42465,Retail,Bengaluru,Bengaluru South,Mobile App,UPI,Home & Kitchen,2,486.36,0.0,972.72,22.5,5.4,5,0.983,No
MRD-100386,2025-04-27,C75264,Retail,Mumbai,Mumbai West,Website,Cash on Delivery,Grocery,1,140.68,20.0,112.54,4.8,3.7,5,1.724,Yes
MRD-100566,2025-04-27,C57085,Retail,Mumbai,Mumbai West,Marketplace,Wallet,Grocery,1,271.39,10.0,244.25,2.0,3.8,3,1.41,No
MRD-100373,2025-04-27,C42597,Retail,Mumbai,Mumbai West,Marketplace,UPI,Home & Kitchen,4,910.23,0.0,3640.92,17.2,3.6,1,2.32,No
MRD-101561,2025-04-27,C13135,Corporate,Bengaluru,Bengaluru South,Mobile App,UPI,Grocery,30,210.27,27.8,4554.45,4.4,3.0,3,1.929,No
MRD-103830,2025-04-27,C25528,Retail,Delhi NCR,Delhi NCR,Mobile App,Credit Card,Electronics,3,6062.36,0.0,18187.08,10.6,4.9,1,2.17,No
MRD-101668,2025-04-27,C83154,Retail,Mumbai,Mumbai West,Website,Debit Card,Apparel,2,1296.84,15.0,2204.63,31.2,3.4,4,2.103,No
MRD-103630,2025-04-27,C96814,Retail,Mumbai,Mumbai West,Website,Cash on Delivery,Beauty,1,666.73,0.0,666.73,24.2,3.4,4,1.558,No
MRD-101265,2025-04-27,C72479,Retail,Mumbai,Mumbai West,Website,Wallet,Home & Kitchen,1,4342.03,5.0,4124.93,24.4,2.1,5,2.305,No
MRD-101994,2025-04-27,C85003,Retail,Mumbai,Mumbai West,Marketplace,UPI,Apparel,2,536.09,5.0,1018.57,33.6,3.0,4,2.399,No
MRD-102808,2025-04-27,C92935,Retail,Mumbai,Mumbai West,Mobile App,UPI,Grocery,1,238.4,0.0,238.4,6.3,3.2,5,1.377,No
MRD-103609,2025-04-27,C37275,Retail,Mumbai,Mumbai West,Mobile App,Debit Card,Home & Kitchen,1,3691.03,10.0,3321.93,11.7,3.6,2,2.06,No
MRD-103906,2025-04-27,C27587,Retail,Delhi NCR,Delhi NCR,Marketplace,UPI,Grocery,3,203.03,20.0,487.27,6.1,1.0,4,1.484,No
MRD-101863,2025-04-27,C67414,Retail,Bengaluru,Bengaluru South,Marketplace,UPI,Electronics,1,3255.08,0.0,3255.08,8.0,5.8,3,1.677,No
MRD-101536,2025-04-27,C99150,Retail,Bengaluru,Bengaluru South,Marketplace,Credit Card,Apparel,2,309.74,0.0,619.48,25.3,6.4,5,1.62,No
MRD-101135,2025-04-27,C15139,Retail,Mumbai,Mumbai West,Website,Wallet,Beauty,3,614.77,15.0,1567.66,25.9,3.4,5,1.994,No
MRD-102771,2025-04-28,C64189,Corporate,Bengaluru,Bengaluru South,Marketplace,UPI,Electronics,28,8135.96,18.5,185662.61,13.6,1.9,4,1.441,No
MRD-102897,2025-04-28,C36225,Retail,Bengaluru,Bengaluru South,Mobile App,UPI,Grocery,2,179.25,20.0,286.8,3.0,3.8,5,2.168,No
MRD-104781,2025-04-28,C99146,Retail,Bengaluru,Bengaluru South,Website,Cash on Delivery,Home & Kitchen,5,1975.96,0.0,9879.8,19.5,1.3,4,2.332,No
MRD-101445,2025-04-28,C64508,Retail,Mumbai,Mumbai West,Website,Debit Card,Grocery,1,267.35,0.0,267.35,6.1,3.4,1,2.052,Yes
MRD-103334,2025-04-28,C33958,Retail,Bengaluru,Bengaluru South,Mobile App,Credit Card,Electronics,2,6964.35,0.0,13928.7,8.3,3.4,4,1.926,No
MRD-100891,2025-04-28,C68832,Corporate,Mumbai,Mumbai West,Marketplace,UPI,Grocery,27,170.4,19.3,3712.85,6.8,3.1,5,1.965,No
MRD-104999,2025-04-28,C63421,Corporate,Mumbai,Mumbai West,Mobile App,Credit Card,Apparel,30,853.45,12.7,22351.86,32.7,3.7,4,1.554,Yes
MRD-100126,2025-04-29,C43121,Retail,Bengaluru,Bengaluru South,Mobile App,UPI,Grocery,1,247.33,0.0,247.33,5.1,2.7,1,1.829,Yes
MRD-102551,2025-04-29,C38094,Retail,Bengaluru,Bengaluru South,Marketplace,Debit Card,Electronics,3,3023.78,10.0,8164.21,10.8,2.9,5,1.632,No
MRD-104760,2025-04-29,C19013,Corporate,Mumbai,Mumbai West,Mobile App,Cash on Delivery,Home & Kitchen,21,971.35,27.9,14707.21,17.4,2.8,5,1.438,No
MRD-103025,2025-04-29,C42424,Retail,Bengaluru,Bengaluru South,Mobile App,UPI,Apparel,2,974.7,0.0,1949.4,32.1,5.1,3,2.083,No
MRD-103760,2025-04-29,C55555,Retail,Delhi NCR,Delhi NCR,Website,UPI,Electronics,1,2949.38,20.0,2359.5,7.3,1.0,2,2.262,No
MRD-100759,2025-04-29,C63503,Corporate,Mumbai,Mumbai West,Mobile App,UPI,Electronics,27,3059.81,8.7,75427.38,7.1,3.7,4,2.04,No
MRD-102787,2025-04-29,C53693,Retail,Mumbai,Mumbai West,Website,Debit Card,Electronics,2,2086.46,5.0,3964.27,5.2,4.7,3,0.995,No
MRD-102240,2025-04-29,C47234,Retail,Delhi NCR,Delhi NCR,Mobile App,UPI,Home & Kitchen,2,1734.72,10.0,3122.5,24.5,3.5,4,1.834,No
MRD-104855,2025-04-29,C88342,Retail,Delhi NCR,Delhi NCR,Mobile App,UPI,Apparel,2,1217.74,15.0,2070.16,38.4,4.1,4,2.379,No
MRD-104412,2025-04-29,C18664,Retail,Bengaluru,Bengaluru South,Mobile App,Cash on Delivery,Electronics,3,5423.18,0.0,16269.54,11.2,4.7,5,1.177,No
MRD-101665,2025-04-29,C26070,Retail,Bengaluru,Bengaluru South,Mobile App,Wallet,Apparel,1,1114.25,15.0,947.11,41.8,3.5,5,1.782,No
MRD-101143,2025-04-29,C70997,Retail,Bengaluru,Bengaluru South,Mobile App,Credit Card,Grocery,2,290.66,20.0,465.06,6.1,4.0,3,1.27,No
MRD-101424,2025-04-29,C31866,Retail,Delhi NCR,Delhi NCR,Mobile App,UPI,Apparel,1,867.54,15.0,737.41,21.7,1.5,5,1.531,No
MRD-101878,2025-04-29,C41544,Retail,Bengaluru,Bengaluru South,Mobile App,UPI,Electronics,2,4271.81,15.0,7262.08,5.5,1.5,2,2.018,Yes
MRD-103942,2025-04-29,C14462,Corporate,Delhi NCR,Delhi NCR,Website,UPI,Grocery,34,324.01,15.7,9286.77,4.6,9.1,2,2.404,No
MRD-102542,2025-04-29,C84459,Corporate,Mumbai,Mumbai West,Mobile App,UPI,Grocery,22,255.7,19.1,4550.95,2.8,2.8,3,1.746,No
MRD-102983,2025-04-30,C70985,Retail,Bengaluru,Bengaluru South,Mobile App,Debit Card,Electronics,3,6050.46,0.0,18151.38,12.0,3.5,5,1.825,No
MRD-104596,2025-04-30,C23626,Retail,Delhi NCR,Delhi NCR,Mobile App,Credit Card,Grocery,1,295.64,0.0,295.64,5.4,4.6,3,2.578,No
MRD-100821,2025-04-30,C86785,Corporate,Delhi NCR,Delhi NCR,Mobile App,Credit Card,Grocery,22,154.09,24.1,2572.99,5.4,2.8,1,1.392,No
MRD-101396,2025-04-30,C61954,Retail,Bengaluru,Bengaluru South,Website,Cash on Delivery,Apparel,1,944.35,5.0,897.13,25.2,2.9,1,1.549,No
MRD-104929,2025-04-30,C53077,Corporate,Bengaluru,Bengaluru South,Mobile App,Wallet,Beauty,35,1045.76,14.0,31477.38,30.7,3.7,4,1.615,No
MRD-100361,2025-04-30,C92303,Corporate,Bengaluru,Bengaluru South,Website,UPI,Apparel,17,1921.63,12.0,28747.58,31.3,3.1,5,1.688,No
MRD-103724,2025-04-30,C22532,Retail,Bengaluru,Bengaluru South,Website,Cash on Delivery,Apparel,3,1747.35,20.0,4193.64,32.8,1.1,4,2.369,No
MRD-103921,2025-04-30,C48461,Retail,Delhi NCR,Delhi NCR,Mobile App,Debit Card,Grocery,3,279.64,0.0,838.92,2.7,1.8,4,1.887,No
MRD-104772,2025-04-30,C81014,Retail,Bengaluru,Bengaluru South,Mobile App,UPI,Grocery,3,127.86,20.0,306.86,5.0,2.3,4,1.846,No
MRD-103991,2025-04-30,C37293,Retail,Mumbai,Mumbai West,Marketplace,Cash on Delivery,Home & Kitchen,1,1336.58,0.0,1336.58,14.4,3.5,4,1.483,No
MRD-101207,2025-04-30,C71990,Corporate,Mumbai,Mumbai West,Mobile App,Debit Card,Grocery,28,179.16,17.8,4123.55,4.8,3.1,2,1.831,No
MRD-104918,2025-04-30,C92628,Retail,Bengaluru,Bengaluru South,Mobile App,Credit Card,Grocery,2,344.98,0.0,689.96,6.5,1.0,2,1.879,No
MRD-103532,2025-04-30,C47691,Retail,Delhi NCR,Delhi NCR,Marketplace,Debit Card,Grocery,4,259.32,0.0,1037.28,3.8,2.1,3,2.019,No
MRD-101695,2025-04-30,C15719,Retail,Delhi NCR,Delhi NCR,Mobile App,Credit Card,Electronics,2,2967.53,15.0,5044.8,7.4,3.0,4,1.646,No
MRD-102896,2025-05-01,C92067,Retail,Delhi NCR,Delhi NCR,Mobile App,UPI,Apparel,1,1139.73,0.0,1139.73,30.4,4.6,4,1.522,No
MRD-104042,2025-05-01,C99350,Retail,Bengaluru,Bengaluru South,Marketplace,Net Banking,Apparel,2,1197.61,0.0,2395.22,27.8,2.9,5,1.755,No
MRD-103129,2025-05-01,C60861,Retail,Bengaluru,Bengaluru South,Marketplace,Debit Card,Grocery,2,212.14,20.0,339.42,0.7,3.7,5,1.619,No
MRD-104932,2025-05-01,C51603,Retail,Bengaluru,Bengaluru South,Mobile App,Cash on Delivery,Electronics,3,10540.92,0.0,31622.76,6.1,3.5,4,2.505,No
MRD-102963,2025-05-01,C17811,Retail,Delhi NCR,Delhi NCR,Marketplace,Credit Card,Apparel,2,2423.85,10.0,4362.93,39.0,2.4,5,2.242,No
MRD-102333,2025-05-01,C71794,Retail,Bengaluru,Bengaluru South,Website,Credit Card,Electronics,5,11552.12,10.0,51984.54,5.9,2.3,5,1.618,No
MRD-101069,2025-05-01,C21406,Retail,Mumbai,Mumbai West,Mobile App,Credit Card,Electronics,2,6163.86,0.0,12327.72,6.1,2.2,1,1.611,No
MRD-100841,2025-05-01,C52106,Retail,Delhi NCR,Delhi NCR,Mobile App,Credit Card,Electronics,3,7601.77,0.0,22805.31,8.4,4.9,5,1.913,No
MRD-101284,2025-05-01,C68103,Retail,Bengaluru,Bengaluru South,Mobile App,UPI,Home & Kitchen,3,2605.59,10.0,7035.09,26.5,5.0,2,1.878,No
MRD-104777,2025-05-01,C87337,Retail,Bengaluru,Bengaluru South,Marketplace,Credit Card,Grocery,1,172.3,0.0,172.3,3.5,2.9,1,2.252,Yes
MRD-101428,2025-05-01,C72747,Retail,Delhi NCR,Delhi NCR,Marketplace,UPI,Grocery,2,234.5,20.0,375.2,1.8,1.4,2,1.364,No
MRD-102858,2025-05-01,C71706,Retail,Mumbai,Mumbai West,Mobile App,Credit Card,Home & Kitchen,3,2058.89,0.0,6176.67,22.8,3.5,3,2.287,No
MRD-101163,2025-05-01,C12693,Retail,Bengaluru,Bengaluru South,Mobile App,UPI,Apparel,3,829.3,0.0,2487.9,32.8,3.7,4,1.883,No
MRD-104787,2025-05-01,C98224,Retail,Mumbai,Mumbai West,Mobile App,UPI,Beauty,2,550.6,5.0,1046.14,27.2,4.0,1,2.111,No
MRD-101194,2025-05-01,C21635,Retail,Mumbai,Mumbai West,Mobile App,UPI,Home & Kitchen,2,1345.67,10.0,2422.21,16.0,3.4,2,1.498,Yes
MRD-101632,2025-05-02,C28782,Retail,Bengaluru,Bengaluru South,Website,UPI,Apparel,4,1203.55,5.0,4573.49,36.2,1.5,2,1.885,Yes
MRD-104846,2025-05-02,C62981,Retail,Delhi NCR,Delhi NCR,Mobile App,Debit Card,Electronics,2,3755.94,10.0,6760.69,5.7,3.7,5,1.343,Yes
MRD-100433,2025-05-02,C22699,Retail,Mumbai,Mumbai West,Website,Debit Card,Electronics,1,4672.42,20.0,3737.94,8.6,3.8,2,1.988,No
MRD-104921,2025-05-02,C25268,Retail,Mumbai,Mumbai West,Mobile App,UPI,Grocery,3,180.29,0.0,540.87,3.7,2.4,5,2.362,No
MRD-100918,2025-05-02,C96148,Retail,Delhi NCR,Delhi NCR,Mobile App,UPI,Beauty,2,1026.24,0.0,2052.48,22.9,1.0,5,1.549,No
MRD-104545,2025-05-02,C90006,Retail,Bengaluru,Bengaluru South,Mobile App,Cash on Delivery,Apparel,2,634.44,0.0,1268.88,31.8,4.2,1,2.274,No
MRD-103137,2025-05-02,C42285,Corporate,Mumbai,Mumbai West,Mobile App,UPI,Home & Kitchen,25,4311.81,20.0,86236.2,20.5,3.9,5,2.275,No
MRD-102363,2025-05-02,C71021,Retail,Mumbai,Mumbai West,Website,Debit Card,Apparel,1,1529.78,5.0,1453.29,26.2,3.1,5,1.908,No
MRD-102114,2025-05-02,C24518,Retail,Delhi NCR,Delhi NCR,Mobile App,Cash on Delivery,Electronics,1,1434.74,0.0,1434.74,5.4,2.8,4,1.88,No
MRD-102039,2025-05-02,C80584,Retail,Mumbai,Mumbai West,Mobile App,Credit Card,Grocery,2,279.34,10.0,502.81,3.0,2.4,2,1.798,No
MRD-100979,2025-05-02,C67776,Retail,Mumbai,Mumbai West,Mobile App,Debit Card,Grocery,1,277.02,15.0,235.47,2.7,3.3,4,1.53,No
MRD-100198,2025-05-02,C89777,Retail,Bengaluru,Bengaluru South,Website,UPI,Apparel,3,756.51,0.0,2269.53,26.6,2.2,5,1.607,No
MRD-102999,2025-05-02,C18163,Retail,Delhi NCR,Delhi NCR,Mobile App,Credit Card,Grocery,2,204.04,5.0,387.68,3.4,1.0,4,1.352,No
MRD-103839,2025-05-02,C74747,Corporate,Bengaluru,Bengaluru South,Mobile App,Cash on Delivery,Electronics,25,11948.92,22.2,232406.49,7.9,1.2,5,1.726,No
MRD-103844,2025-05-02,C18369,Retail,Mumbai,Mumbai West,Mobile App,UPI,Home & Kitchen,2,496.7,5.0,943.73,17.7,3.6,5,1.342,No
MRD-102917,2025-05-03,C74646,Retail,Mumbai,Mumbai West,Mobile App,Debit Card,Home & Kitchen,1,3810.11,0.0,3810.11,22.3,3.2,1,2.044,Yes
MRD-104903,2025-05-03,C75073,Retail,Mumbai,Mumbai West,Mobile App,Credit Card,Electronics,1,5399.36,10.0,4859.42,5.1,3.5,5,2.281,No
MRD-100346,2025-05-03,C45230,Retail,Mumbai,Mumbai West,Mobile App,UPI,Home & Kitchen,3,1690.14,0.0,5070.42,21.1,3.5,2,1.663,No
MRD-104814,2025-05-03,C98734,Retail,Delhi NCR,Delhi NCR,Website,Credit Card,Home & Kitchen,3,502.25,10.0,1356.08,13.6,1.0,2,1.232,Yes
MRD-101119,2025-05-03,C31979,Retail,Mumbai,Mumbai West,Mobile App,Debit Card,Apparel,4,1599.04,10.0,5756.54,32.0,2.8,4,1.982,No
MRD-102174,2025-05-03,C83040,Retail,Mumbai,Mumbai West,Mobile App,UPI,Apparel,2,1167.17,0.0,2334.34,27.4,2.4,4,1.557,Yes
MRD-102250,2025-05-03,C98963,Corporate,Mumbai,Mumbai West,Website,UPI,Apparel,26,1640.41,20.3,33992.58,30.3,3.6,2,1.707,Yes
MRD-101403,2025-05-03,C58026,Retail,Delhi NCR,Delhi NCR,Mobile App,UPI,Grocery,3,248.78,0.0,746.34,4.7,4.0,4,1.389,No
MRD-103586,2025-05-03,C15264,Retail,Bengaluru,Bengaluru South,Marketplace,UPI,Apparel,1,1525.84,5.0,1449.55,26.6,3.4,2,2.08,No
MRD-100564,2025-05-03,C83239,Retail,Bengaluru,Bengaluru South,Website,UPI,Apparel,4,727.6,0.0,2910.4,29.9,3.1,4,1.754,No
MRD-103787,2025-05-03,C70503,Retail,Bengaluru,Bengaluru South,Mobile App,Credit Card,Home & Kitchen,2,4637.91,10.0,8348.24,20.2,1.0,5,2.037,No
MRD-101548,2025-05-03,C29704,Retail,Mumbai,Mumbai West,Mobile App,UPI,Apparel,3,597.58,5.0,1703.1,34.4,4.1,3,1.878,No
MRD-102796,2025-05-03,C41174,Retail,Mumbai,Mumbai West,Website,Debit Card,Apparel,1,1648.02,0.0,1648.02,22.4,3.5,4,2.336,Yes
MRD-103621,2025-05-03,C24308,Retail,Delhi NCR,Delhi NCR,Mobile App,Credit Card,Grocery,2,378.32,0.0,756.64,7.8,1.0,5,2.012,Yes
MRD-104180,2025-05-03,C80533,Retail,Mumbai,Mumbai West,Mobile App,UPI,Apparel,1,2371.8,5.0,2253.21,27.1,3.1,2,2.155,Yes
MRD-100190,2025-05-04,C16105,Retail,Bengaluru,Bengaluru South,Marketplace,Debit Card,Grocery,1,351.14,0.0,351.14,2.0,3.4,1,1.255,No
MRD-101338,2025-05-04,C44661,Retail,Delhi NCR,Delhi NCR,Website,Cash on Delivery,Home & Kitchen,2,2883.13,5.0,5477.95,15.1,1.0,4,1.841,No
MRD-101502,2025-05-04,C16820,Corporate,Delhi NCR,Delhi NCR,Mobile App,Debit Card,Grocery,23,179.9,20.1,3306.02,3.0,3.0,3,1.705,Yes
MRD-101479,2025-05-04,C12469,Retail,Delhi NCR,Delhi NCR,Mobile App,Credit Card,Grocery,2,288.33,20.0,461.33,5.7,4.6,1,2.035,No
MRD-103065,2025-05-04,C72158,Retail,Mumbai,Mumbai West,Mobile App,Credit Card,Beauty,1,1083.82,15.0,921.25,18.2,3.6,1,1.462,No
MRD-102664,2025-05-04,C47082,Retail,Bengaluru,Bengaluru South,Mobile App,UPI,Home & Kitchen,1,1221.48,10.0,1099.33,16.1,4.4,2,2.423,Yes
MRD-104012,2025-05-04,C86122,Retail,Mumbai,Mumbai West,Website,Credit Card,Apparel,3,234.69,0.0,704.07,25.9,3.5,4,2.234,No
MRD-101264,2025-05-04,C70629,Retail,Bengaluru,Bengaluru South,Website,Cash on Delivery,Apparel,2,813.34,5.0,1545.35,27.1,4.7,5,1.207,No
MRD-101673,2025-05-04,C12452,Retail,Bengaluru,Bengaluru South,Mobile App,UPI,Home & Kitchen,1,1585.62,5.0,1506.34,24.7,7.4,2,2.193,No
MRD-103526,2025-05-04,C26069,Retail,Delhi NCR,Delhi NCR,Website,Credit Card,Grocery,2,411.68,20.0,658.69,3.8,8.2,4,1.711,No
MRD-100949,2025-05-04,C86750,Retail,Mumbai,Mumbai West,Website,Wallet,Grocery,2,140.36,0.0,280.72,7.9,3.1,1,1.293,No
MRD-103460,2025-05-04,C95227,Retail,Bengaluru,Bengaluru South,Website,UPI,Electronics,3,18687.48,0.0,56062.44,5.0,2.8,4,1.868,No
MRD-100297,2025-05-04,C57652,Retail,Delhi NCR,Delhi NCR,Mobile App,Cash on Delivery,Beauty,2,844.93,5.0,1605.37,29.8,4.7,5,1.664,No
MRD-102131,2025-05-04,C91801,Corporate,Delhi NCR,Delhi NCR,Mobile App,UPI,Grocery,24,256.57,22.8,4753.73,3.1,3.0,1,2.54,No
MRD-104378,2025-05-04,C93576,Retail,Mumbai,Mumbai West,Website,Credit Card,Grocery,2,169.68,0.0,339.36,3.9,4.1,2,2.421,Yes
MRD-104395,2025-05-04,C90470,Retail,Bengaluru,Bengaluru South,Mobile App,Debit Card,Electronics,2,1654.03,20.0,2646.45,9.5,4.1,5,1.754,No
MRD-104208,2025-05-04,C39101,Retail,Mumbai,Mumbai West,Marketplace,Credit Card,Apparel,3,1430.68,0.0,4292.04,39.7,4.5,2,1.792,No
MRD-104176,2025-05-05,C14041,Corporate,Delhi NCR,Delhi NCR,Website,UPI,Apparel,29,1545.21,24.6,33787.56,37.5,2.2,1,1.422,No
MRD-103282,2025-05-05,C26417,Retail,Mumbai,Mumbai West,Mobile App,Cash on Delivery,Home & Kitchen,2,1597.63,10.0,2875.73,12.9,4.2,4,2.255,No
MRD-101910,2025-05-05,C20060,Retail,Delhi NCR,Delhi NCR,Marketplace,UPI,Grocery,2,250.16,0.0,500.32,4.9,3.8,4,1.115,No
MRD-101229,2025-05-05,C93454,Retail,Bengaluru,Bengaluru South,Mobile App,Cash on Delivery,Home & Kitchen,1,1414.03,10.0,1272.63,16.0,3.2,5,1.034,No
MRD-101249,2025-05-05,C30122,Retail,Bengaluru,Bengaluru South,Mobile App,UPI,Home & Kitchen,2,1780.01,0.0,3560.02,18.5,2.6,4,2.308,No
MRD-103674,2025-05-05,C53001,Retail,Mumbai,Mumbai West,Mobile App,Wallet,Apparel,1,1464.65,10.0,1318.19,21.0,3.4,4,1.612,No
MRD-103271,2025-05-05,C67949,Retail,Mumbai,Mumbai West,Mobile App,UPI,Beauty,1,929.74,0.0,929.74,26.4,3.3,5,1.768,No
MRD-103131,2025-05-05,C44349,Corporate,Mumbai,Mumbai West,Mobile App,Credit Card,Grocery,33,176.05,19.5,4676.77,2.5,3.0,5,2.304,No
MRD-102294,2025-05-05,C61905,Retail,Delhi NCR,Delhi NCR,Mobile App,Credit Card,Grocery,2,170.14,20.0,272.22,3.8,2.7,5,2.428,No
MRD-104477,2025-05-05,C44719,Retail,Mumbai,Mumbai West,Mobile App,Credit Card,Grocery,2,239.93,10.0,431.87,5.4,3.2,5,2.583,No
MRD-103035,2025-05-05,C84692,Retail,Mumbai,Mumbai West,Website,Cash on Delivery,Beauty,2,523.93,20.0,838.29,25.0,3.3,5,2.355,No
MRD-103003,2025-05-05,C73356,Retail,Delhi NCR,Delhi NCR,Marketplace,UPI,Electronics,2,7558.18,15.0,12848.91,7.8,3.6,5,1.458,No
MRD-103002,2025-05-06,C25290,Retail,Bengaluru,Bengaluru South,Mobile App,Net Banking,Grocery,4,243.8,5.0,926.44,2.7,4.4,4,2.316,No
MRD-100214,2025-05-06,C67040,Retail,Delhi NCR,Delhi NCR,Mobile App,Net Banking,Home & Kitchen,3,1835.67,10.0,4956.31,22.9,1.0,3,1.697,No
MRD-100505,2025-05-06,C98103,Retail,Bengaluru,Bengaluru South,Mobile App,UPI,Grocery,3,193.4,5.0,551.19,4.9,4.7,5,1.325,No
MRD-100071,2025-05-06,C56686,Corporate,Mumbai,Mumbai West,Mobile App,Credit Card,Grocery,26,256.44,19.5,5367.29,3.2,3.3,5,1.301,No
MRD-100958,2025-05-06,C52980,Retail,Mumbai,Mumbai West,Mobile App,Net Banking,Grocery,5,196.26,0.0,981.3,4.0,3.8,5,1.671,Yes
MRD-103686,2025-05-06,C44781,Retail,Bengaluru,Bengaluru South,Mobile App,UPI,Apparel,1,885.91,0.0,885.91,22.3,5.8,5,1.701,Yes
MRD-103037,2025-05-06,C43903,Retail,Mumbai,Mumbai West,Marketplace,Cash on Delivery,Electronics,1,4676.5,0.0,4676.5,3.0,2.3,5,1.347,No
MRD-104881,2025-05-06,C60452,Retail,Bengaluru,Bengaluru South,Marketplace,UPI,Apparel,3,843.97,15.0,2152.12,26.1,4.3,4,2.774,No
MRD-102976,2025-05-06,C23664,Retail,Bengaluru,Bengaluru South,Website,UPI,Home & Kitchen,3,1881.39,0.0,5644.17,17.1,3.0,5,1.407,No
MRD-104992,2025-05-06,C83766,Retail,Mumbai,Mumbai West,Mobile App,Wallet,Apparel,1,1357.01,5.0,1289.16,31.8,2.8,3,1.389,No
MRD-102033,2025-05-07,C42298,Retail,Mumbai,Mumbai West,Mobile App,Wallet,Home & Kitchen,2,1217.41,15.0,2069.6,18.2,3.1,4,1.05,No
MRD-104022,2025-05-07,C98336,Retail,Mumbai,Mumbai West,Website,UPI,Apparel,3,1575.86,15.0,4018.44,30.1,3.2,2,1.944,Yes
MRD-104163,2025-05-07,C74660,Retail,Bengaluru,Bengaluru South,Website,UPI,Grocery,1,196.31,0.0,196.31,1.5,5.4,5,1.89,No
MRD-100713,2025-05-07,C60754,Retail,Bengaluru,Bengaluru South,Mobile App,Credit Card,Beauty,3,1432.3,15.0,3652.36,30.8,1.0,4,1.438,No
MRD-104276,2025-05-07,C73075,Retail,Delhi NCR,Delhi NCR,Marketplace,UPI,Grocery,2,141.84,15.0,241.13,2.5,5.8,2,1.443,No
MRD-100832,2025-05-07,C10117,Retail,Delhi NCR,Delhi NCR,Mobile App,UPI,Apparel,4,1731.2,5.0,6578.56,39.3,5.6,3,2.552,No
MRD-100822,2025-05-07,C94770,Retail,Delhi NCR,Delhi NCR,Mobile App,Credit Card,Apparel,1,518.99,0.0,518.99,24.0,1.6,5,2.385,No
MRD-102060,2025-05-07,C38746,Retail,Delhi NCR,Delhi NCR,Mobile App,UPI,Grocery,2,196.9,0.0,393.8,3.4,3.1,4,2.574,No
MRD-103721,2025-05-07,C98626,Retail,Delhi NCR,Delhi NCR,Website,UPI,Apparel,1,992.06,20.0,793.65,33.4,16.9,1,1.146,No
MRD-103517,2025-05-07,C63950,Retail,Delhi NCR,Delhi NCR,Mobile App,UPI,Home & Kitchen,1,1337.4,5.0,1270.53,13.4,17.2,2,2.356,No
MRD-102461,2025-05-07,C91205,Retail,Bengaluru,Bengaluru South,Mobile App,Debit Card,Home & Kitchen,2,1288.51,0.0,2577.02,14.5,5.3,3,0.602,No
MRD-103315,2025-05-07,C44751,Corporate,Bengaluru,Bengaluru South,Mobile App,UPI,Apparel,27,1857.46,19.5,40371.89,30.5,2.0,4,1.965,Yes
MRD-102187,2025-05-07,C58323,Corporate,Bengaluru,Bengaluru South,Mobile App,UPI,Home & Kitchen,29,1773.77,15.4,43517.67,24.4,4.6,5,1.951,No
MRD-100306,2025-05-08,C29455,Retail,Bengaluru,Bengaluru South,Website,UPI,Home & Kitchen,2,1770.28,20.0,2832.45,14.5,3.9,5,1.565,No
MRD-101200,2025-05-08,C36535,Retail,Mumbai,Mumbai West,Website,UPI,Home & Kitchen,3,1658.48,0.0,4975.44,19.2,2.8,5,1.682,No
MRD-103473,2025-05-08,C66848,Retail,Bengaluru,Bengaluru South,Mobile App,UPI,Grocery,2,365.12,20.0,584.19,6.4,1.3,5,1.822,No
MRD-102759,2025-05-08,C38279,Retail,Mumbai,Mumbai West,Website,UPI,Apparel,1,651.13,20.0,520.9,28.2,3.5,3,1.209,No
MRD-101317,2025-05-08,C31025,Retail,Bengaluru,Bengaluru South,Mobile App,UPI,Electronics,3,9321.13,0.0,27963.39,10.6,2.3,3,2.6,No
MRD-100630,2025-05-08,C95580,Retail,Bengaluru,Bengaluru South,Mobile App,UPI,Electronics,1,5361.47,0.0,5361.47,8.2,2.5,1,2.427,No
MRD-102233,2025-05-08,C34374,Corporate,Mumbai,Mumbai West,Marketplace,Credit Card,Beauty,32,625.77,13.3,17361.36,25.8,4.2,5,1.97,No
MRD-104862,2025-05-08,C42857,Retail,Mumbai,Mumbai West,Marketplace,Wallet,Beauty,1,826.14,5.0,784.83,24.7,2.3,5,1.939,No
MRD-103072,2025-05-08,C83392,Retail,Delhi NCR,Delhi NCR,Marketplace,Credit Card,Electronics,1,3218.37,0.0,3218.37,7.3,4.0,5,1.192,No
MRD-100591,2025-05-09,C51042,Retail,Mumbai,Mumbai West,Mobile App,UPI,Apparel,2,1150.45,5.0,2185.86,36.1,3.8,5,0.939,No
MRD-101517,2025-05-09,C49027,Corporate,Mumbai,Mumbai West,Mobile App,UPI,Grocery,26,177.07,19.7,3696.87,2.0,2.0,1,1.731,Yes
MRD-103717,2025-05-09,C82725,Retail,Mumbai,Mumbai West,Marketplace,Credit Card,Grocery,2,223.79,15.0,380.44,3.6,2.8,4,1.896,No
MRD-100902,2025-05-09,C68897,Retail,Bengaluru,Bengaluru South,Marketplace,Cash on Delivery,Electronics,2,2616.52,0.0,5233.04,11.7,4.1,3,1.525,No
MRD-104194,2025-05-09,C34015,Retail,Delhi NCR,Delhi NCR,Mobile App,Cash on Delivery,Electronics,3,9577.86,0.0,28733.58,8.9,1.9,2,2.991,No
MRD-103338,2025-05-09,C46944,Retail,Mumbai,Mumbai West,Mobile App,UPI,Apparel,2,1091.87,15.0,1856.18,33.9,3.4,1,1.95,No
MRD-100780,2025-05-09,C32064,Retail,Bengaluru,Bengaluru South,Mobile App,Credit Card,Home & Kitchen,3,1655.48,0.0,4966.44,23.1,1.1,5,2.119,No
MRD-102171,2025-05-09,C70714,Retail,Mumbai,Mumbai West,Mobile App,Cash on Delivery,Beauty,4,691.49,15.0,2351.07,30.9,3.7,3,1.395,No
MRD-104741,2025-05-09,C92964,Retail,Mumbai,Mumbai West,Website,Net Banking,Grocery,1,300.16,0.0,300.16,5.7,3.6,5,1.392,No
MRD-101269,2025-05-09,C32897,Retail,Delhi NCR,Delhi NCR,Mobile App,UPI,Electronics,2,16034.36,5.0,30465.28,10.5,3.9,5,2.601,No
MRD-104476,2025-05-09,C31689,Retail,Bengaluru,Bengaluru South,Website,Credit Card,Home & Kitchen,2,2697.76,0.0,5395.52,19.0,3.6,3,1.349,No
MRD-100629,2025-05-09,C77187,Retail,Mumbai,Mumbai West,Website,UPI,Home & Kitchen,2,1525.36,15.0,2593.11,21.2,3.3,3,2.345,No
MRD-101711,2025-05-10,C51614,Retail,Bengaluru,Bengaluru South,Mobile App,Debit Card,Apparel,1,605.02,0.0,605.02,30.2,1.0,4,1.915,No
MRD-104684,2025-05-10,C24356,Retail,Delhi NCR,Delhi NCR,Mobile App,Debit Card,Apparel,4,819.23,0.0,3276.92,31.4,1.9,5,2.355,No
MRD-101159,2025-05-10,C75289,Retail,Bengaluru,Bengaluru South,Mobile App,Debit Card,Grocery,1,231.25,0.0,231.25,5.2,3.2,1,2.245,Yes
MRD-103181,2025-05-10,C31506,Retail,Mumbai,Mumbai West,Mobile App,Cash on Delivery,Apparel,2,857.75,0.0,1715.5,31.6,3.8,4,1.795,Yes
MRD-100528,2025-05-10,C50910,Retail,Delhi NCR,Delhi NCR,Marketplace,Credit Card,Electronics,2,2191.39,0.0,4382.78,3.8,1.4,4,1.77,No
MRD-103256,2025-05-10,C11146,Retail,Mumbai,Mumbai West,Marketplace,UPI,Apparel,2,988.65,10.0,1779.57,36.4,2.8,2,1.977,No
MRD-101713,2025-05-10,C92722,Retail,Delhi NCR,Delhi NCR,Marketplace,UPI,Apparel,1,771.97,10.0,694.77,39.9,2.0,4,1.975,No
MRD-100139,2025-05-10,C94358,Retail,Mumbai,Mumbai West,Mobile App,UPI,Home & Kitchen,3,910.0,0.0,2730.0,22.4,2.3,4,2.306,No
MRD-104987,2025-05-10,C28545,Retail,Delhi NCR,Delhi NCR,Mobile App,UPI,Grocery,2,191.31,0.0,382.62,4.3,2.5,1,1.865,No
MRD-101828,2025-05-10,C37666,Retail,Mumbai,Mumbai West,Website,Credit Card,Grocery,2,183.61,10.0,330.5,3.4,3.8,1,0.949,Yes
MRD-104311,2025-05-10,C52056,Retail,Bengaluru,Bengaluru South,Mobile App,Cash on Delivery,Apparel,1,2429.55,0.0,2429.55,35.0,5.7,4,2.364,No
MRD-102931,2025-05-10,C47755,Retail,Bengaluru,Bengaluru South,Website,UPI,Grocery,2,186.37,5.0,354.1,1.6,1.0,4,1.553,No
MRD-104659,2025-05-11,C66029,Retail,Bengaluru,Bengaluru South,Marketplace,Wallet,Electronics,1,4203.8,5.0,3993.61,10.8,7.6,5,1.612,No
MRD-101779,2025-05-11,C45308,Corporate,Mumbai,Mumbai West,Marketplace,UPI,Grocery,28,172.73,27.2,3520.93,2.9,2.8,4,1.748,No
MRD-104650,2025-05-11,C83204,Retail,Bengaluru,Bengaluru South,Mobile App,UPI,Electronics,2,1827.38,0.0,3654.76,10.8,1.3,4,1.488,No
MRD-103333,2025-05-11,C63152,Corporate,Bengaluru,Bengaluru South,Mobile App,UPI,Apparel,37,481.11,25.6,13244.0,36.6,1.3,5,2.588,No
MRD-103714,2025-05-11,C39671,Retail,Mumbai,Mumbai West,Marketplace,Cash on Delivery,Home & Kitchen,1,1202.14,0.0,1202.14,12.4,15.0,4,1.682,No
MRD-102780,2025-05-11,C35082,Retail,Mumbai,Mumbai West,Mobile App,UPI,Electronics,2,5912.55,0.0,11825.1,8.8,2.7,3,1.941,No
MRD-101611,2025-05-11,C67122,Retail,Mumbai,Mumbai West,Website,Debit Card,Beauty,4,531.27,0.0,2125.08,29.7,4.0,4,1.372,Yes
MRD-100416,2025-05-11,C63273,Retail,Mumbai,Mumbai West,Marketplace,UPI,Apparel,2,951.52,20.0,1522.43,28.2,2.8,5,1.475,No
MRD-104790,2025-05-11,C85462,Retail,Mumbai,Mumbai West,Website,Cash on Delivery,Apparel,1,1067.3,5.0,1013.94,33.0,3.6,4,2.291,No
MRD-100028,2025-05-11,C44996,Retail,Mumbai,Mumbai West,Website,Credit Card,Beauty,1,758.34,10.0,682.51,32.2,3.3,2,2.247,No
MRD-100493,2025-05-11,C54754,Retail,Bengaluru,Bengaluru South,Mobile App,UPI,Electronics,3,6763.24,20.0,16231.78,9.1,2.1,3,2.082,No
MRD-104580,2025-05-11,C16103,Retail,Delhi NCR,Delhi NCR,Mobile App,Cash on Delivery,Home & Kitchen,3,1434.65,0.0,4303.95,19.6,3.7,4,2.246,No
MRD-102306,2025-05-11,C75881,Retail,Mumbai,Mumbai West,Marketplace,UPI,Beauty,3,843.14,0.0,2529.42,26.4,3.6,4,2.134,No
MRD-101220,2025-05-12,C34581,Retail,Mumbai,Mumbai West,Website,Credit Card,Grocery,1,230.71,0.0,230.71,3.8,1.5,4,1.868,No
MRD-100419,2025-05-12,C35538,Retail,Mumbai,Mumbai West,Website,Credit Card,Home & Kitchen,6,1198.35,10.0,6471.09,14.7,3.0,3,1.631,No
MRD-103186,2025-05-12,C13425,Retail,Bengaluru,Bengaluru South,Marketplace,UPI,Grocery,2,136.25,0.0,272.5,1.1,1.5,3,1.784,Yes
MRD-101869,2025-05-12,C29183,Retail,Mumbai,Mumbai West,Mobile App,Wallet,Apparel,1,384.24,5.0,365.03,33.5,2.7,5,1.209,No
MRD-102270,2025-05-12,C59706,Retail,Delhi NCR,Delhi NCR,Mobile App,Debit Card,Electronics,2,2564.2,0.0,5128.4,7.7,2.6,4,1.918,No
MRD-101491,2025-05-12,C97640,Retail,Mumbai,Mumbai West,Mobile App,UPI,Apparel,2,2466.23,0.0,4932.46,22.9,3.6,4,2.268,No
MRD-104751,2025-05-12,C75005,Retail,Mumbai,Mumbai West,Mobile App,Wallet,Beauty,2,627.79,10.0,1130.02,24.6,3.9,3,1.548,No
MRD-103845,2025-05-12,C29807,Retail,Bengaluru,Bengaluru South,Mobile App,UPI,Electronics,1,1467.38,5.0,1394.01,7.5,1.3,3,1.65,No
MRD-104758,2025-05-12,C60680,Retail,Mumbai,Mumbai West,Mobile App,UPI,Apparel,4,2805.55,5.0,10661.09,31.1,2.7,4,1.925,Yes
MRD-101882,2025-05-12,C14595,Retail,Delhi NCR,Delhi NCR,Website,UPI,Grocery,3,247.49,5.0,705.35,5.4,1.0,2,1.991,No
MRD-101066,2025-05-12,C74860,Corporate,Bengaluru,Bengaluru South,Mobile App,UPI,Apparel,34,2428.87,23.0,63587.82,32.1,3.7,4,1.328,No
MRD-104268,2025-05-12,C13983,Retail,Mumbai,Mumbai West,Marketplace,Cash on Delivery,Electronics,1,11516.54,20.0,9213.23,10.1,3.7,4,1.418,No
MRD-100266,2025-05-12,C59500,Retail,Mumbai,Mumbai West,Mobile App,Credit Card,Home & Kitchen,1,1417.91,0.0,1417.91,25.8,3.1,5,1.383,No
MRD-103357,2025-05-12,C44963,Retail,Delhi NCR,Delhi NCR,Marketplace,UPI,Home & Kitchen,2,1741.37,10.0,3134.47,19.8,4.3,4,0.241,No
MRD-104850,2025-05-12,C48575,Retail,Bengaluru,Bengaluru South,Mobile App,Cash on Delivery,Beauty,1,1430.88,0.0,1430.88,36.7,4.8,2,2.229,Yes
MRD-102534,2025-05-12,C86287,Retail,Bengaluru,Bengaluru South,Website,Credit Card,Electronics,1,5226.21,10.0,4703.59,7.7,3.0,4,2.31,No
MRD-103068,2025-05-12,C77246,Retail,Mumbai,Mumbai West,Mobile App,UPI,Grocery,1,262.85,15.0,223.42,4.4,3.7,5,1.965,No
MRD-104239,2025-05-13,C30339,Retail,Delhi NCR,Delhi NCR,Website,UPI,Electronics,2,6804.8,5.0,12929.12,7.9,3.0,1,2.251,No
MRD-103397,2025-05-13,C52027,Corporate,Delhi NCR,Delhi NCR,Marketplace,Cash on Delivery,Beauty,25,1081.7,21.4,21255.41,30.0,3.0,4,2.317,No
MRD-101067,2025-05-13,C11299,Retail,Delhi NCR,Delhi NCR,Mobile App,Cash on Delivery,Grocery,2,184.59,0.0,369.18,5.4,1.0,4,1.993,No
MRD-102393,2025-05-13,C57965,Retail,Delhi NCR,Delhi NCR,Mobile App,Credit Card,Electronics,2,4196.65,0.0,8393.3,3.4,1.6,4,0.567,No
MRD-101703,2025-05-13,C40971,Retail,Delhi NCR,Delhi NCR,Mobile App,UPI,Apparel,5,646.02,0.0,3230.1,34.1,2.0,1,1.213,Yes
MRD-100868,2025-05-13,C91386,Retail,Delhi NCR,Delhi NCR,Mobile App,UPI,Electronics,2,10100.82,15.0,17171.39,8.7,7.9,5,1.89,No
MRD-102535,2025-05-13,C62014,Retail,Mumbai,Mumbai West,Mobile App,UPI,Electronics,2,1723.96,10.0,3103.13,7.6,3.8,2,1.64,No
MRD-102533,2025-05-13,C52747,Retail,Delhi NCR,Delhi NCR,Mobile App,Debit Card,Apparel,1,1777.4,0.0,1777.4,34.9,1.0,2,1.394,Yes
MRD-101203,2025-05-13,C87862,Retail,Mumbai,Mumbai West,Mobile App,Credit Card,Beauty,3,1407.85,0.0,4223.55,26.4,4.6,1,1.739,No
MRD-100725,2025-05-13,C48085,Retail,Bengaluru,Bengaluru South,Website,UPI,Apparel,2,488.35,20.0,781.36,30.6,7.6,5,2.632,No
MRD-102794,2025-05-13,C95159,Retail,Mumbai,Mumbai West,Mobile App,UPI,Beauty,1,705.97,0.0,705.97,20.2,3.2,5,2.132,No
MRD-102110,2025-05-13,C33505,Retail,Mumbai,Mumbai West,Website,UPI,Electronics,2,4857.67,0.0,9715.34,6.9,3.2,5,1.446,No
MRD-102355,2025-05-13,C67229,Retail,Delhi NCR,Delhi NCR,Mobile App,Credit Card,Apparel,3,1113.92,15.0,2840.5,40.5,4.0,4,2.511,No
MRD-104907,2025-05-13,C90608,Corporate,Delhi NCR,Delhi NCR,Mobile App,Credit Card,Grocery,26,187.76,10.5,4369.18,5.9,1.6,4,1.804,No
MRD-103842,2025-05-13,C89450,Retail,Bengaluru,Bengaluru South,Mobile App,UPI,Home & Kitchen,1,1499.54,20.0,1199.63,13.8,5.7,1,1.676,No
MRD-101367,2025-05-14,C38647,Retail,Delhi NCR,Delhi NCR,Marketplace,Net Banking,Apparel,1,1184.96,0.0,1184.96,31.8,1.7,5,1.589,No
MRD-100288,2025-05-14,C90559,Retail,Mumbai,Mumbai West,Website,Debit Card,Electronics,1,2154.68,20.0,1723.74,8.3,3.1,2,2.021,Yes
MRD-103607,2025-05-14,C23825,Retail,Delhi NCR,Delhi NCR,Website,UPI,Apparel,2,931.79,0.0,1863.58,33.8,3.6,5,2.281,No
MRD-104373,2025-05-14,C85067,Retail,Mumbai,Mumbai West,Mobile App,Credit Card,Grocery,3,148.61,0.0,445.83,5.7,2.3,2,2.279,No
MRD-101036,2025-05-14,C56769,Retail,Mumbai,Mumbai West,Mobile App,UPI,Beauty,1,1069.13,15.0,908.76,28.8,2.6,5,1.465,Yes
MRD-101246,2025-05-14,C27783,Retail,Bengaluru,Bengaluru South,Mobile App,UPI,Grocery,2,276.67,0.0,553.34,3.6,4.8,5,2.018,No
MRD-102353,2025-05-14,C41255,Retail,Mumbai,Mumbai West,Website,UPI,Electronics,3,7653.05,10.0,20663.24,9.2,3.2,1,1.933,No
MRD-102052,2025-05-14,C41241,Retail,Bengaluru,Bengaluru South,Mobile App,UPI,Beauty,2,1022.81,10.0,1841.06,24.3,1.5,4,1.85,No
MRD-101425,2025-05-14,C62138,Retail,Mumbai,Mumbai West,Website,Credit Card,Beauty,1,1122.25,20.0,897.8,25.1,3.6,5,1.318,No
MRD-102698,2025-05-14,C47785,Retail,Mumbai,Mumbai West,Website,Cash on Delivery,Apparel,1,1907.07,15.0,1621.01,31.5,3.9,2,2.233,No
MRD-104351,2025-05-14,C29591,Retail,Bengaluru,Bengaluru South,Mobile App,Debit Card,Grocery,2,245.61,0.0,491.22,4.8,1.0,5,1.837,No
MRD-100624,2025-05-14,C13667,Retail,Mumbai,Mumbai West,Website,Cash on Delivery,Apparel,1,978.93,0.0,978.93,30.3,3.2,1,2.077,Yes
MRD-104815,2025-05-14,C90297,Retail,Mumbai,Mumbai West,Website,Cash on Delivery,Apparel,3,1030.19,5.0,2936.04,33.7,4.0,3,2.117,No
MRD-101481,2025-05-15,C67938,Retail,Bengaluru,Bengaluru South,Mobile App,UPI,Home & Kitchen,1,1868.52,0.0,1868.52,14.7,2.3,3,0.799,No
MRD-101721,2025-05-15,C22877,Corporate,Bengaluru,Bengaluru South,Website,Credit Card,Apparel,29,1124.86,12.7,28478.08,33.0,2.1,4,1.944,No
MRD-103925,2025-05-15,C59938,Retail,Mumbai,Mumbai West,Website,Credit Card,Grocery,3,157.31,10.0,424.74,3.2,2.1,5,1.725,No
MRD-104367,2025-05-15,C47020,Retail,Bengaluru,Bengaluru South,Website,Cash on Delivery,Grocery,1,257.15,0.0,257.15,4.7,4.3,5,2.65,No
MRD-101385,2025-05-15,C72808,Retail,Delhi NCR,Delhi NCR,Website,Credit Card,Grocery,2,295.94,10.0,532.69,3.0,3.2,5,1.978,No
MRD-103297,2025-05-15,C46170,Retail,Bengaluru,Bengaluru South,Mobile App,Debit Card,Grocery,3,257.37,0.0,772.11,4.8,4.5,4,2.234,No
MRD-100058,2025-05-15,C48826,Retail,Delhi NCR,Delhi NCR,Website,UPI,Grocery,1,272.2,0.0,272.2,2.3,4.5,4,1.372,Yes
MRD-100751,2025-05-15,C71339,Corporate,Bengaluru,Bengaluru South,Mobile App,UPI,Grocery,42,180.79,21.2,5983.43,4.5,3.0,4,2.442,No
MRD-100076,2025-05-15,C29535,Retail,Mumbai,Mumbai West,Mobile App,UPI,Apparel,2,519.23,10.0,934.61,41.5,3.4,4,1.321,No
MRD-103220,2025-05-15,C75359,Retail,Mumbai,Mumbai West,Mobile App,Debit Card,Electronics,2,11327.55,20.0,18124.08,6.5,3.5,4,2.144,No
MRD-103468,2025-05-15,C82889,Retail,Bengaluru,Bengaluru South,Mobile App,Debit Card,Electronics,1,2132.39,0.0,2132.39,9.3,2.0,4,1.126,No
MRD-103571,2025-05-15,C48179,Retail,Delhi NCR,Delhi NCR,Marketplace,Cash on Delivery,Electronics,1,2458.46,15.0,2089.69,6.4,3.2,5,2.095,No
MRD-100380,2025-05-15,C38265,Retail,Delhi NCR,Delhi NCR,Marketplace,UPI,Beauty,2,391.49,20.0,626.38,30.7,1.0,4,1.929,No
MRD-102995,2025-05-15,C45011,Retail,Bengaluru,Bengaluru South,Website,Credit Card,Home & Kitchen,3,576.87,15.0,1471.02,19.8,2.6,4,1.333,No
MRD-100396,2025-05-16,C86820,Retail,Bengaluru,Bengaluru South,Website,Net Banking,Electronics,2,2379.8,10.0,4283.64,4.8,1.9,2,2.43,No
MRD-104707,2025-05-16,C72271,Retail,Mumbai,Mumbai West,Marketplace,Net Banking,Apparel,2,1223.93,20.0,1958.29,28.7,2.8,4,1.977,No
MRD-104919,2025-05-16,C71568,Retail,Bengaluru,Bengaluru South,Mobile App,UPI,Beauty,1,908.23,0.0,908.23,27.6,5.4,4,1.924,No
MRD-104680,2025-05-16,C44571,Retail,Bengaluru,Bengaluru South,Marketplace,Net Banking,Grocery,1,179.63,0.0,179.63,6.4,1.7,4,1.902,No
MRD-104213,2025-05-16,C26356,Retail,Mumbai,Mumbai West,Website,Credit Card,Grocery,1,214.56,10.0,193.1,4.3,2.5,5,2.019,No
MRD-100884,2025-05-16,C25093,Retail,Mumbai,Mumbai West,Mobile App,UPI,Electronics,2,8735.1,20.0,13976.16,7.6,3.3,1,1.992,No
MRD-103384,2025-05-16,C54397,Retail,Delhi NCR,Delhi NCR,Website,UPI,Electronics,1,6027.99,0.0,6027.99,7.5,1.2,1,2.117,No
MRD-102315,2025-05-16,C43398,Retail,Mumbai,Mumbai West,Website,Wallet,Electronics,2,1126.79,20.0,1802.86,11.8,2.7,2,1.375,No
MRD-102335,2025-05-16,C86452,Retail,Delhi NCR,Delhi NCR,Mobile App,UPI,Electronics,5,2518.81,15.0,10704.94,7.4,1.0,4,2.28,No
MRD-100275,2025-05-16,C46115,Retail,Bengaluru,Bengaluru South,Marketplace,Credit Card,Electronics,2,12807.67,0.0,25615.34,7.2,4.1,1,1.519,No
MRD-100553,2025-05-16,C22586,Retail,Bengaluru,Bengaluru South,Mobile App,UPI,Electronics,4,3627.25,15.0,12332.65,9.1,1.9,4,2.072,No
MRD-104329,2025-05-16,C69434,Retail,Mumbai,Mumbai West,Mobile App,UPI,Grocery,3,259.25,0.0,777.75,4.7,2.2,4,1.227,No
MRD-101715,2025-05-16,C91412,Retail,Bengaluru,Bengaluru South,Marketplace,Wallet,Electronics,2,7406.74,0.0,14813.48,7.7,4.8,4,2.455,No
MRD-102910,2025-05-16,C19734,Retail,Mumbai,Mumbai West,Mobile App,Credit Card,Grocery,2,178.01,0.0,356.02,5.0,3.0,5,2.218,No
MRD-103707,2025-05-16,C53293,Retail,Delhi NCR,Delhi NCR,Mobile App,UPI,Apparel,1,2184.25,15.0,1856.61,34.0,4.2,3,1.379,No
MRD-104988,2025-05-16,C93353,Retail,Mumbai,Mumbai West,Website,Cash on Delivery,Apparel,4,883.2,0.0,3532.8,27.2,3.4,3,1.691,Yes
MRD-100661,2025-05-17,C68252,Retail,Mumbai,Mumbai West,Marketplace,UPI,Electronics,1,3985.46,20.0,3188.37,6.4,2.7,3,2.604,No
MRD-100862,2025-05-17,C67110,Retail,Bengaluru,Bengaluru South,Mobile App,Credit Card,Apparel,3,577.87,15.0,1473.57,22.5,3.1,1,2.01,Yes
MRD-101218,2025-05-17,C55061,Retail,Bengaluru,Bengaluru South,Website,Cash on Delivery,Home & Kitchen,2,1886.49,0.0,3772.98,16.1,1.0,4,1.284,No
MRD-100673,2025-05-17,C12794,Retail,Bengaluru,Bengaluru South,Website,Credit Card,Electronics,1,4211.46,0.0,4211.46,7.0,2.0,5,1.735,No
MRD-100640,2025-05-17,C30848,Retail,Delhi NCR,Delhi NCR,Mobile App,Cash on Delivery,Apparel,1,534.33,20.0,427.46,32.6,3.0,3,2.364,No
MRD-103318,2025-05-17,C25018,Retail,Mumbai,Mumbai West,Website,Cash on Delivery,Apparel,1,1064.32,0.0,1064.32,27.9,3.2,4,2.039,No
MRD-104024,2025-05-17,C42547,Corporate,Delhi NCR,Delhi NCR,Marketplace,Cash on Delivery,Beauty,29,448.1,8.4,11903.33,23.8,5.3,5,2.123,No
MRD-104132,2025-05-17,C99865,Retail,Mumbai,Mumbai West,Mobile App,UPI,Grocery,1,189.01,0.0,189.01,3.8,3.5,4,2.201,No
MRD-103148,2025-05-17,C21998,Retail,Bengaluru,Bengaluru South,Website,UPI,Grocery,2,151.5,0.0,303.0,4.9,4.7,1,1.55,No
MRD-103432,2025-05-17,C45007,Retail,Delhi NCR,Delhi NCR,Website,UPI,Beauty,1,2023.64,15.0,1720.09,30.0,1.7,5,1.287,No
MRD-101927,2025-05-17,C81232,Retail,Delhi NCR,Delhi NCR,Mobile App,Cash on Delivery,Electronics,4,2107.11,20.0,6742.75,7.4,1.0,5,2.275,Yes
MRD-101635,2025-05-17,C78937,Retail,Mumbai,Mumbai West,Mobile App,UPI,Apparel,1,1391.69,0.0,1391.69,35.5,2.9,1,1.803,Yes
MRD-102284,2025-05-17,C34584,Retail,Mumbai,Mumbai West,Marketplace,UPI,Electronics,3,10338.32,20.0,24811.97,5.2,3.8,5,2.038,No
MRD-103233,2025-05-17,C62510,Retail,Bengaluru,Bengaluru South,Mobile App,UPI,Apparel,1,1387.74,0.0,1387.74,39.8,3.0,5,2.033,No
MRD-100429,2025-05-18,C15147,Retail,Mumbai,Mumbai West,Mobile App,UPI,Grocery,3,229.42,10.0,619.43,2.7,2.7,4,2.174,No
MRD-101208,2025-05-18,C74646,Retail,Mumbai,Mumbai West,Mobile App,UPI,Apparel,4,1746.02,5.0,6634.88,36.1,3.9,2,1.266,Yes
MRD-104189,2025-05-18,C10621,Retail,Mumbai,Mumbai West,Marketplace,Wallet,Grocery,3,195.72,15.0,499.09,4.7,4.0,5,2.046,No
MRD-102156,2025-05-18,C77958,Retail,Bengaluru,Bengaluru South,Website,UPI,Beauty,3,425.58,20.0,1021.39,33.5,4.7,1,1.773,No
MRD-104724,2025-05-18,C16601,Retail,Mumbai,Mumbai West,Website,Debit Card,Grocery,2,349.72,0.0,699.44,3.7,2.6,4,1.941,No
MRD-104099,2025-05-18,C85705,Retail,Delhi NCR,Delhi NCR,Website,Cash on Delivery,Apparel,2,703.68,0.0,1407.36,30.8,2.2,5,1.608,Yes
MRD-101153,2025-05-18,C83436,Retail,Delhi NCR,Delhi NCR,Mobile App,UPI,Apparel,2,290.98,5.0,552.86,29.9,1.0,5,0.854,No
MRD-103564,2025-05-18,C54104,Retail,Bengaluru,Bengaluru South,Mobile App,UPI,Electronics,1,616.08,10.0,554.47,5.0,1.7,4,2.389,No
MRD-104124,2025-05-18,C21052,Retail,Delhi NCR,Delhi NCR,Marketplace,UPI,Electronics,4,4581.98,0.0,18327.92,9.0,5.2,2,1.446,Yes
MRD-101188,2025-05-18,C80309,Retail,Bengaluru,Bengaluru South,Mobile App,Debit Card,Apparel,2,2891.0,0.0,5782.0,24.3,3.1,4,2.031,Yes
MRD-101697,2025-05-18,C90425,Retail,Mumbai,Mumbai West,Mobile App,Credit Card,Grocery,2,205.35,0.0,410.7,2.7,3.2,4,1.552,No
MRD-102749,2025-05-18,C27558,Corporate,Bengaluru,Bengaluru South,Website,Net Banking,Grocery,36,154.49,20.7,4410.38,4.2,1.5,5,2.357,No
MRD-102151,2025-05-18,C36553,Retail,Bengaluru,Bengaluru South,Website,Cash on Delivery,Beauty,1,639.89,20.0,511.91,24.9,3.1,2,1.752,No
MRD-101971,2025-05-18,C88694,Retail,Bengaluru,Bengaluru South,Mobile App,UPI,Apparel,1,544.0,0.0,544.0,32.5,3.6,4,1.516,No
MRD-102243,2025-05-18,C37387,Retail,Delhi NCR,Delhi NCR,Marketplace,Cash on Delivery,Grocery,1,178.48,0.0,178.48,5.5,5.1,4,1.537,No
MRD-103655,2025-05-18,C57098,Corporate,Bengaluru,Bengaluru South,Mobile App,UPI,Apparel,30,810.61,27.5,17630.77,27.2,1.8,5,1.227,No
MRD-101644,2025-05-19,C40846,Retail,Delhi NCR,Delhi NCR,Website,Cash on Delivery,Apparel,1,1388.47,0.0,1388.47,35.8,1.5,5,2.307,No
MRD-103716,2025-05-19,C28157,Retail,Mumbai,Mumbai West,Marketplace,Credit Card,Beauty,1,699.03,5.0,664.08,21.1,4.0,5,1.676,No
MRD-102952,2025-05-19,C21532,Retail,Delhi NCR,Delhi NCR,Marketplace,UPI,Apparel,2,605.47,10.0,1089.85,36.4,1.0,1,1.763,Yes
MRD-101216,2025-05-19,C52843,Retail,Bengaluru,Bengaluru South,Mobile App,Credit Card,Beauty,1,604.41,10.0,543.97,16.4,3.9,3,2.291,Yes
MRD-104816,2025-05-19,C18563,Retail,Bengaluru,Bengaluru South,Mobile App,Net Banking,Grocery,2,183.24,10.0,329.83,3.6,1.9,5,2.008,No
MRD-102944,2025-05-19,C98008,Corporate,Delhi NCR,Delhi NCR,Mobile App,Credit Card,Apparel,26,1194.39,25.3,23197.44,43.4,1.0,1,2.392,Yes
MRD-104797,2025-05-19,C71486,Retail,Bengaluru,Bengaluru South,Mobile App,Debit Card,Grocery,2,210.69,20.0,337.1,4.7,5.0,2,1.555,No
MRD-103182,2025-05-19,C21866,Corporate,Mumbai,Mumbai West,Website,Credit Card,Grocery,25,338.25,11.4,7492.24,5.1,4.1,4,2.312,No
MRD-101276,2025-05-19,C71508,Retail,Bengaluru,Bengaluru South,Website,UPI,Home & Kitchen,2,505.48,10.0,909.86,19.4,4.2,5,2.464,No
MRD-102825,2025-05-19,C37548,Retail,Bengaluru,Bengaluru South,Mobile App,Net Banking,Grocery,2,246.76,15.0,419.49,4.4,3.9,3,1.52,No
MRD-102590,2025-05-19,C93141,Retail,Mumbai,Mumbai West,Mobile App,Net Banking,Apparel,1,1690.84,0.0,1690.84,31.7,3.6,1,1.749,No
MRD-104991,2025-05-19,C83250,Retail,Bengaluru,Bengaluru South,Website,Cash on Delivery,Apparel,1,5088.16,15.0,4324.94,31.6,4.9,5,1.887,Yes
MRD-104670,2025-05-20,C44036,Retail,Bengaluru,Bengaluru South,Marketplace,Net Banking,Electronics,2,7828.68,15.0,13308.76,5.5,1.1,1,1.903,Yes
MRD-104280,2025-05-20,C13061,Retail,Delhi NCR,Delhi NCR,Mobile App,Credit Card,Grocery,3,126.67,10.0,342.01,3.5,1.0,5,2.079,No
MRD-101633,2025-05-20,C31437,Retail,Mumbai,Mumbai West,Website,Cash on Delivery,Electronics,1,8786.0,0.0,8786.0,9.2,3.5,4,1.674,No
MRD-100530,2025-05-20,C28458,Retail,Mumbai,Mumbai West,Mobile App,Net Banking,Apparel,1,781.57,0.0,781.57,34.1,2.9,4,1.742,No
MRD-101050,2025-05-20,C54449,Retail,Delhi NCR,Delhi NCR,Website,UPI,Electronics,4,6458.97,15.0,21960.5,4.7,4.4,4,1.286,No
MRD-101991,2025-05-20,C59478,Retail,Mumbai,Mumbai West,Website,UPI,Apparel,1,2260.31,0.0,2260.31,34.3,4.1,5,2.297,No
MRD-101666,2025-05-20,C25432,Retail,Bengaluru,Bengaluru South,Marketplace,UPI,Grocery,1,238.62,0.0,238.62,3.9,3.2,4,1.521,No
MRD-101255,2025-05-20,C88333,Retail,Mumbai,Mumbai West,Website,Cash on Delivery,Grocery,1,231.23,20.0,184.98,4.0,3.1,5,2.249,No
MRD-103292,2025-05-20,C76290,Retail,Delhi NCR,Delhi NCR,Website,Debit Card,Home & Kitchen,2,1781.91,15.0,3029.25,13.7,6.3,3,2.339,No
MRD-100134,2025-05-21,C66192,Retail,Bengaluru,Bengaluru South,Mobile App,UPI,Beauty,1,1112.86,0.0,1112.86,29.8,2.0,5,1.724,No
MRD-100287,2025-05-21,C98264,Retail,Bengaluru,Bengaluru South,Mobile App,UPI,Apparel,1,1164.79,0.0,1164.79,27.1,1.1,5,1.92,No
MRD-101083,2025-05-21,C21174,Retail,Bengaluru,Bengaluru South,Mobile App,UPI,Apparel,2,1893.16,0.0,3786.32,33.3,4.1,1,1.353,No
MRD-103594,2025-05-21,C10856,Retail,Mumbai,Mumbai West,Website,Credit Card,Electronics,3,11537.92,15.0,29421.7,6.9,3.3,4,2.06,No
MRD-104858,2025-05-21,C49927,Corporate,Mumbai,Mumbai West,Mobile App,Net Banking,Apparel,27,621.87,11.7,14826.0,39.0,2.8,4,1.18,No
MRD-103999,2025-05-21,C26282,Retail,Bengaluru,Bengaluru South,Mobile App,Credit Card,Apparel,4,568.93,15.0,1934.36,31.1,1.4,5,2.288,Yes
MRD-101426,2025-05-21,C78375,Retail,Mumbai,Mumbai West,Mobile App,UPI,Grocery,2,149.15,20.0,238.64,5.9,4.0,5,2.454,No
MRD-101874,2025-05-21,C83566,Retail,Bengaluru,Bengaluru South,Website,UPI,Apparel,2,2769.29,5.0,5261.65,25.2,6.6,4,1.438,No
MRD-103622,2025-05-21,C92771,Retail,Delhi NCR,Delhi NCR,Website,Credit Card,Electronics,2,5458.94,0.0,10917.88,6.3,1.0,5,1.984,No
MRD-100911,2025-05-21,C55712,Retail,Mumbai,Mumbai West,Marketplace,UPI,Electronics,1,4404.02,0.0,4404.02,8.1,3.7,4,2.087,No
MRD-104423,2025-05-21,C67138,Retail,Bengaluru,Bengaluru South,Mobile App,UPI,Apparel,1,1147.17,20.0,917.74,27.7,2.2,4,1.825,No
MRD-100930,2025-05-21,C75589,Retail,Mumbai,Mumbai West,Website,Cash on Delivery,Apparel,1,635.96,0.0,635.96,27.8,3.3,4,2.483,No
MRD-101327,2025-05-21,C35525,Retail,Mumbai,Mumbai West,Mobile App,Wallet,Grocery,2,265.73,20.0,425.17,2.8,3.7,2,1.523,No
MRD-102652,2025-05-22,C16179,Retail,Delhi NCR,Delhi NCR,Mobile App,UPI,Electronics,1,4162.08,0.0,4162.08,10.0,3.1,5,1.696,No
MRD-103464,2025-05-22,C81248,Retail,Mumbai,Mumbai West,Marketplace,Cash on Delivery,Apparel,2,3018.96,15.0,5132.23,33.8,3.3,2,1.672,No
MRD-103882,2025-05-22,C40806,Corporate,Bengaluru,Bengaluru South,Mobile App,Debit Card,Electronics,32,5846.83,16.8,155666.0,6.6,4.8,4,2.263,Yes
MRD-103524,2025-05-22,C71340,Retail,Bengaluru,Bengaluru South,Mobile App,UPI,Home & Kitchen,2,2560.75,10.0,4609.35,26.9,1.4,5,2.614,No
MRD-100968,2025-05-22,C92318,Corporate,Bengaluru,Bengaluru South,Mobile App,UPI,Grocery,17,326.43,9.1,5044.32,4.7,1.9,4,2.146,No
MRD-103757,2025-05-22,C34344,Retail,Mumbai,Mumbai West,Mobile App,UPI,Beauty,1,540.21,0.0,540.21,24.0,2.5,5,2.001,No
MRD-104769,2025-05-22,C17452,Retail,Mumbai,Mumbai West,Mobile App,Debit Card,Apparel,1,1212.51,15.0,1030.63,25.3,3.2,4,1.66,No
MRD-102094,2025-05-22,C75074,Retail,Mumbai,Mumbai West,Website,Credit Card,Beauty,2,922.55,0.0,1845.1,26.0,3.1,4,1.891,No
MRD-102282,2025-05-22,C99497,Retail,Delhi NCR,Delhi NCR,Mobile App,Debit Card,Electronics,1,5469.43,10.0,4922.49,8.2,3.4,4,2.564,No
MRD-100299,2025-05-22,C77772,Retail,Delhi NCR,Delhi NCR,Mobile App,UPI,Electronics,1,11097.57,15.0,9432.93,3.5,1.0,1,2.21,Yes
MRD-104560,2025-05-22,C57059,Retail,Bengaluru,Bengaluru South,Mobile App,UPI,Home & Kitchen,4,1979.78,5.0,7523.16,15.6,2.1,4,1.775,No
MRD-104587,2025-05-22,C64213,Retail,Delhi NCR,Delhi NCR,Marketplace,UPI,Grocery,1,201.28,15.0,171.09,4.1,1.3,4,2.335,No
MRD-102955,2025-05-22,C79560,Retail,Bengaluru,Bengaluru South,Marketplace,UPI,Electronics,2,5868.49,20.0,9389.58,10.5,4.7,3,1.917,No
MRD-102982,2025-05-22,C57858,Retail,Bengaluru,Bengaluru South,Website,UPI,Grocery,1,209.21,0.0,209.21,6.5,1.6,3,1.682,No
MRD-100703,2025-05-23,C60769,Retail,Mumbai,Mumbai West,Mobile App,Credit Card,Electronics,4,1883.81,20.0,6028.19,10.2,2.7,2,1.722,No
MRD-104533,2025-05-23,C18654,Retail,Bengaluru,Bengaluru South,Mobile App,UPI,Electronics,1,3814.11,5.0,3623.4,4.6,2.7,4,1.758,No
MRD-100731,2025-05-23,C97960,Retail,Bengaluru,Bengaluru South,Marketplace,UPI,Electronics,2,1187.52,10.0,2137.54,9.4,2.6,2,1.333,Yes
MRD-103221,2025-05-23,C26639,Retail,Mumbai,Mumbai West,Mobile App,UPI,Grocery,2,183.89,0.0,367.78,4.7,3.7,3,1.367,No
MRD-104926,2025-05-23,C83917,Retail,Bengaluru,Bengaluru South,Mobile App,UPI,Apparel,3,728.56,5.0,2076.4,30.8,1.0,3,2.096,No
MRD-100312,2025-05-23,C31634,Retail,Mumbai,Mumbai West,Mobile App,Debit Card,Grocery,2,195.68,5.0,371.79,5.8,3.7,5,1.947,No
MRD-100277,2025-05-23,C65431,Retail,Mumbai,Mumbai West,Marketplace,Cash on Delivery,Home & Kitchen,4,524.11,0.0,2096.44,19.2,3.6,5,2.353,No
MRD-101156,2025-05-23,C98103,Retail,Delhi NCR,Delhi NCR,Mobile App,UPI,Beauty,2,1240.83,20.0,1985.33,29.0,2.9,1,1.647,Yes
MRD-104677,2025-05-23,C63341,Retail,Bengaluru,Bengaluru South,Mobile App,UPI,Grocery,1,164.41,10.0,147.97,4.5,1.3,4,2.13,No
MRD-102390,2025-05-23,C51980,Retail,Delhi NCR,Delhi NCR,Mobile App,UPI,Grocery,2,290.05,5.0,551.1,4.8,3.5,5,1.707,Yes
MRD-101096,2025-05-23,C31958,Retail,Mumbai,Mumbai West,Marketplace,Credit Card,Grocery,4,319.16,20.0,1021.31,2.2,3.1,2,1.264,No
MRD-104942,2025-05-24,C70682,Retail,Delhi NCR,Delhi NCR,Mobile App,Debit Card,Electronics,1,4368.67,10.0,3931.8,5.8,3.0,2,2.151,No
MRD-101822,2025-05-24,C39607,Retail,Mumbai,Mumbai West,Mobile App,Credit Card,Electronics,1,4911.45,10.0,4420.3,8.7,3.5,5,1.558,No
MRD-102556,2025-05-24,C67065,Retail,Bengaluru,Bengaluru South,Mobile App,Cash on Delivery,Grocery,2,197.55,15.0,335.84,5.4,3.0,3,1.833,No
MRD-103238,2025-05-24,C62946,Retail,Bengaluru,Bengaluru South,Mobile App,Credit Card,Beauty,1,800.62,0.0,800.62,19.0,3.0,4,1.499,No
MRD-104356,2025-05-24,C79535,Retail,Mumbai,Mumbai West,Mobile App,UPI,Electronics,2,5558.2,15.0,9448.94,6.6,3.3,5,2.281,No
MRD-104346,2025-05-24,C89227,Retail,Delhi NCR,Delhi NCR,Mobile App,UPI,Grocery,1,404.65,20.0,323.72,2.3,3.3,1,2.571,No
MRD-102474,2025-05-24,C25374,Retail,Bengaluru,Bengaluru South,Website,Cash on Delivery,Apparel,2,662.52,0.0,1325.04,26.4,3.1,4,1.529,No
MRD-104559,2025-05-24,C11545,Retail,Delhi NCR,Delhi NCR,Mobile App,UPI,Grocery,1,270.18,0.0,270.18,6.7,1.0,3,0.879,No
MRD-100874,2025-05-24,C87773,Retail,Mumbai,Mumbai West,Mobile App,UPI,Apparel,1,1381.58,10.0,1243.42,34.2,2.7,5,1.965,No
MRD-104794,2025-05-24,C42828,Retail,Bengaluru,Bengaluru South,Mobile App,UPI,Grocery,3,301.02,0.0,903.06,2.2,1.0,2,1.543,No
MRD-104026,2025-05-24,C70820,Retail,Bengaluru,Bengaluru South,Mobile App,Cash on Delivery,Electronics,1,4680.44,20.0,3744.35,6.8,5.4,4,2.427,No
MRD-100698,2025-05-24,C58497,Retail,Bengaluru,Bengaluru South,Website,Net Banking,Grocery,2,188.8,0.0,377.6,4.8,2.2,4,1.208,No
MRD-101614,2025-05-24,C71389,Retail,Mumbai,Mumbai West,Website,UPI,Electronics,2,2747.03,5.0,5219.36,7.1,3.2,3,2.574,No
MRD-101691,2025-05-24,C52632,Retail,Bengaluru,Bengaluru South,Mobile App,UPI,Home & Kitchen,1,739.97,0.0,739.97,18.0,3.3,2,1.725,Yes
MRD-100314,2025-05-24,C13431,Retail,Mumbai,Mumbai West,Marketplace,Credit Card,Apparel,3,1012.3,0.0,3036.9,27.0,3.1,4,1.258,No
MRD-104218,2025-05-24,C43067,Retail,Delhi NCR,Delhi NCR,Mobile App,UPI,Home & Kitchen,1,4640.96,0.0,4640.96,18.3,5.4,5,2.086,No
MRD-101466,2025-05-24,C71906,Retail,Bengaluru,Bengaluru South,Mobile App,UPI,Grocery,1,392.07,0.0,392.07,3.0,1.3,1,1.691,No
MRD-100524,2025-05-25,C91121,Retail,Mumbai,Mumbai West,Mobile App,Net Banking,Beauty,2,1174.78,10.0,2114.6,22.5,3.4,5,1.136,No
MRD-100617,2025-05-25,C65974,Retail,Mumbai,Mumbai West,Mobile App,UPI,Grocery,2,193.94,5.0,368.49,2.8,3.6,4,1.706,No
MRD-104016,2025-05-25,C86067,Corporate,Mumbai,Mumbai West,Mobile App,UPI,Apparel,29,951.36,27.1,20112.7,31.3,2.5,4,1.883,No
MRD-103725,2025-05-25,C29608,Retail,Mumbai,Mumbai West,Marketplace,UPI,Grocery,2,264.39,10.0,475.9,3.4,3.4,5,2.231,No
MRD-104662,2025-05-25,C48496,Retail,Bengaluru,Bengaluru South,Mobile App,UPI,Grocery,2,237.26,10.0,427.07,5.0,1.0,4,2.118,No
MRD-100408,2025-05-25,C15127,Retail,Delhi NCR,Delhi NCR,Mobile App,Debit Card,Electronics,1,1950.11,20.0,1560.09,12.1,1.0,4,1.371,No
MRD-100836,2025-05-25,C47202,Retail,Delhi NCR,Delhi NCR,Mobile App,UPI,Home & Kitchen,1,1847.66,15.0,1570.51,17.5,1.0,4,1.84,No
MRD-104277,2025-05-25,C65401,Retail,Mumbai,Mumbai West,Mobile App,UPI,Electronics,2,534.41,10.0,961.94,7.0,3.4,4,2.313,No
MRD-103587,2025-05-25,C53043,Retail,Mumbai,Mumbai West,Marketplace,UPI,Grocery,1,139.94,5.0,132.94,5.3,3.6,5,1.746,No
MRD-101906,2025-05-25,C58905,Retail,Mumbai,Mumbai West,Website,Net Banking,Apparel,1,1551.68,0.0,1551.68,32.6,3.9,4,1.941,No
MRD-104740,2025-05-25,C85052,Retail,Mumbai,Mumbai West,Mobile App,Credit Card,Electronics,3,4971.04,5.0,14167.46,3.9,3.6,4,1.293,No
MRD-104734,2025-05-25,C88279,Retail,Bengaluru,Bengaluru South,Website,Net Banking,Grocery,1,165.33,0.0,165.33,6.4,3.8,2,1.658,No
MRD-104331,2025-05-25,C74103,Retail,Delhi NCR,Delhi NCR,Mobile App,Cash on Delivery,Apparel,2,752.15,0.0,1504.3,31.9,2.7,5,1.814,Yes
MRD-101839,2025-05-26,C83944,Retail,Delhi NCR,Delhi NCR,Mobile App,UPI,Home & Kitchen,1,1672.93,10.0,1505.64,24.9,3.4,4,1.833,No
MRD-104495,2025-05-26,C52175,Retail,Bengaluru,Bengaluru South,Mobile App,Cash on Delivery,Electronics,3,2788.06,5.0,7945.97,10.2,2.4,5,1.094,No
MRD-102219,2025-05-26,C79917,Retail,Bengaluru,Bengaluru South,Mobile App,UPI,Apparel,3,607.88,0.0,1823.64,37.6,3.3,4,2.039,No
MRD-103020,2025-05-26,C26008,Retail,Delhi NCR,Delhi NCR,Website,Cash on Delivery,Electronics,2,7552.55,15.0,12839.34,3.9,2.2,4,1.496,No
MRD-102163,2025-05-26,C35702,Corporate,Mumbai,Mumbai West,Mobile App,Net Banking,Apparel,34,762.46,9.9,23357.2,36.2,3.0,2,2.033,No
MRD-100280,2025-05-26,C92215,Retail,Bengaluru,Bengaluru South,Mobile App,Debit Card,Home & Kitchen,3,1479.71,20.0,3551.3,20.2,7.4,2,1.629,No
MRD-103485,2025-05-26,C24793,Retail,Mumbai,Mumbai West,Website,Debit Card,Grocery,1,196.89,5.0,187.05,5.4,3.1,4,2.327,No
MRD-101377,2025-05-26,C44315,Corporate,Bengaluru,Bengaluru South,Marketplace,Debit Card,Home & Kitchen,33,379.01,21.4,9830.76,19.8,4.6,5,1.257,No
MRD-103618,2025-05-26,C86599,Retail,Bengaluru,Bengaluru South,Website,Credit Card,Electronics,2,9015.01,10.0,16227.02,11.5,1.8,5,2.145,No
MRD-102332,2025-05-26,C80899,Retail,Bengaluru,Bengaluru South,Website,Cash on Delivery,Grocery,1,220.42,10.0,198.38,5.0,3.7,4,1.733,No
MRD-100590,2025-05-26,C11405,Retail,Bengaluru,Bengaluru South,Mobile App,Debit Card,Apparel,2,2744.35,5.0,5214.26,35.9,1.7,5,2.334,No
MRD-101362,2025-05-26,C70536,Retail,Delhi NCR,Delhi NCR,Mobile App,Cash on Delivery,Grocery,2,126.57,20.0,202.51,3.6,5.1,4,1.1,No
MRD-100638,2025-05-26,C20092,Corporate,Delhi NCR,Delhi NCR,Mobile App,Debit Card,Apparel,31,599.86,19.4,14988.1,24.3,6.0,5,1.823,Yes
MRD-103458,2025-05-26,C58139,Corporate,Delhi NCR,Delhi NCR,Website,Debit Card,Electronics,23,3510.32,12.2,70887.4,9.9,2.1,5,1.444,No
MRD-103492,2025-05-26,C34248,Retail,Bengaluru,Bengaluru South,Website,Credit Card,Beauty,1,501.4,0.0,501.4,26.4,6.4,5,1.559,No
MRD-104756,2025-05-27,C20300,Retail,Mumbai,Mumbai West,Mobile App,Wallet,Apparel,2,1392.81,0.0,2785.62,23.5,1.8,4,1.262,No
MRD-103958,2025-05-27,C46856,Retail,Delhi NCR,Delhi NCR,Mobile App,Credit Card,Home & Kitchen,3,1221.81,10.0,3298.89,14.7,37.3,1,2.022,Yes
MRD-104543,2025-05-27,C32896,Retail,Mumbai,Mumbai West,Website,Cash on Delivery,Electronics,1,5472.25,0.0,5472.25,9.6,3.5,5,1.43,No
MRD-102046,2025-05-27,C32396,Retail,Bengaluru,Bengaluru South,Mobile App,UPI,Apparel,1,1384.98,0.0,1384.98,31.6,2.0,4,2.346,No
MRD-100733,2025-05-27,C50071,Retail,Mumbai,Mumbai West,Marketplace,UPI,Electronics,2,5765.04,0.0,11530.08,9.3,2.3,3,1.485,No
MRD-101047,2025-05-27,C76843,Retail,Bengaluru,Bengaluru South,Mobile App,UPI,Apparel,1,693.12,0.0,693.12,41.0,3.8,4,2.356,No
MRD-101694,2025-05-27,C74533,Retail,Bengaluru,Bengaluru South,Marketplace,Cash on Delivery,Apparel,1,2740.43,10.0,2466.39,29.5,4.6,5,1.856,No
MRD-104866,2025-05-27,C75939,Retail,Delhi NCR,Delhi NCR,Mobile App,UPI,Electronics,1,21545.24,10.0,19390.72,8.1,5.5,4,1.255,No
MRD-101669,2025-05-27,C40909,Corporate,Bengaluru,Bengaluru South,Website,UPI,Apparel,29,870.75,15.1,21438.74,36.2,3.0,1,2.042,No
MRD-104296,2025-05-27,C80746,Retail,Delhi NCR,Delhi NCR,Marketplace,UPI,Grocery,3,242.86,20.0,582.86,2.6,2.4,4,1.69,No
MRD-102765,2025-05-27,C28961,Retail,Bengaluru,Bengaluru South,Marketplace,UPI,Home & Kitchen,2,739.81,10.0,1331.66,28.1,2.3,5,1.496,No
MRD-100366,2025-05-27,C23651,Retail,Mumbai,Mumbai West,Mobile App,UPI,Home & Kitchen,1,2265.98,15.0,1926.08,16.7,4.1,1,2.119,Yes
MRD-103980,2025-05-27,C92334,Retail,Mumbai,Mumbai West,Mobile App,Credit Card,Home & Kitchen,1,1691.93,15.0,1438.14,13.8,4.4,1,2.124,Yes
MRD-103853,2025-05-27,C43608,Retail,Mumbai,Mumbai West,Mobile App,Credit Card,Electronics,3,6541.78,5.0,18644.07,6.8,2.9,5,2.407,No
MRD-101416,2025-05-28,C95500,Retail,Delhi NCR,Delhi NCR,Website,UPI,Electronics,4,3175.02,0.0,12700.08,8.6,2.3,4,1.47,Yes
MRD-102170,2025-05-28,C92022,Retail,Bengaluru,Bengaluru South,Mobile App,UPI,Grocery,2,200.84,0.0,401.68,0.5,1.1,5,1.523,No
MRD-100334,2025-05-28,C65587,Retail,Mumbai,Mumbai West,Website,Credit Card,Grocery,3,206.76,0.0,620.28,5.8,2.6,5,2.632,No
MRD-103203,2025-05-28,C45477,Retail,Delhi NCR,Delhi NCR,Marketplace,Wallet,Home & Kitchen,2,2744.28,5.0,5214.13,16.0,1.0,1,1.913,No
MRD-102185,2025-05-28,C25262,Corporate,Delhi NCR,Delhi NCR,Mobile App,Cash on Delivery,Grocery,31,154.81,14.8,4088.84,1.4,6.0,4,1.472,No
MRD-102341,2025-05-28,C50821,Retail,Delhi NCR,Delhi NCR,Marketplace,UPI,Grocery,4,145.52,10.0,523.87,6.2,3.6,2,2.512,No
MRD-101772,2025-05-28,C40667,Retail,Bengaluru,Bengaluru South,Marketplace,Debit Card,Apparel,3,1493.5,0.0,4480.5,34.7,3.9,5,1.785,Yes
MRD-100691,2025-05-28,C22330,Retail,Mumbai,Mumbai West,Marketplace,Debit Card,Grocery,3,227.61,0.0,682.83,2.2,3.0,1,2.434,No
MRD-100621,2025-05-28,C43052,Retail,Bengaluru,Bengaluru South,Mobile App,Credit Card,Apparel,3,1426.9,5.0,4066.67,27.9,2.6,2,1.517,No
MRD-102139,2025-05-28,C87719,Corporate,Mumbai,Mumbai West,Mobile App,UPI,Electronics,32,3444.53,9.3,99974.04,8.3,3.4,5,1.731,No
MRD-103421,2025-05-28,C46616,Corporate,Delhi NCR,Delhi NCR,Mobile App,Debit Card,Electronics,34,7063.39,14.0,206533.52,11.5,4.7,4,2.52,No
MRD-101331,2025-05-28,C55013,Retail,Mumbai,Mumbai West,Mobile App,Wallet,Grocery,1,184.7,0.0,184.7,3.5,2.0,2,1.924,Yes
MRD-103045,2025-05-28,C71766,Retail,Bengaluru,Bengaluru South,Marketplace,UPI,Apparel,2,905.79,10.0,1630.42,33.6,2.5,2,1.612,No
MRD-101420,2025-05-28,C47334,Retail,Bengaluru,Bengaluru South,Website,UPI,Electronics,3,2531.54,0.0,7594.62,9.8,5.6,5,1.547,No
MRD-100904,2025-05-29,C34611,Retail,Delhi NCR,Delhi NCR,Mobile App,Cash on Delivery,Apparel,1,413.54,5.0,392.86,33.2,3.8,5,1.699,No
MRD-102870,2025-05-29,C46179,Retail,Bengaluru,Bengaluru South,Mobile App,Cash on Delivery,Apparel,2,551.86,5.0,1048.53,38.3,4.1,5,1.814,Yes
MRD-101997,2025-05-29,C58256,Retail,Mumbai,Mumbai West,Mobile App,Debit Card,Apparel,1,741.87,15.0,630.59,37.5,2.4,3,1.394,No
MRD-102970,2025-05-29,C92663,Corporate,Bengaluru,Bengaluru South,Website,UPI,Electronics,26,5035.56,27.5,94920.31,9.1,4.0,1,2.559,No
MRD-102392,2025-05-29,C67852,Corporate,Bengaluru,Bengaluru South,Mobile App,UPI,Apparel,28,864.74,22.1,18861.71,30.4,3.1,4,1.743,No
MRD-100994,2025-05-29,C76747,Corporate,Bengaluru,Bengaluru South,Website,Credit Card,Electronics,26,3189.28,11.9,73053.65,7.6,2.1,2,1.1,Yes
MRD-101526,2025-05-29,C32583,Retail,Delhi NCR,Delhi NCR,Mobile App,Credit Card,Electronics,1,3408.13,10.0,3067.32,6.2,14.6,4,2.053,No
MRD-103391,2025-05-29,C28718,Retail,Mumbai,Mumbai West,Marketplace,Debit Card,Apparel,2,680.4,0.0,1360.8,37.0,3.7,4,1.881,No
MRD-102948,2025-05-29,C26646,Retail,Mumbai,Mumbai West,Mobile App,UPI,Grocery,3,261.5,0.0,784.5,4.3,3.1,3,0.914,No
MRD-101605,2025-05-29,C79669,Retail,Mumbai,Mumbai West,Mobile App,Cash on Delivery,Electronics,1,7340.99,5.0,6973.94,9.3,2.2,4,2.103,No
MRD-100348,2025-05-29,C78786,Retail,Bengaluru,Bengaluru South,Mobile App,Credit Card,Apparel,3,940.86,0.0,2822.58,31.5,1.9,5,1.922,No
MRD-104131,2025-05-29,C99479,Retail,Mumbai,Mumbai West,Website,Net Banking,Home & Kitchen,2,1504.47,10.0,2708.05,19.9,2.7,4,1.951,No
MRD-103902,2025-05-29,C53236,Retail,Mumbai,Mumbai West,Website,Cash on Delivery,Grocery,3,276.36,5.0,787.63,1.2,3.2,3,1.803,No
MRD-104782,2025-05-29,C74079,Retail,Mumbai,Mumbai West,Website,UPI,Apparel,3,1189.49,15.0,3033.2,29.3,2.9,5,1.487,No
MRD-100137,2025-05-29,C88908,Retail,Bengaluru,Bengaluru South,Website,Debit Card,Grocery,1,291.25,10.0,262.12,3.1,4.2,1,2.289,No
MRD-103993,2025-05-29,C52491,Corporate,Delhi NCR,Delhi NCR,Marketplace,UPI,Grocery,27,222.01,19.9,4801.41,4.9,1.0,1,2.053,No
MRD-100989,2025-05-29,C81720,Retail,Bengaluru,Bengaluru South,Mobile App,UPI,Electronics,4,2613.48,0.0,10453.92,9.9,2.2,4,1.771,No
MRD-101649,2025-05-30,C83651,Retail,Delhi NCR,Delhi NCR,Mobile App,Net Banking,Grocery,1,318.53,10.0,286.68,3.4,3.6,5,1.818,No
MRD-103356,2025-05-30,C27414,Retail,Mumbai,Mumbai West,Mobile App,UPI,Apparel,3,415.29,0.0,1245.87,28.6,4.2,5,2.119,No
MRD-104160,2025-05-30,C40697,Corporate,Delhi NCR,Delhi NCR,Website,Debit Card,Home & Kitchen,31,1587.47,23.3,37745.27,8.7,1.0,4,2.742,No
MRD-103563,2025-05-30,C81197,Retail,Mumbai,Mumbai West,Website,Credit Card,Electronics,2,10723.27,0.0,21446.54,7.2,3.5,4,1.298,No
MRD-102667,2025-05-30,C38891,Retail,Bengaluru,Bengaluru South,Website,UPI,Home & Kitchen,2,7114.55,20.0,11383.28,12.4,2.7,5,1.379,No
MRD-103865,2025-05-30,C78000,Retail,Mumbai,Mumbai West,Website,Credit Card,Electronics,1,4448.68,0.0,4448.68,6.2,3.5,3,1.772,No
MRD-103872,2025-05-30,C41064,Retail,Mumbai,Mumbai West,Website,UPI,Grocery,4,236.36,15.0,803.62,2.3,3.9,5,1.216,No
MRD-101730,2025-05-30,C63151,Retail,Delhi NCR,Delhi NCR,Marketplace,Credit Card,Electronics,1,923.43,20.0,738.74,5.9,3.5,1,1.292,Yes
MRD-103012,2025-05-30,C14350,Retail,Bengaluru,Bengaluru South,Website,Cash on Delivery,Home & Kitchen,1,3419.34,5.0,3248.37,20.1,3.1,4,2.379,No
MRD-102712,2025-05-30,C84876,Retail,Mumbai,Mumbai West,Marketplace,Credit Card,Grocery,1,260.92,20.0,208.74,2.4,3.0,1,1.364,Yes
MRD-104979,2025-05-30,C65281,Retail,Mumbai,Mumbai West,Mobile App,UPI,Apparel,5,259.5,0.0,1297.5,24.5,4.1,5,1.367,No
MRD-103746,2025-05-30,C41458,Retail,Mumbai,Mumbai West,Mobile App,Net Banking,Beauty,3,391.09,20.0,938.62,24.8,3.3,4,2.181,No
MRD-101785,2025-05-30,C29797,Retail,Mumbai,Mumbai West,Website,Credit Card,Electronics,2,11840.76,0.0,23681.52,6.5,3.3,5,2.267,No
MRD-103507,2025-05-31,C54807,Retail,Mumbai,Mumbai West,Website,Credit Card,Apparel,1,1242.45,0.0,1242.45,32.4,4.2,4,1.435,No
MRD-102227,2025-05-31,C37012,Retail,Mumbai,Mumbai West,Marketplace,Wallet,Apparel,2,1017.18,0.0,2034.36,29.9,3.3,2,1.546,Yes
MRD-103589,2025-05-31,C16690,Retail,Mumbai,Mumbai West,Website,Credit Card,Home & Kitchen,1,433.71,0.0,433.71,16.3,3.3,3,1.89,No
MRD-104133,2025-05-31,C64436,Retail,Bengaluru,Bengaluru South,Mobile App,Net Banking,Home & Kitchen,1,963.08,10.0,866.77,24.7,2.1,4,1.999,No
MRD-103291,2025-05-31,C19065,Retail,Bengaluru,Bengaluru South,Mobile App,Credit Card,Grocery,2,209.88,20.0,335.81,4.4,4.9,5,2.704,No
MRD-101212,2025-05-31,C75789,Retail,Mumbai,Mumbai West,Mobile App,UPI,Home & Kitchen,4,914.02,10.0,3290.47,15.3,3.7,5,2.063,No
MRD-102661,2025-05-31,C82171,Retail,Bengaluru,Bengaluru South,Mobile App,UPI,Grocery,1,176.85,0.0,176.85,2.1,4.7,2,2.155,No
MRD-101684,2025-05-31,C51520,Retail,Bengaluru,Bengaluru South,Mobile App,Cash on Delivery,Apparel,2,922.63,15.0,1568.47,38.9,4.8,4,1.708,No
MRD-104728,2025-05-31,C39906,Retail,Mumbai,Mumbai West,Mobile App,Credit Card,Electronics,1,11679.48,0.0,11679.48,10.6,3.1,1,2.1,Yes
MRD-101658,2025-05-31,C77282,Corporate,Mumbai,Mumbai West,Marketplace,Credit Card,Beauty,29,903.26,26.2,19331.57,30.1,3.3,4,1.909,No
MRD-104561,2025-05-31,C65910,Retail,Mumbai,Mumbai West,Mobile App,Cash on Delivery,Apparel,1,582.91,10.0,524.62,36.1,3.0,5,2.487,No
MRD-104382,2025-05-31,C70539,Retail,Bengaluru,Bengaluru South,Website,UPI,Grocery,2,181.52,0.0,363.04,2.4,1.0,2,1.778,No
MRD-102985,2025-05-31,C14413,Retail,Bengaluru,Bengaluru South,Mobile App,Credit Card,Electronics,2,6185.87,0.0,12371.74,9.3,5.0,4,1.928,No
MRD-101368,2025-05-31,C88134,Corporate,Mumbai,Mumbai West,Mobile App,Credit Card,Electronics,32,5770.28,20.0,147719.17,9.3,3.4,5,1.304,No
MRD-104310,2025-05-31,C80969,Retail,Delhi NCR,Delhi NCR,Mobile App,Credit Card,Electronics,2,1748.93,0.0,3497.86,7.3,5.9,5,2.416,No
MRD-102943,2025-05-31,C10030,Retail,Delhi NCR,Delhi NCR,Website,UPI,Grocery,2,200.94,20.0,321.5,2.2,4.2,2,1.661,No
MRD-101714,2025-05-31,C20399,Retail,Bengaluru,Bengaluru South,Mobile App,UPI,Electronics,4,3137.06,10.0,11293.42,9.6,3.1,4,2.147,No
MRD-101011,2025-06-01,C13110,Retail,Bengaluru,Bengaluru South,Mobile App,UPI,Apparel,1,2160.89,15.0,1836.76,30.4,3.0,5,1.929,No
MRD-103023,2025-06-01,C45356,Retail,Mumbai,Mumbai West,Mobile App,UPI,Grocery,2,154.61,0.0,309.22,7.2,3.4,5,2.285,No
MRD-103701,2025-06-01,C77753,Corporate,Mumbai,Mumbai West,Mobile App,Credit Card,Beauty,30,1184.39,12.1,31232.36,27.4,3.5,5,2.129,No
MRD-102343,2025-06-01,C78024,Retail,Mumbai,Mumbai West,Website,Cash on Delivery,Home & Kitchen,1,1132.7,5.0,1076.06,19.8,4.5,4,2.169,No
MRD-101916,2025-06-01,C55912,Retail,Delhi NCR,Delhi NCR,Mobile App,Debit Card,Electronics,2,8694.2,5.0,16518.98,9.8,3.1,4,1.437,No
MRD-104644,2025-06-01,C69895,Retail,Delhi NCR,Delhi NCR,Marketplace,UPI,Home & Kitchen,1,1534.03,10.0,1380.63,13.8,1.0,3,2.289,No
MRD-104031,2025-06-01,C70063,Retail,Bengaluru,Bengaluru South,Mobile App,Net Banking,Home & Kitchen,1,1949.4,0.0,1949.4,9.4,1.8,5,2.036,No
MRD-104221,2025-06-01,C68223,Retail,Bengaluru,Bengaluru South,Marketplace,Cash on Delivery,Apparel,3,1020.88,15.0,2603.24,32.2,5.1,3,1.637,No
MRD-100540,2025-06-01,C92025,Retail,Delhi NCR,Delhi NCR,Mobile App,Debit Card,Electronics,2,5698.93,5.0,10827.97,6.6,4.0,5,1.624,No
MRD-103426,2025-06-01,C49958,Retail,Delhi NCR,Delhi NCR,Website,Debit Card,Apparel,1,868.55,5.0,825.12,43.3,3.4,1,1.717,No
MRD-101095,2025-06-01,C89146,Retail,Mumbai,Mumbai West,Marketplace,Debit Card,Grocery,2,238.46,15.0,405.38,4.2,3.7,5,1.305,No
MRD-103142,2025-06-01,C54472,Retail,Mumbai,Mumbai West,Website,UPI,Electronics,1,7972.95,15.0,6777.01,4.0,3.3,1,1.356,Yes
MRD-104994,2025-06-01,C25882,Retail,Delhi NCR,Delhi NCR,Marketplace,UPI,Grocery,1,133.68,0.0,133.68,4.0,5.1,2,1.821,No
MRD-102320,2025-06-01,C67594,Retail,Bengaluru,Bengaluru South,Website,UPI,Home & Kitchen,3,2438.69,0.0,7316.07,23.9,4.5,4,2.123,No
MRD-101113,2025-06-01,C48659,Retail,Delhi NCR,Delhi NCR,Marketplace,Cash on Delivery,Electronics,1,4312.15,20.0,3449.72,6.2,4.5,5,1.546,No
MRD-104249,2025-06-01,C11676,Retail,Mumbai,Mumbai West,Website,UPI,Apparel,2,430.97,5.0,818.84,27.6,2.7,3,1.851,No
MRD-101330,2025-06-01,C12225,Retail,Bengaluru,Bengaluru South,Mobile App,UPI,Apparel,1,1670.14,15.0,1419.62,32.3,2.3,3,2.287,No
MRD-102585,2025-06-02,C38543,Retail,Mumbai,Mumbai West,Mobile App,Debit Card,Grocery,1,229.28,15.0,194.89,6.0,2.7,4,2.325,No
MRD-102522,2025-06-02,C79276,Retail,Mumbai,Mumbai West,Website,Credit Card,Apparel,3,469.25,15.0,1196.59,33.1,3.5,2,1.532,Yes
MRD-103083,2025-06-02,C70220,Retail,Mumbai,Mumbai West,Mobile App,UPI,Home & Kitchen,4,5220.79,0.0,20883.16,21.1,2.8,1,1.279,Yes
MRD-102209,2025-06-02,C37315,Corporate,Delhi NCR,Delhi NCR,Marketplace,UPI,Grocery,27,179.04,21.5,3794.75,7.1,4.8,1,0.882,No
MRD-100649,2025-06-02,C69411,Retail,Bengaluru,Bengaluru South,Website,UPI,Home & Kitchen,4,905.42,15.0,3078.43,19.3,6.7,2,1.933,No
MRD-102061,2025-06-02,C88733,Retail,Delhi NCR,Delhi NCR,Mobile App,Debit Card,Apparel,1,539.23,15.0,458.35,32.7,5.1,3,1.628,No
MRD-101707,2025-06-02,C32145,Retail,Mumbai,Mumbai West,Website,UPI,Grocery,1,230.93,15.0,196.29,4.1,3.3,2,2.235,No
MRD-103101,2025-06-02,C95294,Retail,Mumbai,Mumbai West,Website,Debit Card,Electronics,4,18131.69,5.0,68900.42,11.9,3.1,5,2.555,No
MRD-103199,2025-06-02,C55538,Retail,Delhi NCR,Delhi NCR,Website,Wallet,Home & Kitchen,2,897.16,15.0,1525.17,17.3,1.8,4,0.948,No
MRD-101506,2025-06-02,C18521,Retail,Mumbai,Mumbai West,Mobile App,UPI,Electronics,1,3684.51,0.0,3684.51,9.4,3.3,5,1.099,No
MRD-100110,2025-06-02,C67307,Retail,Bengaluru,Bengaluru South,Mobile App,Cash on Delivery,Grocery,1,275.67,10.0,248.1,2.8,1.0,5,1.919,No
MRD-101846,2025-06-02,C53950,Retail,Mumbai,Mumbai West,Mobile App,Debit Card,Apparel,1,1480.29,10.0,1332.26,38.1,3.6,4,1.675,No
MRD-102242,2025-06-02,C80357,Retail,Bengaluru,Bengaluru South,Website,Credit Card,Grocery,1,201.27,5.0,191.21,5.3,1.0,4,2.768,No
MRD-101314,2025-06-02,C45410,Retail,Bengaluru,Bengaluru South,Website,UPI,Grocery,1,166.5,20.0,133.2,0.5,3.7,4,1.109,No
MRD-104361,2025-06-02,C63490,Retail,Mumbai,Mumbai West,Mobile App,UPI,Home & Kitchen,1,657.05,15.0,558.49,20.5,4.0,2,1.766,Yes
MRD-101700,2025-06-02,C25225,Retail,Delhi NCR,Delhi NCR,Mobile App,Cash on Delivery,Home & Kitchen,2,1777.47,0.0,3554.94,19.6,6.0,4,1.582,No
MRD-102653,2025-06-02,C22553,Retail,Delhi NCR,Delhi NCR,Website,UPI,Apparel,2,720.33,0.0,1440.66,36.8,3.0,1,1.678,No
MRD-100333,2025-06-03,C96981,Corporate,Bengaluru,Bengaluru South,Marketplace,UPI,Grocery,29,146.55,12.9,3701.71,0.5,2.6,4,1.468,No
MRD-102051,2025-06-03,C51701,Retail,Bengaluru,Bengaluru South,Mobile App,Debit Card,Home & Kitchen,1,2460.01,10.0,2214.01,17.0,1.3,5,1.924,No
MRD-103895,2025-06-03,C70580,Retail,Bengaluru,Bengaluru South,Mobile App,Cash on Delivery,Apparel,3,744.24,5.0,2121.08,29.8,4.2,4,2.337,No
MRD-102045,2025-06-03,C69997,Retail,Bengaluru,Bengaluru South,Website,Cash on Delivery,Home & Kitchen,2,1386.96,0.0,2773.92,15.5,5.0,4,1.658,No
MRD-104071,2025-06-03,C75056,Retail,Mumbai,Mumbai West,Website,Debit Card,Electronics,1,1935.07,15.0,1644.81,7.3,3.1,4,1.875,No
MRD-102898,2025-06-03,C67562,Retail,Mumbai,Mumbai West,Website,UPI,Apparel,3,810.06,5.0,2308.67,35.9,3.5,4,1.224,Yes
MRD-101021,2025-06-03,C95719,Retail,Mumbai,Mumbai West,Mobile App,UPI,Grocery,2,269.69,0.0,539.38,5.0,3.5,2,1.818,No
MRD-101404,2025-06-03,C38585,Retail,Delhi NCR,Delhi NCR,Marketplace,UPI,Electronics,4,2928.64,20.0,9371.65,7.5,2.0,1,2.02,No
MRD-103932,2025-06-03,C70592,Retail,Delhi NCR,Delhi NCR,Mobile App,Debit Card,Grocery,1,291.14,0.0,291.14,6.4,2.8,2,1.289,No
MRD-104054,2025-06-03,C27869,Retail,Bengaluru,Bengaluru South,Marketplace,Debit Card,Grocery,3,225.69,0.0,677.07,2.8,2.6,4,1.083,No
MRD-101004,2025-06-03,C50751,Retail,Delhi NCR,Delhi NCR,Mobile App,UPI,Grocery,3,277.91,15.0,708.67,5.5,19.1,1,2.462,Yes
MRD-103758,2025-06-03,C54107,Retail,Delhi NCR,Delhi NCR,Website,Credit Card,Beauty,2,919.65,0.0,1839.3,19.3,6.6,5,1.573,No
MRD-103409,2025-06-03,C19963,Retail,Mumbai,Mumbai West,Mobile App,UPI,Grocery,4,149.4,0.0,597.6,3.0,3.7,4,2.596,No
MRD-100909,2025-06-04,C35444,Retail,Delhi NCR,Delhi NCR,Mobile App,UPI,Apparel,1,885.15,0.0,885.15,37.5,1.9,4,1.591,No
MRD-104452,2025-06-04,C94830,Retail,Mumbai,Mumbai West,Mobile App,Credit Card,Electronics,1,3938.28,0.0,3938.28,11.2,3.3,4,1.631,No
MRD-102878,2025-06-04,C28696,Retail,Bengaluru,Bengaluru South,Mobile App,UPI,Electronics,1,2860.03,5.0,2717.03,9.0,4.5,4,2.535,Yes
MRD-104396,2025-06-04,C45618,Retail,Bengaluru,Bengaluru South,Website,Debit Card,Home & Kitchen,2,1375.81,5.0,2614.04,16.5,2.6,1,1.596,No
MRD-102155,2025-06-04,C66255,Retail,Delhi NCR,Delhi NCR,Mobile App,UPI,Apparel,2,1064.22,0.0,2128.44,34.1,3.9,4,1.72,No
MRD-102084,2025-06-04,C18405,Retail,Mumbai,Mumbai West,Mobile App,Debit Card,Grocery,1,167.11,0.0,167.11,4.2,4.6,5,1.203,No
MRD-100281,2025-06-04,C58737,Retail,Mumbai,Mumbai West,Mobile App,Cash on Delivery,Grocery,4,200.91,5.0,763.46,2.5,2.6,5,1.712,No
MRD-103191,2025-06-04,C70971,Retail,Bengaluru,Bengaluru South,Mobile App,Cash on Delivery,Electronics,2,2226.81,10.0,4008.26,8.8,3.9,4,1.68,No
MRD-102416,2025-06-04,C95238,Retail,Bengaluru,Bengaluru South,Website,Net Banking,Electronics,2,1293.59,10.0,2328.46,6.9,1.8,5,1.936,No
MRD-101637,2025-06-04,C61845,Retail,Bengaluru,Bengaluru South,Mobile App,UPI,Electronics,1,6815.77,5.0,6474.98,5.0,3.4,1,2.079,Yes
MRD-101108,2025-06-04,C98409,Retail,Delhi NCR,Delhi NCR,Mobile App,UPI,Electronics,2,866.22,0.0,1732.44,7.4,2.1,1,0.982,No
MRD-100189,2025-06-04,C19054,Retail,Bengaluru,Bengaluru South,Mobile App,Credit Card,Home & Kitchen,1,1148.99,0.0,1148.99,15.3,1.1,2,1.963,No
MRD-102806,2025-06-04,C47718,Retail,Delhi NCR,Delhi NCR,Website,UPI,Home & Kitchen,1,1469.84,5.0,1396.35,13.7,2.5,4,1.349,No
MRD-103803,2025-06-05,C11395,Retail,Bengaluru,Bengaluru South,Mobile App,UPI,Grocery,2,255.38,5.0,485.22,2.5,2.3,4,1.721,No
MRD-101128,2025-06-05,C93460,Retail,Delhi NCR,Delhi NCR,Mobile App,UPI,Home & Kitchen,1,711.25,15.0,604.56,22.1,6.7,2,2.367,Yes
MRD-101332,2025-06-05,C76253,Retail,Delhi NCR,Delhi NCR,Website,Credit Card,Beauty,3,741.38,5.0,2112.93,20.2,3.1,3,2.01,No
MRD-103601,2025-06-05,C22651,Retail,Mumbai,Mumbai West,Mobile App,UPI,Apparel,3,880.74,10.0,2378.0,33.0,3.9,5,1.878,Yes
MRD-103062,2025-06-05,C90999,Retail,Mumbai,Mumbai West,Mobile App,UPI,Grocery,1,278.15,20.0,222.52,3.4,3.2,1,1.69,No
MRD-100895,2025-06-05,C84300,Retail,Bengaluru,Bengaluru South,Mobile App,UPI,Beauty,1,742.82,0.0,742.82,27.7,2.8,4,2.446,No
MRD-100849,2025-06-05,C36841,Retail,Mumbai,Mumbai West,Mobile App,Debit Card,Grocery,2,298.34,5.0,566.85,0.9,4.2,2,2.325,No
MRD-102946,2025-06-05,C35996,Retail,Mumbai,Mumbai West,Mobile App,Credit Card,Apparel,4,1104.15,0.0,4416.6,28.7,3.5,1,1.996,No
MRD-104497,2025-06-05,C92451,Retail,Bengaluru,Bengaluru South,Marketplace,Cash on Delivery,Apparel,1,2201.52,0.0,2201.52,34.1,2.3,5,2.315,No
MRD-104161,2025-06-05,C26215,Retail,Mumbai,Mumbai West,Website,Credit Card,Apparel,2,941.07,0.0,1882.14,27.8,3.3,5,1.926,Yes
MRD-100627,2025-06-05,C55204,Retail,Delhi NCR,Delhi NCR,Website,UPI,Electronics,2,12303.52,10.0,22146.34,7.0,2.2,2,2.844,No
MRD-101523,2025-06-06,C93066,Retail,Mumbai,Mumbai West,Mobile App,Debit Card,Grocery,3,252.07,0.0,756.21,5.1,3.6,2,1.47,Yes
MRD-101033,2025-06-06,C36331,Retail,Mumbai,Mumbai West,Website,Debit Card,Apparel,1,899.02,0.0,899.02,24.8,2.8,1,1.765,Yes
MRD-102467,2025-06-06,C76541,Retail,Mumbai,Mumbai West,Mobile App,UPI,Home & Kitchen,1,732.94,15.0,623.0,27.3,3.1,2,2.068,No
MRD-103833,2025-06-06,C41267,Retail,Mumbai,Mumbai West,Mobile App,UPI,Grocery,4,197.15,0.0,788.6,6.0,2.7,5,1.489,No
MRD-100760,2025-06-06,C47663,Retail,Delhi NCR,Delhi NCR,Website,Debit Card,Electronics,1,1527.43,20.0,1221.94,12.7,2.5,4,2.34,No
MRD-101379,2025-06-06,C53503,Retail,Mumbai,Mumbai West,Website,Wallet,Grocery,3,259.75,20.0,623.4,4.5,2.7,5,1.997,No
MRD-101231,2025-06-06,C26416,Retail,Mumbai,Mumbai West,Website,UPI,Electronics,3,6455.61,10.0,17430.15,5.8,3.1,1,1.723,No
MRD-103886,2025-06-06,C55721,Retail,Mumbai,Mumbai West,Mobile App,Cash on Delivery,Home & Kitchen,2,3545.16,10.0,6381.29,21.2,2.6,4,1.963,No
MRD-102829,2025-06-06,C40551,Retail,Bengaluru,Bengaluru South,Mobile App,Cash on Delivery,Grocery,3,308.65,20.0,740.76,4.8,3.5,2,2.001,No
MRD-104582,2025-06-06,C64056,Retail,Bengaluru,Bengaluru South,Mobile App,UPI,Grocery,3,238.16,20.0,571.58,2.7,5.5,5,2.421,Yes
MRD-100741,2025-06-06,C49007,Corporate,Bengaluru,Bengaluru South,Website,Credit Card,Grocery,29,207.48,10.9,5361.08,5.2,5.1,5,1.628,Yes
MRD-100825,2025-06-07,C93062,Retail,Delhi NCR,Delhi NCR,Mobile App,Net Banking,Beauty,1,1133.31,0.0,1133.31,23.6,3.3,2,1.091,No
MRD-102902,2025-06-07,C87632,Retail,Mumbai,Mumbai West,Mobile App,UPI,Apparel,1,487.31,0.0,487.31,38.5,3.2,5,1.553,No
MRD-101463,2025-06-07,C90458,Retail,Delhi NCR,Delhi NCR,Website,Debit Card,Home & Kitchen,1,1827.07,10.0,1644.36,19.7,44.3,2,1.548,No
MRD-100252,2025-06-07,C86764,Retail,Bengaluru,Bengaluru South,Website,UPI,Apparel,2,3113.99,0.0,6227.98,32.1,2.8,5,1.808,No
MRD-101394,2025-06-07,C14135,Retail,Delhi NCR,Delhi NCR,Mobile App,UPI,Apparel,1,1679.77,10.0,1511.79,23.9,1.0,2,1.563,No
MRD-100952,2025-06-07,C28413,Retail,Delhi NCR,Delhi NCR,Mobile App,Credit Card,Apparel,1,1165.01,0.0,1165.01,39.3,1.0,2,1.841,No
MRD-102040,2025-06-07,C32456,Retail,Bengaluru,Bengaluru South,Mobile App,UPI,Home & Kitchen,3,924.56,0.0,2773.68,17.4,5.1,4,2.254,No
MRD-103010,2025-06-07,C15147,Retail,Bengaluru,Bengaluru South,Marketplace,Net Banking,Grocery,3,213.51,20.0,512.42,4.6,4.3,5,2.698,No
MRD-103983,2025-06-07,C38264,Corporate,Bengaluru,Bengaluru South,Website,UPI,Home & Kitchen,34,1562.91,15.3,45008.68,14.8,2.5,5,1.253,No
MRD-101877,2025-06-07,C34542,Retail,Bengaluru,Bengaluru South,Mobile App,UPI,Electronics,2,11833.67,0.0,23667.34,5.8,3.7,5,2.168,No
MRD-104459,2025-06-07,C59802,Retail,Bengaluru,Bengaluru South,Website,Credit Card,Apparel,1,1663.31,0.0,1663.31,30.1,4.7,5,1.901,No
MRD-101217,2025-06-07,C99100,Retail,Mumbai,Mumbai West,Mobile App,Credit Card,Apparel,2,911.73,0.0,1823.46,27.2,3.8,4,1.815,No
MRD-102433,2025-06-07,C55997,Retail,Bengaluru,Bengaluru South,Mobile App,UPI,Apparel,1,1452.25,5.0,1379.64,32.7,4.7,5,2.376,No
MRD-103294,2025-06-07,C25464,Retail,Mumbai,Mumbai West,Mobile App,UPI,Home & Kitchen,1,1502.34,20.0,1201.87,17.3,2.2,1,1.696,No
MRD-104825,2025-06-07,C40476,Retail,Mumbai,Mumbai West,Marketplace,UPI,Apparel,5,474.07,15.0,2014.8,31.1,4.1,5,1.9,No
MRD-101657,2025-06-08,C51076,Retail,Delhi NCR,Delhi NCR,Website,UPI,Home & Kitchen,2,699.65,0.0,1399.3,12.4,1.0,4,1.648,No
MRD-101097,2025-06-08,C25581,Retail,Delhi NCR,Delhi NCR,Mobile App,UPI,Electronics,1,1795.19,5.0,1705.43,11.0,4.0,4,1.517,Yes
MRD-102674,2025-06-08,C84425,Retail,Mumbai,Mumbai West,Mobile App,UPI,Apparel,2,1502.66,0.0,3005.32,26.5,2.8,3,1.539,No
MRD-103080,2025-06-08,C21803,Retail,Bengaluru,Bengaluru South,Marketplace,Credit Card,Apparel,2,2033.93,0.0,4067.86,38.6,1.0,5,1.778,Yes
MRD-101030,2025-06-08,C40254,Retail,Mumbai,Mumbai West,Website,UPI,Grocery,2,188.88,0.0,377.76,3.2,3.1,3,2.372,No
MRD-103603,2025-06-08,C91864,Retail,Delhi NCR,Delhi NCR,Mobile App,Debit Card,Grocery,4,344.91,5.0,1310.66,2.5,2.3,4,2.1,No
MRD-101676,2025-06-08,C16163,Retail,Mumbai,Mumbai West,Marketplace,UPI,Beauty,2,589.63,0.0,1179.26,26.4,3.2,3,1.385,No
MRD-101029,2025-06-08,C72796,Retail,Delhi NCR,Delhi NCR,Mobile App,UPI,Grocery,1,459.64,5.0,436.66,3.5,2.0,3,2.109,No
MRD-103963,2025-06-08,C53351,Retail,Delhi NCR,Delhi NCR,Marketplace,Credit Card,Home & Kitchen,1,278.14,15.0,236.42,11.1,10.5,4,2.052,No
MRD-103425,2025-06-08,C68072,Retail,Bengaluru,Bengaluru South,Mobile App,Credit Card,Apparel,2,1317.99,5.0,2504.18,35.7,4.6,1,2.671,Yes
MRD-101843,2025-06-08,C19689,Retail,Mumbai,Mumbai West,Mobile App,Cash on Delivery,Grocery,3,242.17,10.0,653.86,1.8,2.7,5,1.481,No
MRD-103351,2025-06-08,C63504,Retail,Mumbai,Mumbai West,Mobile App,Debit Card,Electronics,1,4814.83,15.0,4092.61,7.1,2.8,4,2.172,No
MRD-102168,2025-06-08,C66723,Retail,Mumbai,Mumbai West,Mobile App,Cash on Delivery,Beauty,2,669.81,0.0,1339.62,27.9,3.4,1,2.772,No
MRD-101597,2025-06-08,C64478,Corporate,Mumbai,Mumbai West,Mobile App,UPI,Electronics,25,2374.05,8.8,54128.34,8.4,2.9,2,2.343,Yes
MRD-103510,2025-06-08,C84414,Retail,Delhi NCR,Delhi NCR,Mobile App,UPI,Grocery,1,251.64,15.0,213.89,3.0,4.7,4,1.613,No
MRD-102334,2025-06-08,C92109,Retail,Bengaluru,Bengaluru South,Mobile App,Cash on Delivery,Beauty,2,1264.49,0.0,2528.98,22.6,4.5,4,2.109,No
MRD-102054,2025-06-08,C33265,Retail,Mumbai,Mumbai West,Mobile App,UPI,Apparel,1,573.42,0.0,573.42,32.7,2.8,5,2.457,No
MRD-100772,2025-06-09,C91396,Retail,Bengaluru,Bengaluru South,Marketplace,UPI,Apparel,2,696.68,0.0,1393.36,30.3,4.5,5,1.526,No
MRD-102214,2025-06-09,C10156,Retail,Mumbai,Mumbai West,Mobile App,UPI,Electronics,2,3038.51,0.0,6077.02,3.8,2.9,5,2.254,Yes
MRD-104353,2025-06-09,C46036,Retail,Bengaluru,Bengaluru South,Mobile App,UPI,Home & Kitchen,1,2508.74,0.0,2508.74,21.4,4.0,4,1.697,No
MRD-100095,2025-06-09,C56264,Retail,Bengaluru,Bengaluru South,Marketplace,UPI,Apparel,2,2931.58,5.0,5570.0,30.4,3.6,5,1.634,No
MRD-102049,2025-06-09,C27713,Retail,Delhi NCR,Delhi NCR,Mobile App,Debit Card,Grocery,2,203.34,0.0,406.68,5.3,3.4,4,1.702,No
MRD-100790,2025-06-09,C41131,Retail,Mumbai,Mumbai West,Mobile App,UPI,Beauty,1,648.67,0.0,648.67,28.4,3.7,5,0.539,No
MRD-102266,2025-06-09,C73153,Retail,Mumbai,Mumbai West,Mobile App,Credit Card,Grocery,1,219.24,0.0,219.24,4.0,2.6,4,2.338,No
MRD-103030,2025-06-09,C44692,Retail,Delhi NCR,Delhi NCR,Website,Cash on Delivery,Apparel,1,611.43,15.0,519.72,29.8,2.3,5,1.228,No
MRD-104205,2025-06-09,C27658,Retail,Bengaluru,Bengaluru South,Website,Credit Card,Grocery,2,217.38,10.0,391.28,3.3,6.1,1,1.587,Yes
MRD-101924,2025-06-09,C26971,Corporate,Delhi NCR,Delhi NCR,Mobile App,UPI,Apparel,24,755.41,26.1,13397.95,34.4,2.3,2,1.757,No
MRD-104154,2025-06-09,C57417,Retail,Bengaluru,Bengaluru South,Website,Cash on Delivery,Grocery,3,222.0,5.0,632.7,6.1,1.9,4,2.102,No
MRD-101999,2025-06-09,C12669,Retail,Mumbai,Mumbai West,Mobile App,Credit Card,Electronics,1,3351.27,15.0,2848.58,9.0,3.1,1,2.141,No
MRD-103277,2025-06-09,C94398,Retail,Bengaluru,Bengaluru South,Marketplace,Cash on Delivery,Grocery,3,251.78,0.0,755.34,4.3,4.2,4,2.062,No
MRD-103916,2025-06-09,C70065,Retail,Mumbai,Mumbai West,Marketplace,UPI,Apparel,1,1859.64,0.0,1859.64,27.6,4.1,5,1.095,Yes
MRD-102329,2025-06-09,C61919,Retail,Delhi NCR,Delhi NCR,Mobile App,Wallet,Apparel,1,2097.91,10.0,1888.12,25.1,2.4,5,1.005,No
MRD-104394,2025-06-09,C52195,Corporate,Mumbai,Mumbai West,Website,UPI,Apparel,24,1240.25,22.6,23038.88,36.6,3.0,3,2.023,No
MRD-100738,2025-06-09,C86098,Retail,Bengaluru,Bengaluru South,Mobile App,Credit Card,Apparel,2,639.99,0.0,1279.98,31.9,1.0,4,2.02,No
MRD-101064,2025-06-09,C56130,Retail,Bengaluru,Bengaluru South,Website,UPI,Apparel,2,1123.41,20.0,1797.46,37.4,2.3,3,2.042,No
MRD-101623,2025-06-09,C47304,Corporate,Mumbai,Mumbai West,Mobile App,Credit Card,Grocery,32,186.33,21.1,4704.46,3.9,2.2,4,1.586,No
MRD-101419,2025-06-10,C89025,Retail,Mumbai,Mumbai West,Mobile App,UPI,Apparel,4,876.89,10.0,3156.8,28.7,4.0,5,2.442,No
MRD-101296,2025-06-10,C56424,Retail,Bengaluru,Bengaluru South,Mobile App,Debit Card,Beauty,2,1806.31,5.0,3431.99,28.8,3.1,4,1.091,No
MRD-103264,2025-06-10,C78201,Retail,Bengaluru,Bengaluru South,Mobile App,Cash on Delivery,Grocery,1,286.73,15.0,243.72,4.5,2.2,5,1.186,No
MRD-101020,2025-06-10,C65100,Retail,Mumbai,Mumbai West,Marketplace,Credit Card,Electronics,2,11462.03,10.0,20631.65,7.8,3.8,2,1.508,No
MRD-104857,2025-06-10,C92932,Retail,Delhi NCR,Delhi NCR,Mobile App,Credit Card,Electronics,2,3418.54,15.0,5811.52,6.5,3.2,5,1.86,No
MRD-100136,2025-06-10,C24759,Retail,Mumbai,Mumbai West,Marketplace,Credit Card,Apparel,2,590.05,5.0,1121.09,27.2,3.2,3,1.926,No
MRD-100666,2025-06-10,C48403,Retail,Mumbai,Mumbai West,Mobile App,Debit Card,Beauty,3,966.75,10.0,2610.22,29.8,3.9,4,1.77,No
MRD-100620,2025-06-10,C13168,Retail,Bengaluru,Bengaluru South,Mobile App,Cash on Delivery,Electronics,2,2442.95,20.0,3908.72,4.6,1.5,3,2.117,No
MRD-103206,2025-06-10,C26026,Retail,Delhi NCR,Delhi NCR,Website,Cash on Delivery,Electronics,3,6570.4,0.0,19711.2,7.1,3.1,1,2.349,No
MRD-100154,2025-06-10,C88300,Retail,Delhi NCR,Delhi NCR,Marketplace,UPI,Grocery,1,186.4,15.0,158.44,3.2,4.4,3,1.813,No
MRD-104620,2025-06-10,C25242,Retail,Mumbai,Mumbai West,Website,Debit Card,Grocery,1,202.05,20.0,161.64,2.8,3.1,2,1.78,Yes
MRD-104482,2025-06-10,C11635,Retail,Bengaluru,Bengaluru South,Mobile App,UPI,Apparel,1,815.45,20.0,652.36,30.6,3.9,5,2.268,No
MRD-104696,2025-06-10,C22685,Retail,Delhi NCR,Delhi NCR,Marketplace,UPI,Electronics,3,1885.77,20.0,4525.85,6.0,1.8,5,1.523,No
MRD-104637,2025-06-10,C29310,Corporate,Mumbai,Mumbai West,Website,UPI,Electronics,30,659.17,11.8,17441.64,7.8,3.0,5,1.582,No
MRD-103102,2025-06-10,C83447,Retail,Delhi NCR,Delhi NCR,Website,Cash on Delivery,Electronics,2,5949.69,5.0,11304.41,8.1,5.4,2,2.118,Yes
MRD-100730,2025-06-10,C62829,Retail,Mumbai,Mumbai West,Mobile App,UPI,Home & Kitchen,4,2281.87,5.0,8671.11,12.3,2.8,2,0.741,No
MRD-100127,2025-06-10,C71976,Retail,Delhi NCR,Delhi NCR,Marketplace,Net Banking,Home & Kitchen,2,1131.55,10.0,2036.79,12.8,1.0,5,1.205,No
MRD-103913,2025-06-11,C60354,Retail,Mumbai,Mumbai West,Mobile App,Debit Card,Electronics,4,3817.1,0.0,15268.4,7.2,4.0,5,1.95,No
MRD-104157,2025-06-11,C93065,Retail,Bengaluru,Bengaluru South,Mobile App,UPI,Beauty,2,393.84,20.0,630.14,20.8,2.3,3,2.591,No
MRD-102788,2025-06-11,C81175,Retail,Bengaluru,Bengaluru South,Mobile App,Net Banking,Grocery,1,275.97,5.0,262.17,4.1,4.7,4,2.248,Yes
MRD-103718,2025-06-11,C56087,Retail,Mumbai,Mumbai West,Marketplace,UPI,Grocery,1,135.6,10.0,122.04,7.0,3.4,4,2.076,No
MRD-104109,2025-06-11,C37978,Retail,Mumbai,Mumbai West,Marketplace,Credit Card,Electronics,3,728.56,0.0,2185.68,9.4,2.6,2,1.945,No
MRD-102520,2025-06-11,C51900,Retail,Mumbai,Mumbai West,Mobile App,Cash on Delivery,Electronics,3,4426.48,15.0,11287.52,6.9,3.8,1,1.211,No
MRD-101025,2025-06-11,C11312,Retail,Delhi NCR,Delhi NCR,Website,UPI,Grocery,2,189.19,20.0,302.7,5.3,4.3,5,2.684,No
MRD-103740,2025-06-11,C80052,Corporate,Mumbai,Mumbai West,Website,Credit Card,Electronics,21,4729.25,13.3,86105.45,7.4,2.5,5,1.745,No
MRD-103195,2025-06-11,C58016,Retail,Delhi NCR,Delhi NCR,Mobile App,Cash on Delivery,Apparel,1,509.64,5.0,484.16,28.6,1.0,4,2.143,No
MRD-100014,2025-06-11,C36576,Corporate,Delhi NCR,Delhi NCR,Mobile App,Credit Card,Electronics,33,3842.06,13.7,109418.03,10.3,6.0,5,1.293,No
MRD-103216,2025-06-11,C63485,Retail,Delhi NCR,Delhi NCR,Mobile App,Credit Card,Apparel,2,901.66,0.0,1803.32,31.0,3.4,2,1.906,No
MRD-100054,2025-06-12,C89052,Retail,Delhi NCR,Delhi NCR,Marketplace,Credit Card,Grocery,1,197.52,15.0,167.89,2.2,2.8,2,2.079,No
MRD-104041,2025-06-12,C28594,Corporate,Mumbai,Mumbai West,Website,UPI,Beauty,25,671.05,18.4,13689.42,31.5,2.2,4,1.428,No
MRD-100123,2025-06-12,C25788,Retail,Bengaluru,Bengaluru South,Mobile App,Credit Card,Electronics,3,2682.7,10.0,7243.29,9.4,5.6,4,1.802,No
MRD-104468,2025-06-12,C19027,Corporate,Delhi NCR,Delhi NCR,Website,Cash on Delivery,Grocery,26,208.57,13.7,4679.89,2.0,1.0,5,2.274,No
MRD-102722,2025-06-12,C82269,Retail,Bengaluru,Bengaluru South,Website,Cash on Delivery,Home & Kitchen,2,1933.46,0.0,3866.92,11.7,3.1,4,1.666,No
MRD-102488,2025-06-12,C20822,Retail,Delhi NCR,Delhi NCR,Mobile App,UPI,Apparel,2,1843.54,0.0,3687.08,32.7,1.0,4,2.021,No
MRD-101660,2025-06-12,C33639,Retail,Mumbai,Mumbai West,Mobile App,UPI,Home & Kitchen,2,1028.53,10.0,1851.35,15.1,3.1,5,1.15,No
MRD-100283,2025-06-12,C34134,Retail,Mumbai,Mumbai West,Mobile App,UPI,Grocery,1,148.06,15.0,125.85,1.8,3.7,3,1.651,No
MRD-103851,2025-06-12,C63459,Retail,Delhi NCR,Delhi NCR,Mobile App,UPI,Home & Kitchen,1,3520.37,5.0,3344.35,16.7,1.4,2,2.288,Yes
MRD-104220,2025-06-12,C16131,Retail,Bengaluru,Bengaluru South,Marketplace,UPI,Electronics,1,2069.23,10.0,1862.31,10.1,1.2,2,1.948,No
MRD-100978,2025-06-12,C92391,Retail,Bengaluru,Bengaluru South,Mobile App,UPI,Grocery,5,193.29,20.0,773.16,3.5,5.9,3,1.861,No
MRD-103777,2025-06-12,C29363,Retail,Bengaluru,Bengaluru South,Mobile App,UPI,Apparel,3,630.27,0.0,1890.81,38.5,1.8,5,2.893,No
MRD-101733,2025-06-12,C62867,Retail,Mumbai,Mumbai West,Mobile App,Credit Card,Electronics,3,8079.49,0.0,24238.47,10.5,3.2,5,2.074,No
MRD-104188,2025-06-12,C80515,Retail,Bengaluru,Bengaluru South,Marketplace,Debit Card,Apparel,3,1699.09,10.0,4587.54,36.7,2.2,5,2.322,No
MRD-100681,2025-06-13,C58145,Retail,Mumbai,Mumbai West,Mobile App,Credit Card,Beauty,2,950.35,10.0,1710.63,23.8,3.8,1,2.168,Yes
MRD-102743,2025-06-13,C33973,Retail,Bengaluru,Bengaluru South,Website,Credit Card,Electronics,1,2596.34,0.0,2596.34,10.9,3.7,4,1.597,Yes
MRD-103711,2025-06-13,C59199,Retail,Bengaluru,Bengaluru South,Mobile App,Debit Card,Grocery,2,141.38,0.0,282.76,6.8,5.3,5,1.926,No
MRD-102100,2025-06-13,C64012,Retail,Bengaluru,Bengaluru South,Website,Credit Card,Home & Kitchen,3,2010.34,0.0,6031.02,23.1,2.2,5,1.646,No
MRD-100041,2025-06-13,C98156,Retail,Mumbai,Mumbai West,Website,Credit Card,Grocery,2,264.96,20.0,423.94,6.3,2.6,4,2.798,No
MRD-103631,2025-06-13,C65158,Retail,Mumbai,Mumbai West,Website,Debit Card,Grocery,1,135.37,20.0,108.3,5.1,3.0,5,2.517,No
MRD-100882,2025-06-13,C12389,Retail,Delhi NCR,Delhi NCR,Marketplace,UPI,Home & Kitchen,2,1313.11,0.0,2626.22,15.3,1.0,5,1.853,No
MRD-102279,2025-06-13,C76198,Retail,Delhi NCR,Delhi NCR,Mobile App,Debit Card,Electronics,1,3625.36,20.0,2900.29,11.7,11.5,2,2.326,No
MRD-100226,2025-06-13,C49066,Retail,Mumbai,Mumbai West,Marketplace,UPI,Grocery,1,129.6,20.0,103.68,4.0,3.2,4,1.894,No
MRD-100199,2025-06-13,C57244,Retail,Bengaluru,Bengaluru South,Marketplace,UPI,Electronics,1,7626.62,5.0,7245.29,7.5,2.1,5,1.884,No
MRD-101364,2025-06-13,C13422,Retail,Delhi NCR,Delhi NCR,Mobile App,Cash on Delivery,Grocery,3,148.8,0.0,446.4,3.8,1.0,4,1.091,No
MRD-100183,2025-06-13,C68995,Retail,Mumbai,Mumbai West,Website,Debit Card,Electronics,3,5106.1,0.0,15318.3,6.0,3.0,5,2.103,No
MRD-102908,2025-06-13,C23023,Retail,Bengaluru,Bengaluru South,Mobile App,UPI,Electronics,2,5227.65,0.0,10455.3,6.6,4.5,5,2.161,No
MRD-102997,2025-06-13,C85503,Corporate,Mumbai,Mumbai West,Mobile App,UPI,Electronics,26,2211.64,8.7,52499.91,11.4,2.6,4,1.742,No
MRD-104426,2025-06-13,C99813,Retail,Mumbai,Mumbai West,Mobile App,UPI,Electronics,2,4331.13,20.0,6929.81,8.0,3.5,5,1.854,No
MRD-102701,2025-06-14,C90432,Retail,Bengaluru,Bengaluru South,Website,UPI,Grocery,2,168.31,20.0,269.3,5.7,1.0,3,1.533,No
MRD-102512,2025-06-14,C70837,Corporate,Delhi NCR,Delhi NCR,Website,UPI,Home & Kitchen,25,1803.4,15.9,37916.48,22.9,2.7,4,1.96,No
MRD-101137,2025-06-14,C63238,Retail,Mumbai,Mumbai West,Website,Debit Card,Grocery,1,363.33,20.0,290.66,3.5,3.2,4,1.658,No
MRD-103394,2025-06-14,C84934,Retail,Delhi NCR,Delhi NCR,Mobile App,Cash on Delivery,Grocery,1,244.25,0.0,244.25,3.3,4.2,4,2.273,No
MRD-103530,2025-06-14,C87772,Retail,Bengaluru,Bengaluru South,Mobile App,Cash on Delivery,Grocery,2,287.12,20.0,459.39,4.0,1.2,1,1.335,No
MRD-102776,2025-06-14,C26222,Retail,Mumbai,Mumbai West,Mobile App,UPI,Home & Kitchen,2,1325.41,0.0,2650.82,21.0,4.3,2,2.125,Yes
MRD-103222,2025-06-14,C96687,Retail,Delhi NCR,Delhi NCR,Mobile App,Credit Card,Grocery,2,406.15,0.0,812.3,8.7,1.0,2,2.73,No
MRD-103382,2025-06-14,C92661,Retail,Mumbai,Mumbai West,Mobile App,Debit Card,Electronics,3,2648.1,20.0,6355.44,7.1,2.7,5,0.914,No
MRD-104818,2025-06-14,C67629,Retail,Mumbai,Mumbai West,Mobile App,Debit Card,Electronics,3,1349.69,0.0,4049.07,6.4,3.7,4,1.631,No
MRD-103806,2025-06-14,C79499,Retail,Mumbai,Mumbai West,Mobile App,Credit Card,Beauty,2,941.94,0.0,1883.88,19.0,3.4,5,1.675,Yes
MRD-100115,2025-06-14,C86201,Retail,Bengaluru,Bengaluru South,Mobile App,UPI,Home & Kitchen,2,1725.21,20.0,2760.34,19.7,4.4,3,1.793,No
MRD-100145,2025-06-14,C77624,Retail,Bengaluru,Bengaluru South,Website,UPI,Grocery,1,185.09,0.0,185.09,3.8,2.6,5,0.706,No
MRD-103819,2025-06-14,C10012,Retail,Bengaluru,Bengaluru South,Marketplace,UPI,Electronics,4,10437.91,0.0,41751.64,6.7,1.0,5,2.175,No
MRD-103986,2025-06-15,C77090,Retail,Delhi NCR,Delhi NCR,Website,UPI,Apparel,3,841.35,15.0,2145.44,28.0,1.0,4,1.968,No
MRD-100018,2025-06-15,C17291,Retail,Mumbai,Mumbai West,Website,Debit Card,Apparel,1,847.09,0.0,847.09,46.2,3.5,2,1.141,No
MRD-104692,2025-06-15,C71750,Retail,Mumbai,Mumbai West,Website,Debit Card,Home & Kitchen,2,609.76,15.0,1036.59,20.8,3.9,4,1.29,No
MRD-100378,2025-06-15,C31180,Corporate,Mumbai,Mumbai West,Mobile App,Credit Card,Electronics,33,7452.11,8.0,226246.06,4.7,3.2,4,2.183,No
MRD-104532,2025-06-15,C33501,Retail,Bengaluru,Bengaluru South,Website,UPI,Grocery,2,121.79,10.0,219.22,1.6,4.3,1,1.715,No
MRD-100500,2025-06-15,C31371,Retail,Mumbai,Mumbai West,Mobile App,Credit Card,Apparel,1,482.42,0.0,482.42,32.3,3.6,5,1.799,No
MRD-103353,2025-06-15,C54150,Retail,Delhi NCR,Delhi NCR,Website,Debit Card,Grocery,1,304.4,0.0,304.4,2.8,1.1,5,1.629,No
MRD-103534,2025-06-15,C72794,Retail,Bengaluru,Bengaluru South,Mobile App,Credit Card,Grocery,1,215.89,10.0,194.3,5.5,3.1,5,2.236,No
MRD-101717,2025-06-15,C82028,Corporate,Mumbai,Mumbai West,Website,Credit Card,Electronics,31,3600.78,11.4,98899.02,8.1,2.9,4,2.938,No
MRD-104069,2025-06-15,C52193,Retail,Mumbai,Mumbai West,Mobile App,UPI,Beauty,1,751.5,10.0,676.35,27.0,4.0,5,2.165,No
MRD-103664,2025-06-15,C99687,Retail,Bengaluru,Bengaluru South,Mobile App,UPI,Apparel,3,860.9,10.0,2324.43,29.6,2.9,5,1.906,No
MRD-101308,2025-06-15,C82509,Retail,Bengaluru,Bengaluru South,Mobile App,Credit Card,Grocery,1,266.28,0.0,266.28,4.0,3.9,5,1.48,No
MRD-102518,2025-06-15,C53291,Retail,Delhi NCR,Delhi NCR,Marketplace,Credit Card,Grocery,1,210.36,0.0,210.36,2.2,1.0,3,2.203,No
MRD-101236,2025-06-15,C75037,Corporate,Bengaluru,Bengaluru South,Mobile App,Credit Card,Apparel,33,1344.94,21.0,35062.59,36.0,1.9,4,1.828,No
MRD-102058,2025-06-16,C35432,Retail,Delhi NCR,Delhi NCR,Mobile App,UPI,Beauty,2,862.57,20.0,1380.11,22.0,1.0,5,0.847,No
MRD-103132,2025-06-16,C54449,Retail,Mumbai,Mumbai West,Mobile App,Debit Card,Grocery,2,337.7,10.0,607.86,3.3,3.5,5,2.089,No
MRD-104230,2025-06-16,C22641,Corporate,Mumbai,Mumbai West,Mobile App,Debit Card,Grocery,23,328.09,18.3,6165.14,4.0,2.8,4,2.578,No
MRD-102903,2025-06-16,C94179,Retail,Mumbai,Mumbai West,Mobile App,Wallet,Grocery,2,173.01,5.0,328.72,2.7,3.1,5,1.312,No
MRD-103081,2025-06-16,C64076,Retail,Mumbai,Mumbai West,Website,UPI,Apparel,3,1396.36,20.0,3351.26,30.0,1.5,1,2.61,Yes
MRD-100045,2025-06-16,C89863,Retail,Delhi NCR,Delhi NCR,Mobile App,UPI,Electronics,4,2443.38,0.0,9773.52,7.8,25.2,2,2.227,Yes
MRD-103054,2025-06-16,C34467,Retail,Mumbai,Mumbai West,Website,Cash on Delivery,Apparel,1,2522.59,0.0,2522.59,22.6,3.8,2,2.405,Yes
MRD-101953,2025-06-16,C99599,Retail,Delhi NCR,Delhi NCR,Mobile App,Credit Card,Electronics,4,3288.05,0.0,13152.2,8.1,2.7,4,1.582,No
MRD-101812,2025-06-16,C66049,Retail,Delhi NCR,Delhi NCR,Marketplace,UPI,Apparel,1,901.35,0.0,901.35,32.2,2.3,3,2.21,No
MRD-101917,2025-06-16,C81167,Retail,Bengaluru,Bengaluru South,Website,Credit Card,Apparel,3,1488.37,0.0,4465.11,37.2,1.3,4,1.422,Yes
MRD-103864,2025-06-16,C98773,Retail,Delhi NCR,Delhi NCR,Marketplace,UPI,Home & Kitchen,1,1338.84,5.0,1271.9,16.2,1.1,2,1.37,No
MRD-102147,2025-06-16,C21085,Retail,Mumbai,Mumbai West,Mobile App,Net Banking,Apparel,1,1013.08,5.0,962.43,37.5,3.5,4,2.138,Yes
MRD-100099,2025-06-16,C49086,Retail,Mumbai,Mumbai West,Mobile App,UPI,Electronics,1,1215.67,5.0,1154.89,8.2,2.7,1,1.356,Yes
MRD-100657,2025-06-16,C75913,Retail,Bengaluru,Bengaluru South,Mobile App,Debit Card,Electronics,2,1566.87,0.0,3133.74,9.1,3.0,5,1.525,No
MRD-102645,2025-06-16,C26843,Retail,Mumbai,Mumbai West,Mobile App,UPI,Electronics,3,4605.24,15.0,11743.36,7.9,2.9,4,2.401,Yes
MRD-103720,2025-06-16,C55595,Corporate,Bengaluru,Bengaluru South,Mobile App,UPI,Electronics,27,850.46,8.9,20918.76,8.6,6.4,4,2.118,No
MRD-100450,2025-06-16,C37094,Retail,Bengaluru,Bengaluru South,Mobile App,Cash on Delivery,Apparel,2,762.14,0.0,1524.28,36.0,3.6,1,2.297,No
MRD-103198,2025-06-16,C26541,Retail,Bengaluru,Bengaluru South,Mobile App,Cash on Delivery,Home & Kitchen,1,980.74,0.0,980.74,23.9,1.0,3,2.082,No
MRD-100587,2025-06-17,C16297,Retail,Bengaluru,Bengaluru South,Website,Cash on Delivery,Beauty,2,868.55,10.0,1563.39,20.9,3.2,4,2.067,No
MRD-104951,2025-06-17,C98495,Retail,Bengaluru,Bengaluru South,Mobile App,UPI,Grocery,2,303.06,20.0,484.9,3.7,2.9,4,2.235,No
MRD-101848,2025-06-17,C92464,Retail,Mumbai,Mumbai West,Mobile App,UPI,Home & Kitchen,2,2550.03,0.0,5100.06,15.7,3.1,5,1.543,No
MRD-104490,2025-06-17,C34770,Retail,Bengaluru,Bengaluru South,Mobile App,Credit Card,Apparel,2,805.9,0.0,1611.8,41.4,2.3,3,2.188,Yes
MRD-102842,2025-06-17,C27294,Retail,Bengaluru,Bengaluru South,Website,Credit Card,Home & Kitchen,3,1200.53,5.0,3421.51,18.5,5.9,4,2.162,No
MRD-100529,2025-06-17,C70535,Retail,Delhi NCR,Delhi NCR,Mobile App,Cash on Delivery,Apparel,4,1271.84,5.0,4832.99,22.8,3.7,1,1.997,No
MRD-104783,2025-06-17,C75861,Retail,Mumbai,Mumbai West,Website,UPI,Apparel,2,574.24,20.0,918.78,39.2,3.0,5,1.867,No
MRD-103638,2025-06-17,C18356,Retail,Bengaluru,Bengaluru South,Website,Debit Card,Apparel,3,2400.9,0.0,7202.7,28.0,3.9,5,1.129,Yes
MRD-101141,2025-06-17,C12195,Retail,Mumbai,Mumbai West,Website,UPI,Electronics,2,2860.32,0.0,5720.64,5.6,3.0,5,2.167,No
MRD-100013,2025-06-17,C85966,Retail,Bengaluru,Bengaluru South,Mobile App,UPI,Apparel,1,568.45,0.0,568.45,36.2,8.3,2,1.961,No
MRD-101727,2025-06-17,C84031,Retail,Bengaluru,Bengaluru South,Marketplace,UPI,Grocery,2,125.5,20.0,200.8,7.0,5.6,4,1.3,No
MRD-101462,2025-06-17,C18193,Retail,Bengaluru,Bengaluru South,Mobile App,UPI,Apparel,2,1496.43,10.0,2693.57,29.6,4.1,4,1.809,No
MRD-104931,2025-06-17,C49360,Retail,Mumbai,Mumbai West,Mobile App,Credit Card,Electronics,1,7191.7,20.0,5753.36,7.1,3.0,5,2.235,No
MRD-101051,2025-06-17,C56892,Retail,Bengaluru,Bengaluru South,Mobile App,Cash on Delivery,Beauty,1,535.99,20.0,428.79,29.2,2.1,5,1.536,No
MRD-103413,2025-06-17,C82391,Retail,Bengaluru,Bengaluru South,Marketplace,Cash on Delivery,Grocery,3,174.21,0.0,522.63,4.2,3.6,3,1.39,No
MRD-100735,2025-06-17,C76727,Retail,Bengaluru,Bengaluru South,Mobile App,Net Banking,Electronics,1,5618.42,5.0,5337.5,13.5,3.0,1,1.799,No
MRD-102540,2025-06-17,C20236,Retail,Bengaluru,Bengaluru South,Mobile App,Credit Card,Electronics,3,1303.32,15.0,3323.47,10.9,2.9,2,2.146,Yes
MRD-104360,2025-06-17,C66971,Retail,Mumbai,Mumbai West,Website,Debit Card,Grocery,3,291.5,15.0,743.32,3.0,3.7,1,2.307,No
MRD-103574,2025-06-17,C85294,Retail,Bengaluru,Bengaluru South,Website,Credit Card,Home & Kitchen,4,1542.67,5.0,5862.15,20.8,3.4,4,1.525,No
MRD-100307,2025-06-18,C26946,Retail,Delhi NCR,Delhi NCR,Website,Credit Card,Grocery,3,314.52,15.0,802.03,3.1,16.5,4,1.625,No
MRD-103928,2025-06-18,C36735,Retail,Bengaluru,Bengaluru South,Mobile App,UPI,Apparel,3,1315.48,5.0,3749.12,33.6,2.7,5,2.277,Yes
MRD-102840,2025-06-18,C13394,Retail,Mumbai,Mumbai West,Mobile App,UPI,Electronics,1,3589.37,0.0,3589.37,7.4,3.6,4,2.177,No
MRD-101452,2025-06-18,C20210,Retail,Bengaluru,Bengaluru South,Mobile App,UPI,Grocery,4,311.52,15.0,1059.17,5.7,2.6,3,1.796,No
MRD-104910,2025-06-18,C12799,Retail,Mumbai,Mumbai West,Website,Cash on Delivery,Apparel,2,1481.19,5.0,2814.26,30.6,24.2,5,2.129,No
MRD-103977,2025-06-18,C30619,Retail,Delhi NCR,Delhi NCR,Mobile App,Credit Card,Electronics,1,5803.04,10.0,5222.74,9.8,2.8,4,1.409,No
MRD-104088,2025-06-18,C34097,Retail,Mumbai,Mumbai West,Marketplace,UPI,Apparel,1,1388.24,20.0,1110.59,27.7,3.6,5,2.491,No
MRD-104422,2025-06-18,C95716,Corporate,Mumbai,Mumbai West,Marketplace,Credit Card,Electronics,29,2288.74,9.6,60001.61,11.7,3.5,4,1.859,No
MRD-101690,2025-06-18,C77343,Retail,Mumbai,Mumbai West,Mobile App,UPI,Apparel,1,1328.91,0.0,1328.91,31.1,3.9,5,2.754,No
MRD-104957,2025-06-18,C39936,Retail,Delhi NCR,Delhi NCR,Mobile App,Credit Card,Home & Kitchen,4,566.91,20.0,1814.11,22.1,4.6,1,1.585,No
MRD-100057,2025-06-18,C93998,Retail,Bengaluru,Bengaluru South,Mobile App,Credit Card,Apparel,2,976.52,0.0,1953.04,39.0,1.3,5,1.853,No
MRD-103742,2025-06-18,C29835,Corporate,Delhi NCR,Delhi NCR,Mobile App,Net Banking,Home & Kitchen,35,1840.49,8.5,58941.69,21.5,1.6,5,1.664,No
MRD-104301,2025-06-19,C90293,Retail,Mumbai,Mumbai West,Website,UPI,Home & Kitchen,2,3360.29,0.0,6720.58,20.2,2.7,3,2.205,No
MRD-101868,2025-06-19,C47274,Retail,Mumbai,Mumbai West,Mobile App,Net Banking,Apparel,2,644.78,0.0,1289.56,39.9,2.8,5,1.596,Yes
MRD-101986,2025-06-19,C39286,Retail,Delhi NCR,Delhi NCR,Mobile App,Credit Card,Home & Kitchen,1,3735.03,10.0,3361.53,12.5,3.5,3,2.1,No
MRD-100448,2025-06-19,C11351,Retail,Delhi NCR,Delhi NCR,Marketplace,Credit Card,Home & Kitchen,2,1666.23,0.0,3332.46,18.1,2.5,4,2.118,No
MRD-101680,2025-06-19,C55169,Corporate,Bengaluru,Bengaluru South,Website,Debit Card,Grocery,33,228.22,14.2,6461.82,4.7,3.4,2,2.195,No
MRD-104964,2025-06-19,C98243,Retail,Bengaluru,Bengaluru South,Mobile App,UPI,Home & Kitchen,4,720.61,0.0,2882.44,20.6,3.1,2,1.973,Yes
MRD-103279,2025-06-19,C73708,Retail,Bengaluru,Bengaluru South,Website,UPI,Electronics,2,3933.51,0.0,7867.02,11.1,1.0,4,0.869,No
MRD-103347,2025-06-19,C68704,Retail,Mumbai,Mumbai West,Mobile App,UPI,Electronics,2,2890.44,10.0,5202.79,7.5,3.1,5,1.633,Yes
MRD-102777,2025-06-19,C50339,Retail,Delhi NCR,Delhi NCR,Mobile App,Credit Card,Apparel,1,1708.39,10.0,1537.55,38.0,2.2,1,2.186,Yes
MRD-103240,2025-06-19,C38314,Retail,Mumbai,Mumbai West,Mobile App,UPI,Apparel,1,2050.19,20.0,1640.15,31.0,3.6,3,1.394,No
MRD-101659,2025-06-19,C21114,Retail,Mumbai,Mumbai West,Website,UPI,Home & Kitchen,2,561.42,5.0,1066.7,23.7,2.7,5,2.294,No
MRD-104234,2025-06-19,C61812,Retail,Mumbai,Mumbai West,Marketplace,Cash on Delivery,Grocery,2,244.9,20.0,391.84,2.8,3.0,5,1.516,No
MRD-104068,2025-06-20,C27442,Retail,Mumbai,Mumbai West,Mobile App,Cash on Delivery,Electronics,3,5812.25,15.0,14821.24,9.5,3.5,5,1.759,No
MRD-101490,2025-06-20,C28345,Retail,Bengaluru,Bengaluru South,Marketplace,Net Banking,Grocery,2,220.12,10.0,396.22,2.9,4.6,2,1.534,No
MRD-103971,2025-06-20,C13970,Retail,Bengaluru,Bengaluru South,Mobile App,Credit Card,Electronics,1,15373.21,0.0,15373.21,5.2,4.4,1,1.523,No
MRD-103904,2025-06-20,C80691,Retail,Mumbai,Mumbai West,Website,Credit Card,Grocery,1,262.48,10.0,236.23,2.6,2.8,4,1.551,No
MRD-104509,2025-06-20,C42093,Retail,Mumbai,Mumbai West,Website,UPI,Apparel,2,2527.78,10.0,4550.0,33.3,3.7,4,1.642,Yes
MRD-100474,2025-06-20,C14630,Retail,Bengaluru,Bengaluru South,Website,Credit Card,Beauty,1,1101.25,0.0,1101.25,29.6,2.7,5,1.493,No
MRD-103955,2025-06-20,C90755,Retail,Mumbai,Mumbai West,Marketplace,Net Banking,Home & Kitchen,1,1563.16,5.0,1485.0,25.2,2.6,5,1.55,Yes
MRD-101059,2025-06-20,C57283,Retail,Mumbai,Mumbai West,Mobile App,UPI,Electronics,1,8813.51,0.0,8813.51,7.0,3.6,5,1.959,No
MRD-103781,2025-06-20,C99090,Retail,Mumbai,Mumbai West,Mobile App,Debit Card,Apparel,1,1371.53,0.0,1371.53,37.7,3.3,3,1.803,Yes
MRD-103433,2025-06-20,C28505,Corporate,Bengaluru,Bengaluru South,Mobile App,Debit Card,Apparel,24,537.23,21.8,10082.73,25.4,2.9,2,2.154,No
MRD-104786,2025-06-20,C43684,Retail,Mumbai,Mumbai West,Marketplace,UPI,Home & Kitchen,2,3109.0,5.0,5907.1,18.1,3.5,2,2.241,No
MRD-102380,2025-06-20,C62652,Retail,Mumbai,Mumbai West,Mobile App,UPI,Grocery,2,195.98,0.0,391.96,4.9,3.2,1,1.341,No
MRD-103411,2025-06-20,C92367,Retail,Mumbai,Mumbai West,Website,UPI,Electronics,2,6214.62,10.0,11186.32,7.5,3.6,4,1.895,No
MRD-102409,2025-06-20,C35288,Retail,Mumbai,Mumbai West,Mobile App,Debit Card,Apparel,1,1015.95,20.0,812.76,38.6,4.0,2,2.208,No
MRD-102634,2025-06-21,C49163,Retail,Mumbai,Mumbai West,Marketplace,Net Banking,Apparel,1,603.87,0.0,603.87,27.5,3.7,4,1.345,No
MRD-104689,2025-06-21,C31770,Retail,Mumbai,Mumbai West,Marketplace,UPI,Electronics,2,7883.62,0.0,15767.24,5.0,3.2,3,1.945,No
MRD-104860,2025-06-21,C25661,Retail,Bengaluru,Bengaluru South,Website,UPI,Apparel,2,2899.26,0.0,5798.52,29.1,2.5,1,1.105,Yes
MRD-101484,2025-06-21,C97203,Corporate,Mumbai,Mumbai West,Mobile App,UPI,Electronics,26,6115.34,16.5,132764.03,8.5,3.7,3,1.444,No
MRD-104656,2025-06-21,C49995,Retail,Bengaluru,Bengaluru South,Website,UPI,Grocery,3,152.21,0.0,456.63,3.0,1.0,2,2.108,No
MRD-100499,2025-06-21,C56515,Retail,Mumbai,Mumbai West,Mobile App,Cash on Delivery,Beauty,3,942.35,0.0,2827.05,28.1,3.3,5,1.614,No
MRD-100597,2025-06-21,C15215,Retail,Bengaluru,Bengaluru South,Mobile App,Credit Card,Electronics,1,6009.63,15.0,5108.19,10.0,2.8,2,2.04,Yes
MRD-102529,2025-06-21,C79705,Retail,Mumbai,Mumbai West,Website,UPI,Apparel,3,624.13,20.0,1497.91,39.6,3.2,4,1.386,No
MRD-104691,2025-06-21,C17229,Retail,Bengaluru,Bengaluru South,Mobile App,UPI,Electronics,1,13608.27,5.0,12927.86,7.9,1.1,5,1.736,No
MRD-102555,2025-06-21,C10129,Retail,Delhi NCR,Delhi NCR,Marketplace,Cash on Delivery,Grocery,2,172.71,20.0,276.34,4.1,2.1,5,2.149,No
MRD-101645,2025-06-21,C84648,Retail,Bengaluru,Bengaluru South,Website,UPI,Grocery,1,227.52,0.0,227.52,2.1,1.8,5,2.33,No
MRD-104302,2025-06-21,C42957,Retail,Mumbai,Mumbai West,Marketplace,Credit Card,Apparel,2,2386.82,0.0,4773.64,32.5,3.3,5,1.58,No
MRD-101390,2025-06-21,C81025,Retail,Bengaluru,Bengaluru South,Mobile App,Debit Card,Grocery,3,282.98,0.0,848.94,2.8,4.1,4,1.771,No
MRD-102602,2025-06-21,C12727,Retail,Mumbai,Mumbai West,Mobile App,Cash on Delivery,Grocery,1,188.12,20.0,150.5,7.4,3.6,4,1.935,No
MRD-100837,2025-06-21,C49007,Retail,Bengaluru,Bengaluru South,Mobile App,UPI,Home & Kitchen,2,1951.94,0.0,3903.88,13.7,1.0,5,2.208,No
MRD-104930,2025-06-21,C32060,Corporate,Mumbai,Mumbai West,Mobile App,UPI,Grocery,27,218.3,21.3,4638.66,3.4,2.6,5,1.754,No
MRD-100360,2025-06-21,C54427,Retail,Bengaluru,Bengaluru South,Mobile App,UPI,Grocery,1,189.61,0.0,189.61,4.7,4.8,1,1.83,No
MRD-103122,2025-06-21,C29070,Retail,Delhi NCR,Delhi NCR,Mobile App,Debit Card,Apparel,2,1237.92,0.0,2475.84,36.0,5.3,5,1.811,Yes
MRD-101803,2025-06-22,C98639,Retail,Mumbai,Mumbai West,Mobile App,UPI,Apparel,1,1014.62,10.0,913.16,25.4,3.5,5,1.974,No
MRD-101858,2025-06-22,C44374,Retail,Bengaluru,Bengaluru South,Marketplace,Credit Card,Apparel,2,1120.6,10.0,2017.08,35.2,4.4,1,2.703,Yes
MRD-100490,2025-06-22,C98302,Retail,Bengaluru,Bengaluru South,Mobile App,UPI,Grocery,1,301.04,20.0,240.83,3.6,2.2,2,1.723,No
MRD-101692,2025-06-22,C53837,Retail,Bengaluru,Bengaluru South,Mobile App,Cash on Delivery,Beauty,3,383.41,15.0,977.7,22.3,2.4,3,2.066,No
MRD-104752,2025-06-22,C66394,Retail,Mumbai,Mumbai West,Mobile App,Credit Card,Apparel,1,1866.75,0.0,1866.75,36.7,3.4,2,1.533,No
MRD-104807,2025-06-22,C78138,Corporate,Bengaluru,Bengaluru South,Website,UPI,Home & Kitchen,27,972.52,27.6,19010.82,9.0,2.5,1,1.934,No
MRD-100815,2025-06-22,C78920,Retail,Bengaluru,Bengaluru South,Mobile App,Debit Card,Electronics,1,1956.63,5.0,1858.8,3.8,3.5,4,1.801,No
MRD-100186,2025-06-22,C74473,Retail,Mumbai,Mumbai West,Website,UPI,Apparel,3,1850.11,20.0,4440.26,31.0,3.2,5,1.456,Yes
MRD-102254,2025-06-22,C53160,Retail,Bengaluru,Bengaluru South,Mobile App,UPI,Apparel,1,963.2,5.0,915.04,29.0,1.5,5,2.049,No
MRD-100858,2025-06-22,C79732,Corporate,Mumbai,Mumbai West,Mobile App,Debit Card,Beauty,35,800.85,10.8,25002.54,24.1,3.7,2,2.147,No
MRD-102517,2025-06-22,C54685,Retail,Bengaluru,Bengaluru South,Mobile App,UPI,Electronics,1,3091.41,5.0,2936.84,5.5,3.3,4,2.005,No
MRD-103641,2025-06-22,C57880,Retail,Mumbai,Mumbai West,Mobile App,UPI,Grocery,3,337.29,0.0,1011.87,5.5,3.3,4,1.28,No
MRD-100512,2025-06-22,C54497,Retail,Delhi NCR,Delhi NCR,Mobile App,Credit Card,Grocery,2,260.3,5.0,494.57,5.6,3.6,4,2.397,No
MRD-104304,2025-06-22,C92558,Retail,Delhi NCR,Delhi NCR,Website,Net Banking,Grocery,2,243.48,20.0,389.57,2.8,1.5,1,2.201,Yes
MRD-100773,2025-06-22,C74025,Corporate,Mumbai,Mumbai West,Mobile App,Wallet,Grocery,30,132.79,24.3,3015.66,6.8,3.1,4,1.785,No
MRD-100251,2025-06-22,C86877,Retail,Bengaluru,Bengaluru South,Website,Credit Card,Home & Kitchen,2,630.74,10.0,1135.33,13.9,5.2,5,1.589,No
MRD-101551,2025-06-22,C91933,Retail,Delhi NCR,Delhi NCR,Mobile App,UPI,Beauty,1,651.59,10.0,586.43,27.9,1.0,3,2.145,No
MRD-103001,2025-06-22,C75648,Retail,Mumbai,Mumbai West,Mobile App,Debit Card,Grocery,1,216.6,0.0,216.6,3.4,3.1,3,1.395,No
MRD-102093,2025-06-23,C39036,Retail,Mumbai,Mumbai West,Website,Credit Card,Electronics,1,14430.36,0.0,14430.36,9.4,4.3,4,2.06,No
MRD-103041,2025-06-23,C54003,Retail,Bengaluru,Bengaluru South,Mobile App,Wallet,Grocery,2,305.68,0.0,611.36,2.5,4.0,5,1.973,Yes
MRD-102196,2025-06-23,C82716,Corporate,Mumbai,Mumbai West,Marketplace,UPI,Grocery,26,297.43,15.7,6519.07,5.8,3.6,1,2.27,Yes
MRD-100740,2025-06-23,C46566,Retail,Mumbai,Mumbai West,Mobile App,Wallet,Grocery,1,258.83,0.0,258.83,2.9,4.1,5,1.786,No
MRD-100321,2025-06-23,C97947,Retail,Delhi NCR,Delhi NCR,Mobile App,UPI,Beauty,2,546.95,15.0,929.82,29.7,3.2,5,0.758,No
MRD-102153,2025-06-23,C77633,Retail,Mumbai,Mumbai West,Website,Credit Card,Beauty,2,850.12,5.0,1615.23,32.1,3.4,4,2.219,No
MRD-103441,2025-06-23,C86138,Corporate,Bengaluru,Bengaluru South,Mobile App,Credit Card,Grocery,28,171.54,15.4,4063.44,2.9,2.8,4,2.302,No
MRD-102167,2025-06-23,C92684,Corporate,Bengaluru,Bengaluru South,Mobile App,Debit Card,Electronics,21,6748.95,13.8,122169.49,10.1,3.1,5,1.988,No
MRD-104293,2025-06-23,C71704,Retail,Mumbai,Mumbai West,Mobile App,Debit Card,Home & Kitchen,3,5017.68,0.0,15053.04,22.7,3.4,5,2.581,Yes
MRD-104590,2025-06-23,C74280,Corporate,Bengaluru,Bengaluru South,Mobile App,Debit Card,Grocery,33,156.33,14.9,4390.22,5.4,5.8,2,1.436,No
MRD-103354,2025-06-23,C83576,Retail,Bengaluru,Bengaluru South,Mobile App,Wallet,Electronics,1,2515.15,5.0,2389.39,11.4,3.1,4,1.698,No
MRD-101955,2025-06-23,C11919,Retail,Bengaluru,Bengaluru South,Website,Credit Card,Apparel,3,399.09,10.0,1077.54,46.5,3.3,5,1.967,No
MRD-102740,2025-06-23,C43788,Retail,Mumbai,Mumbai West,Mobile App,Credit Card,Apparel,1,397.83,20.0,318.26,31.8,2.4,5,2.176,No
MRD-104366,2025-06-23,C52594,Retail,Bengaluru,Bengaluru South,Mobile App,Wallet,Apparel,4,822.5,5.0,3125.5,36.1,1.0,3,1.891,No
MRD-100144,2025-06-24,C86502,Retail,Mumbai,Mumbai West,Mobile App,UPI,Electronics,1,6608.97,15.0,5617.62,7.8,3.2,5,1.955,No
MRD-103652,2025-06-24,C52953,Retail,Delhi NCR,Delhi NCR,Marketplace,UPI,Grocery,3,212.82,0.0,638.46,4.8,2.2,4,1.973,No
MRD-102425,2025-06-24,C75954,Retail,Bengaluru,Bengaluru South,Marketplace,UPI,Grocery,2,203.23,20.0,325.17,2.8,4.5,2,2.68,Yes
MRD-103620,2025-06-24,C92589,Retail,Delhi NCR,Delhi NCR,Website,UPI,Apparel,2,656.54,0.0,1313.08,27.5,1.7,4,1.623,Yes
MRD-101112,2025-06-24,C83927,Retail,Mumbai,Mumbai West,Mobile App,UPI,Apparel,1,916.3,0.0,916.3,30.5,3.8,5,2.236,No
MRD-100026,2025-06-24,C12077,Retail,Mumbai,Mumbai West,Mobile App,Debit Card,Apparel,2,1191.82,0.0,2383.64,31.3,3.9,5,1.897,No
MRD-100454,2025-06-24,C70292,Retail,Bengaluru,Bengaluru South,Website,Debit Card,Home & Kitchen,1,1052.1,0.0,1052.1,16.8,3.6,2,1.973,No
MRD-102194,2025-06-24,C62003,Retail,Mumbai,Mumbai West,Marketplace,Credit Card,Electronics,2,6166.88,20.0,9867.01,9.7,3.2,5,2.572,No
MRD-100282,2025-06-24,C63636,Retail,Bengaluru,Bengaluru South,Website,Credit Card,Grocery,1,146.35,0.0,146.35,3.1,2.7,1,1.929,No
MRD-104834,2025-06-24,C17909,Retail,Bengaluru,Bengaluru South,Mobile App,Net Banking,Electronics,1,1874.99,0.0,1874.99,8.2,4.2,1,2.139,No
MRD-103959,2025-06-25,C14570,Retail,Delhi NCR,Delhi NCR,Website,UPI,Grocery,2,255.31,0.0,510.62,5.8,6.0,5,2.303,No
MRD-101130,2025-06-25,C89732,Retail,Delhi NCR,Delhi NCR,Mobile App,Net Banking,Beauty,1,553.82,0.0,553.82,21.3,1.0,4,1.588,No
MRD-101573,2025-06-25,C21563,Retail,Delhi NCR,Delhi NCR,Mobile App,Net Banking,Grocery,1,244.76,10.0,220.28,2.2,3.9,1,1.403,Yes
MRD-103436,2025-06-25,C10897,Retail,Mumbai,Mumbai West,Mobile App,Cash on Delivery,Grocery,4,260.1,5.0,988.38,3.3,3.3,4,1.328,No
MRD-100129,2025-06-25,C40760,Retail,Mumbai,Mumbai West,Mobile App,Wallet,Electronics,1,3305.78,10.0,2975.2,9.4,2.8,4,2.229,No
MRD-103255,2025-06-25,C79739,Retail,Bengaluru,Bengaluru South,Marketplace,UPI,Apparel,2,1360.03,10.0,2448.05,25.7,4.2,5,1.861,No
MRD-101325,2025-06-25,C71178,Retail,Bengaluru,Bengaluru South,Mobile App,Credit Card,Grocery,2,310.88,5.0,590.67,0.6,2.0,4,1.211,No
MRD-100674,2025-06-25,C71435,Corporate,Bengaluru,Bengaluru South,Website,UPI,Apparel,29,816.42,17.4,19556.52,28.9,2.9,4,1.511,No
MRD-100155,2025-06-25,C15196,Retail,Mumbai,Mumbai West,Mobile App,Debit Card,Grocery,1,139.83,20.0,111.86,5.0,3.5,5,1.111,No
MRD-101275,2025-06-25,C81650,Retail,Delhi NCR,Delhi NCR,Mobile App,Debit Card,Apparel,2,1072.74,15.0,1823.66,32.7,2.8,3,2.698,No
MRD-103909,2025-06-25,C76612,Retail,Bengaluru,Bengaluru South,Website,Net Banking,Home & Kitchen,2,8111.8,5.0,15412.42,15.4,1.0,4,2.166,No
MRD-102553,2025-06-25,C14380,Retail,Delhi NCR,Delhi NCR,Website,UPI,Grocery,2,153.96,10.0,277.13,4.3,2.5,4,2.341,Yes
MRD-101964,2025-06-25,C84522,Retail,Mumbai,Mumbai West,Mobile App,UPI,Apparel,2,1542.58,0.0,3085.16,30.4,3.6,1,2.183,No
MRD-100463,2025-06-25,C90117,Retail,Mumbai,Mumbai West,Mobile App,Credit Card,Grocery,2,338.26,0.0,676.52,3.4,3.7,5,2.234,No
MRD-101845,2025-06-25,C77800,Retail,Delhi NCR,Delhi NCR,Website,Credit Card,Beauty,1,554.22,20.0,443.38,28.1,2.6,2,2.279,No
MRD-100983,2025-06-25,C26525,Retail,Delhi NCR,Delhi NCR,Mobile App,UPI,Electronics,2,3458.28,15.0,5879.08,9.4,1.0,4,1.867,No
MRD-102960,2025-06-26,C17779,Retail,Mumbai,Mumbai West,Mobile App,Credit Card,Beauty,2,515.62,5.0,979.68,24.2,3.5,1,2.091,No
MRD-104332,2025-06-26,C12486,Corporate,Delhi NCR,Delhi NCR,Website,UPI,Home & Kitchen,20,604.86,12.1,10633.44,27.3,3.0,4,1.464,No
MRD-103704,2025-06-26,C23522,Retail,Mumbai,Mumbai West,Mobile App,Credit Card,Apparel,1,1383.99,0.0,1383.99,33.5,2.9,4,2.218,No
MRD-102138,2025-06-26,C74430,Retail,Mumbai,Mumbai West,Website,UPI,Beauty,2,605.53,20.0,968.85,20.0,4.2,5,0.848,No
MRD-100618,2025-06-26,C85755,Retail,Bengaluru,Bengaluru South,Website,Wallet,Electronics,3,2987.37,5.0,8514.0,8.0,4.0,3,2.051,No
MRD-102092,2025-06-26,C40613,Retail,Bengaluru,Bengaluru South,Mobile App,Credit Card,Apparel,4,656.42,15.0,2231.83,38.9,6.5,2,1.202,Yes
MRD-104934,2025-06-26,C70611,Corporate,Delhi NCR,Delhi NCR,Website,UPI,Electronics,26,3902.82,25.6,75496.15,5.3,1.0,2,1.911,No
MRD-100007,2025-06-26,C79891,Retail,Mumbai,Mumbai West,Marketplace,Credit Card,Electronics,4,4090.99,0.0,16363.96,8.9,2.7,5,1.954,No
MRD-104743,2025-06-26,C57649,Retail,Bengaluru,Bengaluru South,Mobile App,UPI,Apparel,2,528.61,0.0,1057.22,38.8,1.4,5,2.497,No
MRD-103745,2025-06-26,C40985,Retail,Mumbai,Mumbai West,Website,Cash on Delivery,Apparel,3,731.88,20.0,1756.51,21.3,3.6,4,1.256,No
MRD-104657,2025-06-26,C93087,Retail,Mumbai,Mumbai West,Marketplace,Credit Card,Grocery,1,285.06,15.0,242.3,5.1,2.7,4,2.49,No
MRD-104779,2025-06-26,C48845,Retail,Delhi NCR,Delhi NCR,Marketplace,Debit Card,Electronics,2,2792.84,0.0,5585.68,10.0,10.7,5,1.409,No
MRD-102454,2025-06-26,C92092,Retail,Mumbai,Mumbai West,Mobile App,Net Banking,Apparel,1,1199.46,15.0,1019.54,33.0,2.2,5,2.256,No
MRD-100224,2025-06-26,C30519,Retail,Mumbai,Mumbai West,Website,UPI,Apparel,2,1382.44,10.0,2488.39,29.3,3.6,3,2.9,No
MRD-104829,2025-06-26,C41937,Retail,Delhi NCR,Delhi NCR,Marketplace,Net Banking,Grocery,1,307.61,0.0,307.61,4.3,4.4,5,1.692,No
MRD-104791,2025-06-26,C79820,Retail,Mumbai,Mumbai West,Marketplace,Net Banking,Grocery,3,230.95,0.0,692.85,2.4,3.9,5,2.867,No
MRD-103687,2025-06-26,C94014,Retail,Mumbai,Mumbai West,Website,Debit Card,Grocery,2,185.34,0.0,370.68,2.7,3.5,2,1.395,No
MRD-104035,2025-06-26,C90675,Retail,Delhi NCR,Delhi NCR,Marketplace,Credit Card,Grocery,1,215.38,0.0,215.38,3.1,4.2,4,2.765,No
MRD-104841,2025-06-26,C50087,Corporate,Bengaluru,Bengaluru South,Marketplace,Credit Card,Apparel,27,1023.03,19.3,22290.8,24.1,4.0,4,2.218,No
MRD-102519,2025-06-27,C60689,Retail,Bengaluru,Bengaluru South,Mobile App,Credit Card,Grocery,1,312.93,5.0,297.28,6.1,3.5,4,1.343,No
MRD-104527,2025-06-27,C74287,Retail,Bengaluru,Bengaluru South,Mobile App,Debit Card,Apparel,1,1562.1,0.0,1562.1,37.8,2.9,5,1.655,No
MRD-100460,2025-06-27,C95653,Retail,Mumbai,Mumbai West,Website,Cash on Delivery,Apparel,2,983.66,5.0,1868.95,30.8,3.9,4,2.027,No
MRD-104844,2025-06-27,C80736,Retail,Mumbai,Mumbai West,Mobile App,UPI,Apparel,2,1016.14,0.0,2032.28,27.0,2.3,3,1.708,Yes
MRD-103663,2025-06-27,C69751,Retail,Bengaluru,Bengaluru South,Marketplace,Cash on Delivery,Apparel,5,782.43,20.0,3129.72,29.2,5.0,5,1.833,No
MRD-103393,2025-06-27,C79323,Retail,Bengaluru,Bengaluru South,Mobile App,Credit Card,Apparel,2,715.79,5.0,1360.0,39.4,2.4,5,2.566,No
MRD-101907,2025-06-27,C26884,Retail,Delhi NCR,Delhi NCR,Website,Credit Card,Grocery,2,249.05,10.0,448.29,3.3,1.1,1,1.176,No
MRD-102846,2025-06-27,C59133,Retail,Mumbai,Mumbai West,Mobile App,Net Banking,Grocery,2,268.86,5.0,510.83,3.4,2.7,1,1.454,Yes
MRD-104591,2025-06-27,C99180,Retail,Bengaluru,Bengaluru South,Website,UPI,Electronics,3,4988.79,5.0,14218.05,8.6,1.0,5,1.972,No
MRD-104216,2025-06-27,C93897,Retail,Bengaluru,Bengaluru South,Website,Credit Card,Home & Kitchen,3,2864.37,15.0,7304.14,14.8,2.8,3,1.369,No
MRD-104835,2025-06-27,C72253,Corporate,Delhi NCR,Delhi NCR,Marketplace,Credit Card,Beauty,25,523.4,23.4,10023.11,26.6,1.0,4,1.865,No
MRD-103104,2025-06-28,C11496,Retail,Mumbai,Mumbai West,Marketplace,UPI,Electronics,1,5727.71,0.0,5727.71,9.2,3.6,3,1.791,No
MRD-103495,2025-06-28,C46237,Retail,Delhi NCR,Delhi NCR,Website,Debit Card,Home & Kitchen,2,1835.13,0.0,3670.26,24.0,1.0,4,2.21,No
MRD-100065,2025-06-28,C61801,Retail,Bengaluru,Bengaluru South,Mobile App,UPI,Grocery,2,150.87,0.0,301.74,0.5,1.2,5,3.111,No
MRD-103434,2025-06-28,C31072,Retail,Mumbai,Mumbai West,Marketplace,UPI,Apparel,2,981.82,0.0,1963.64,36.1,2.8,4,1.996,Yes
MRD-101944,2025-06-28,C99605,Corporate,Bengaluru,Bengaluru South,Mobile App,Cash on Delivery,Apparel,27,1072.93,14.6,24739.62,32.8,2.7,5,1.931,No
MRD-101303,2025-06-28,C83982,Retail,Delhi NCR,Delhi NCR,Mobile App,Credit Card,Home & Kitchen,3,3370.8,15.0,8595.54,17.5,2.1,3,1.466,No
MRD-102581,2025-06-28,C64556,Retail,Delhi NCR,Delhi NCR,Website,UPI,Apparel,1,629.8,0.0,629.8,36.8,1.0,5,2.491,No
MRD-101932,2025-06-28,C13928,Retail,Mumbai,Mumbai West,Mobile App,UPI,Apparel,1,1087.02,0.0,1087.02,29.1,2.4,4,1.316,Yes
MRD-103494,2025-06-29,C88861,Retail,Delhi NCR,Delhi NCR,Website,UPI,Electronics,2,3998.52,5.0,7597.19,11.2,1.2,5,1.815,No
MRD-103558,2025-06-29,C24173,Retail,Delhi NCR,Delhi NCR,Website,UPI,Grocery,1,267.67,10.0,240.9,3.5,3.7,4,2.218,No
MRD-104593,2025-06-29,C79615,Retail,Mumbai,Mumbai West,Marketplace,UPI,Grocery,2,434.89,5.0,826.29,4.1,2.8,4,1.429,No
MRD-100932,2025-06-29,C92850,Retail,Mumbai,Mumbai West,Website,Debit Card,Home & Kitchen,3,1065.83,5.0,3037.62,14.0,3.1,5,2.202,No
MRD-101494,2025-06-29,C60075,Retail,Delhi NCR,Delhi NCR,Mobile App,Credit Card,Electronics,1,2471.15,20.0,1976.92,10.1,1.8,3,1.576,No
MRD-102618,2025-06-29,C35245,Corporate,Delhi NCR,Delhi NCR,Website,Cash on Delivery,Grocery,37,232.41,9.7,7765.05,3.1,4.6,1,0.957,No
MRD-103964,2025-06-29,C92176,Retail,Bengaluru,Bengaluru South,Website,Net Banking,Electronics,2,2848.64,10.0,5127.55,6.3,2.7,5,1.774,No
MRD-104333,2025-06-29,C26701,Corporate,Bengaluru,Bengaluru South,Mobile App,Net Banking,Grocery,35,230.97,26.8,5917.45,1.4,3.0,1,1.615,Yes
MRD-100988,2025-06-29,C78564,Retail,Mumbai,Mumbai West,Mobile App,UPI,Electronics,3,4941.66,0.0,14824.98,10.1,2.8,4,2.03,No
MRD-104337,2025-06-29,C52376,Retail,Mumbai,Mumbai West,Mobile App,Cash on Delivery,Electronics,3,2684.31,20.0,6442.34,7.6,4.1,5,1.587,No
MRD-104920,2025-06-29,C54519,Retail,Delhi NCR,Delhi NCR,Website,UPI,Grocery,2,229.28,0.0,458.56,6.2,2.2,4,2.315,No
MRD-100060,2025-06-29,C66509,Retail,Bengaluru,Bengaluru South,Mobile App,UPI,Electronics,1,6413.82,0.0,6413.82,7.4,2.3,2,1.487,No
MRD-101267,2025-06-30,C37892,Retail,Mumbai,Mumbai West,Mobile App,UPI,Electronics,1,2475.59,5.0,2351.81,8.1,3.1,4,2.476,No
MRD-100335,2025-06-30,C87376,Retail,Delhi NCR,Delhi NCR,Marketplace,UPI,Grocery,2,207.2,0.0,414.4,0.5,1.7,5,1.161,No
MRD-103098,2025-06-30,C61975,Corporate,Bengaluru,Bengaluru South,Mobile App,UPI,Grocery,26,303.45,27.6,5712.14,3.9,1.0,5,1.618,Yes
MRD-101088,2025-06-30,C58488,Retail,Bengaluru,Bengaluru South,Website,Cash on Delivery,Electronics,2,7196.58,0.0,14393.16,8.4,2.7,5,1.691,No
MRD-100572,2025-06-30,C70336,Retail,Bengaluru,Bengaluru South,Marketplace,UPI,Grocery,2,278.55,10.0,501.39,5.6,3.6,4,1.365,No
MRD-103092,2025-06-30,C21329,Corporate,Bengaluru,Bengaluru South,Website,UPI,Grocery,24,167.9,20.2,3215.62,3.8,1.8,1,2.457,No
MRD-104190,2025-06-30,C68743,Corporate,Delhi NCR,Delhi NCR,Mobile App,Debit Card,Apparel,29,1004.82,26.2,21505.16,27.3,4.9,5,1.721,No
MRD-101427,2025-06-30,C95955,Retail,Bengaluru,Bengaluru South,Website,Net Banking,Apparel,1,1229.33,0.0,1229.33,18.5,2.5,4,2.248,No
MRD-102905,2025-06-30,C10508,Retail,Mumbai,Mumbai West,Mobile App,Cash on Delivery,Apparel,2,622.49,0.0,1244.98,29.8,3.5,2,1.469,Yes
MRD-100788,2025-06-30,C46327,Retail,Mumbai,Mumbai West,Mobile App,UPI,Electronics,2,7435.97,0.0,14871.94,5.6,2.4,5,1.456,Yes
MRD-101393,2025-06-30,C20450,Retail,Delhi NCR,Delhi NCR,Mobile App,UPI,Beauty,1,474.93,0.0,474.93,27.5,1.7,2,1.25,No
MRD-103312,2025-06-30,C27006,Retail,Bengaluru,Bengaluru South,Website,Debit Card,Beauty,1,919.03,20.0,735.22,29.1,1.0,5,1.578,Yes
MRD-103582,2025-07-01,C86714,Retail,Delhi NCR,Delhi NCR,Mobile App,UPI,Grocery,1,248.55,0.0,248.55,5.4,4.8,4,1.613,No
MRD-102563,2025-07-01,C51859,Retail,Bengaluru,Bengaluru South,Mobile App,Cash on Delivery,Apparel,2,531.07,5.0,1009.03,28.0,2.9,3,1.768,No
MRD-100510,2025-07-01,C99944,Retail,Mumbai,Mumbai West,Marketplace,UPI,Grocery,2,201.64,10.0,362.95,1.9,2.8,1,2.073,No
MRD-101082,2025-07-01,C31496,Retail,Mumbai,Mumbai West,Mobile App,Credit Card,Grocery,1,180.04,0.0,180.04,3.6,2.9,4,2.446,No
MRD-102176,2025-07-01,C89996,Retail,Mumbai,Mumbai West,Mobile App,UPI,Apparel,4,2400.23,10.0,8640.83,33.0,3.1,4,1.021,Yes
MRD-104320,2025-07-01,C22808,Retail,Delhi NCR,Delhi NCR,Mobile App,Net Banking,Home & Kitchen,1,1602.88,15.0,1362.45,22.0,3.7,4,1.31,No
MRD-103273,2025-07-01,C48637,Retail,Bengaluru,Bengaluru South,Mobile App,UPI,Grocery,4,176.8,15.0,601.12,3.6,7.4,1,2.302,Yes
MRD-104410,2025-07-01,C44500,Retail,Mumbai,Mumbai West,Website,Credit Card,Home & Kitchen,4,1890.03,10.0,6804.11,19.2,2.7,5,2.489,Yes
MRD-103407,2025-07-01,C27558,Retail,Mumbai,Mumbai West,Marketplace,Debit Card,Apparel,1,1787.92,0.0,1787.92,34.1,3.4,3,2.336,No
MRD-104335,2025-07-01,C73396,Retail,Bengaluru,Bengaluru South,Mobile App,Debit Card,Apparel,1,1662.56,20.0,1330.05,37.1,2.3,4,1.795,No
MRD-103253,2025-07-01,C14926,Retail,Mumbai,Mumbai West,Mobile App,Wallet,Electronics,1,4073.31,0.0,4073.31,10.9,2.4,4,1.946,No
MRD-104661,2025-07-01,C11849,Corporate,Mumbai,Mumbai West,Marketplace,UPI,Apparel,29,681.42,27.8,14267.57,25.0,3.8,4,2.011,No
MRD-102130,2025-07-01,C47175,Retail,Mumbai,Mumbai West,Mobile App,UPI,Grocery,1,257.69,5.0,244.81,5.6,3.4,5,2.487,No
MRD-104773,2025-07-02,C41094,Retail,Bengaluru,Bengaluru South,Mobile App,UPI,Apparel,5,989.37,10.0,4452.17,36.7,3.4,2,2.402,No
MRD-102457,2025-07-02,C50352,Retail,Mumbai,Mumbai West,Mobile App,Net Banking,Apparel,2,1024.54,10.0,1844.17,29.1,2.1,2,1.683,Yes
MRD-104312,2025-07-02,C10821,Retail,Mumbai,Mumbai West,Mobile App,Credit Card,Apparel,1,1138.08,0.0,1138.08,30.9,3.3,2,2.649,No
MRD-101977,2025-07-02,C99252,Retail,Bengaluru,Bengaluru South,Mobile App,UPI,Grocery,1,264.99,0.0,264.99,4.7,2.9,1,1.831,No
MRD-103236,2025-07-02,C25648,Retail,Delhi NCR,Delhi NCR,Mobile App,Cash on Delivery,Home & Kitchen,1,1149.48,20.0,919.58,15.8,1.0,5,1.541,No
MRD-101094,2025-07-02,C47900,Retail,Delhi NCR,Delhi NCR,Mobile App,Cash on Delivery,Electronics,2,2279.47,15.0,3875.1,5.2,3.8,5,1.82,No
MRD-102223,2025-07-02,C99324,Retail,Bengaluru,Bengaluru South,Website,Credit Card,Electronics,2,11174.14,0.0,22348.28,7.9,3.8,4,1.646,No
MRD-103624,2025-07-02,C80599,Retail,Mumbai,Mumbai West,Website,UPI,Electronics,1,1145.39,10.0,1030.85,5.0,3.6,5,1.551,No
MRD-100916,2025-07-02,C41337,Corporate,Mumbai,Mumbai West,Mobile App,UPI,Electronics,25,4380.79,10.0,98567.78,8.4,3.3,3,2.191,No
MRD-104488,2025-07-02,C99500,Retail,Bengaluru,Bengaluru South,Website,UPI,Apparel,2,1090.85,0.0,2181.7,36.7,5.3,5,1.55,Yes
MRD-104780,2025-07-02,C72142,Retail,Delhi NCR,Delhi NCR,Website,UPI,Apparel,1,582.37,0.0,582.37,28.0,1.0,4,1.773,No
MRD-104901,2025-07-02,C48759,Corporate,Delhi NCR,Delhi NCR,Mobile App,UPI,Apparel,21,663.87,11.0,12407.73,27.6,1.5,1,1.481,Yes
MRD-104212,2025-07-02,C82583,Retail,Bengaluru,Bengaluru South,Mobile App,Net Banking,Grocery,3,305.21,0.0,915.63,1.8,1.0,5,2.507,No
MRD-103956,2025-07-02,C73343,Retail,Mumbai,Mumbai West,Website,Credit Card,Apparel,1,642.68,0.0,642.68,33.4,3.5,4,1.926,No
MRD-102922,2025-07-02,C73749,Corporate,Mumbai,Mumbai West,Mobile App,Cash on Delivery,Electronics,30,20280.8,21.2,479438.11,9.7,4.0,5,1.221,No
MRD-102795,2025-07-02,C19054,Retail,Delhi NCR,Delhi NCR,Website,UPI,Grocery,1,165.13,10.0,148.62,2.1,7.3,4,2.297,No
MRD-101909,2025-07-02,C11490,Retail,Mumbai,Mumbai West,Website,Cash on Delivery,Apparel,2,1405.11,15.0,2388.69,34.7,2.7,4,2.439,No
MRD-104387,2025-07-03,C25610,Retail,Mumbai,Mumbai West,Marketplace,Debit Card,Grocery,2,263.84,10.0,474.91,5.9,3.0,5,2.015,No
MRD-104393,2025-07-03,C27065,Retail,Delhi NCR,Delhi NCR,Mobile App,UPI,Grocery,1,243.65,0.0,243.65,3.7,3.7,2,1.441,No
MRD-102713,2025-07-03,C11442,Corporate,Bengaluru,Bengaluru South,Website,Credit Card,Grocery,21,177.36,24.4,2815.77,6.1,3.7,4,2.169,No
MRD-103174,2025-07-03,C86217,Retail,Bengaluru,Bengaluru South,Marketplace,UPI,Apparel,2,1094.37,0.0,2188.74,32.9,3.9,2,1.301,No
MRD-103266,2025-07-03,C79940,Retail,Bengaluru,Bengaluru South,Mobile App,Wallet,Grocery,1,183.61,15.0,156.07,4.7,2.9,4,1.973,No
MRD-103106,2025-07-03,C49559,Retail,Mumbai,Mumbai West,Mobile App,UPI,Grocery,3,254.75,20.0,611.4,4.8,3.5,5,2.0,No
MRD-103340,2025-07-03,C70339,Retail,Mumbai,Mumbai West,Mobile App,UPI,Grocery,4,383.26,15.0,1303.08,4.6,2.9,2,1.476,No
MRD-101074,2025-07-03,C69104,Retail,Bengaluru,Bengaluru South,Mobile App,UPI,Grocery,3,191.89,0.0,575.67,5.9,3.6,4,1.669,No
MRD-103883,2025-07-03,C64208,Retail,Delhi NCR,Delhi NCR,Mobile App,Credit Card,Apparel,1,551.54,10.0,496.39,32.2,1.8,2,2.104,No
MRD-101983,2025-07-03,C42947,Retail,Delhi NCR,Delhi NCR,Marketplace,UPI,Home & Kitchen,2,2757.23,0.0,5514.46,14.7,4.4,4,1.675,No
MRD-103855,2025-07-03,C79215,Retail,Mumbai,Mumbai West,Mobile App,Credit Card,Apparel,2,1259.14,0.0,2518.28,31.8,3.1,5,1.591,No
MRD-104372,2025-07-03,C52754,Corporate,Bengaluru,Bengaluru South,Mobile App,Net Banking,Beauty,37,810.41,17.1,24857.71,28.8,5.1,4,2.321,No
MRD-101496,2025-07-03,C98906,Retail,Mumbai,Mumbai West,Website,UPI,Apparel,1,2158.86,0.0,2158.86,31.3,3.2,4,1.183,No
MRD-104933,2025-07-03,C13357,Retail,Bengaluru,Bengaluru South,Mobile App,UPI,Beauty,1,1367.63,0.0,1367.63,27.8,3.0,2,1.646,Yes
MRD-104336,2025-07-03,C15270,Retail,Bengaluru,Bengaluru South,Mobile App,Credit Card,Home & Kitchen,1,1820.03,0.0,1820.03,23.6,1.1,4,2.414,No
MRD-100924,2025-07-03,C99337,Retail,Bengaluru,Bengaluru South,Website,UPI,Electronics,3,17743.27,0.0,53229.81,8.9,4.0,4,1.752,No
MRD-100174,2025-07-03,C91972,Retail,Delhi NCR,Delhi NCR,Mobile App,UPI,Apparel,1,1335.74,15.0,1135.38,32.4,17.6,1,0.868,Yes
MRD-102789,2025-07-03,C60666,Retail,Mumbai,Mumbai West,Mobile App,Credit Card,Grocery,2,158.56,15.0,269.55,3.4,3.2,5,1.215,No
MRD-103541,2025-07-03,C46450,Retail,Delhi NCR,Delhi NCR,Marketplace,Credit Card,Beauty,1,1021.78,20.0,817.42,23.0,1.0,5,1.191,No
MRD-104610,2025-07-03,C69604,Retail,Bengaluru,Bengaluru South,Website,Net Banking,Grocery,2,365.49,15.0,621.33,1.8,2.3,2,1.742,Yes
MRD-103226,2025-07-04,C96447,Retail,Bengaluru,Bengaluru South,Website,UPI,Electronics,1,6469.47,20.0,5175.58,6.9,4.4,5,1.986,No
MRD-100828,2025-07-04,C26075,Retail,Delhi NCR,Delhi NCR,Mobile App,UPI,Home & Kitchen,1,696.56,5.0,661.73,21.4,5.2,4,2.103,No
MRD-103553,2025-07-04,C58977,Retail,Mumbai,Mumbai West,Website,Net Banking,Apparel,2,858.06,20.0,1372.9,31.1,2.7,3,1.793,No
MRD-100455,2025-07-04,C54822,Retail,Mumbai,Mumbai West,Mobile App,Net Banking,Apparel,1,851.91,0.0,851.91,31.8,3.9,4,2.337,No
MRD-100294,2025-07-04,C27053,Retail,Delhi NCR,Delhi NCR,Mobile App,UPI,Home & Kitchen,2,883.32,0.0,1766.64,16.6,1.0,4,1.699,No
MRD-103715,2025-07-04,C97557,Retail,Mumbai,Mumbai West,Mobile App,Wallet,Electronics,2,3902.33,20.0,6243.73,8.0,2.6,3,1.486,No
MRD-102614,2025-07-04,C99900,Retail,Bengaluru,Bengaluru South,Mobile App,UPI,Grocery,1,272.57,0.0,272.57,2.0,2.4,4,2.245,No
MRD-103040,2025-07-04,C44445,Retail,Mumbai,Mumbai West,Website,Credit Card,Grocery,3,313.07,0.0,939.21,3.9,3.7,4,1.278,No
MRD-103242,2025-07-04,C25556,Corporate,Delhi NCR,Delhi NCR,Mobile App,UPI,Home & Kitchen,26,1104.44,12.9,25011.15,13.4,1.0,4,1.766,No
MRD-102491,2025-07-04,C89355,Retail,Bengaluru,Bengaluru South,Marketplace,Debit Card,Electronics,4,10200.22,10.0,36720.79,9.9,1.8,4,1.935,No
MRD-101544,2025-07-04,C65640,Retail,Bengaluru,Bengaluru South,Mobile App,UPI,Beauty,1,900.51,0.0,900.51,20.3,1.4,5,1.527,No
MRD-100796,2025-07-04,C39963,Retail,Delhi NCR,Delhi NCR,Mobile App,UPI,Apparel,2,955.68,10.0,1720.22,28.3,2.3,3,2.178,No
MRD-103268,2025-07-04,C91517,Retail,Mumbai,Mumbai West,Mobile App,Debit Card,Home & Kitchen,1,1493.52,15.0,1269.49,17.6,3.7,1,1.713,No
MRD-100285,2025-07-04,C89966,Corporate,Bengaluru,Bengaluru South,Marketplace,UPI,Grocery,28,335.72,15.5,7943.14,3.0,4.1,4,1.598,Yes
MRD-102872,2025-07-04,C88359,Retail,Mumbai,Mumbai West,Mobile App,UPI,Beauty,6,815.25,0.0,4891.5,25.5,2.2,5,1.978,No
MRD-102126,2025-07-04,C55998,Retail,Mumbai,Mumbai West,Website,Debit Card,Apparel,1,1404.94,20.0,1123.95,37.3,2.6,1,2.46,Yes
MRD-100856,2025-07-05,C98312,Retail,Delhi NCR,Delhi NCR,Website,Credit Card,Grocery,1,226.91,0.0,226.91,5.0,1.0,1,0.892,Yes
MRD-100459,2025-07-05,C81336,Retail,Mumbai,Mumbai West,Website,UPI,Grocery,1,258.25,0.0,258.25,4.3,3.5,1,1.047,Yes
MRD-101355,2025-07-05,C14860,Corporate,Delhi NCR,Delhi NCR,Marketplace,UPI,Apparel,19,812.59,12.2,13555.63,36.6,7.0,1,2.315,No
MRD-102356,2025-07-05,C92854,Retail,Mumbai,Mumbai West,Mobile App,Credit Card,Electronics,1,7203.46,0.0,7203.46,8.8,2.6,5,1.55,No
MRD-104954,2025-07-05,C39644,Retail,Bengaluru,Bengaluru South,Mobile App,Credit Card,Home & Kitchen,2,2351.73,0.0,4703.46,16.0,2.2,5,2.12,No
MRD-102034,2025-07-05,C32433,Retail,Delhi NCR,Delhi NCR,Website,Credit Card,Grocery,1,245.68,5.0,233.4,4.9,4.0,5,1.653,No
MRD-103831,2025-07-05,C38705,Retail,Mumbai,Mumbai West,Website,UPI,Electronics,1,9880.61,0.0,9880.61,9.6,3.1,5,1.449,No
MRD-100647,2025-07-05,C88361,Retail,Mumbai,Mumbai West,Mobile App,UPI,Electronics,1,2082.43,0.0,2082.43,5.7,3.6,5,1.684,Yes
MRD-104036,2025-07-05,C76314,Retail,Mumbai,Mumbai West,Mobile App,UPI,Apparel,1,1617.63,10.0,1455.87,34.7,3.4,5,2.271,Yes
MRD-104649,2025-07-05,C29904,Retail,Delhi NCR,Delhi NCR,Website,UPI,Beauty,1,912.33,10.0,821.1,21.7,2.1,5,2.009,No
MRD-104809,2025-07-05,C16753,Retail,Bengaluru,Bengaluru South,Website,UPI,Electronics,2,1619.17,15.0,2752.59,8.1,4.5,4,1.834,No
MRD-100595,2025-07-05,C32465,Retail,Bengaluru,Bengaluru South,Mobile App,Debit Card,Electronics,1,9005.41,0.0,9005.41,9.8,3.0,2,2.845,No
MRD-103543,2025-07-05,C38543,Retail,Mumbai,Mumbai West,Mobile App,Credit Card,Grocery,1,323.21,0.0,323.21,6.1,3.6,5,1.799,No
MRD-103094,2025-07-05,C43155,Retail,Mumbai,Mumbai West,Website,Cash on Delivery,Beauty,2,503.29,20.0,805.26,26.3,3.6,1,1.8,No
MRD-101824,2025-07-05,C17905,Retail,Mumbai,Mumbai West,Mobile App,UPI,Apparel,2,1001.55,20.0,1602.48,28.5,3.1,2,2.326,No
MRD-100827,2025-07-05,C73438,Retail,Delhi NCR,Delhi NCR,Mobile App,UPI,Grocery,2,245.13,5.0,465.75,5.6,3.0,4,2.218,No
MRD-104383,2025-07-06,C96666,Retail,Delhi NCR,Delhi NCR,Mobile App,Debit Card,Home & Kitchen,1,2046.6,5.0,1944.27,20.6,2.9,5,1.398,No
MRD-100140,2025-07-06,C97741,Retail,Mumbai,Mumbai West,Marketplace,Wallet,Apparel,1,918.19,0.0,918.19,32.6,2.6,5,2.13,No
MRD-104491,2025-07-06,C61419,Retail,Mumbai,Mumbai West,Mobile App,UPI,Grocery,2,173.63,10.0,312.53,4.0,3.0,4,1.947,No
MRD-102851,2025-07-06,C74309,Retail,Mumbai,Mumbai West,Marketplace,UPI,Electronics,1,11663.27,15.0,9913.78,6.2,3.9,3,2.045,No
MRD-104612,2025-07-06,C21433,Corporate,Delhi NCR,Delhi NCR,Website,UPI,Apparel,27,705.11,18.1,15592.1,33.0,2.0,4,1.427,No
MRD-103462,2025-07-06,C51232,Retail,Mumbai,Mumbai West,Mobile App,Debit Card,Beauty,3,647.93,15.0,1652.22,29.6,4.0,2,1.865,Yes
MRD-101621,2025-07-06,C16302,Retail,Bengaluru,Bengaluru South,Website,UPI,Home & Kitchen,1,2219.41,5.0,2108.44,18.6,4.3,2,2.152,No
MRD-101884,2025-07-06,C33890,Retail,Bengaluru,Bengaluru South,Marketplace,Credit Card,Apparel,2,853.96,20.0,1366.34,31.8,4.1,5,1.855,No
MRD-101007,2025-07-06,C71570,Retail,Bengaluru,Bengaluru South,Mobile App,Debit Card,Beauty,1,523.8,5.0,497.61,30.7,4.8,4,1.961,No
MRD-101653,2025-07-07,C18567,Retail,Mumbai,Mumbai West,Mobile App,UPI,Grocery,3,219.27,0.0,657.81,5.3,3.0,4,2.372,No
MRD-100551,2025-07-07,C80242,Corporate,Delhi NCR,Delhi NCR,Mobile App,Credit Card,Beauty,32,728.12,19.9,18663.17,23.8,1.0,5,2.47,No
MRD-102489,2025-07-07,C53799,Retail,Bengaluru,Bengaluru South,Mobile App,UPI,Electronics,4,4292.64,0.0,17170.56,9.1,3.8,4,1.396,No
MRD-100813,2025-07-07,C26208,Corporate,Delhi NCR,Delhi NCR,Website,UPI,Electronics,27,8089.8,8.9,198984.81,6.7,1.2,1,1.671,No
MRD-101996,2025-07-07,C23459,Retail,Mumbai,Mumbai West,Mobile App,Credit Card,Electronics,3,4276.84,0.0,12830.52,11.3,3.4,2,1.826,No
MRD-100002,2025-07-07,C92755,Retail,Bengaluru,Bengaluru South,Mobile App,Net Banking,Grocery,2,132.45,0.0,264.9,5.6,2.8,5,1.468,Yes
MRD-104152,2025-07-07,C46228,Retail,Bengaluru,Bengaluru South,Mobile App,Cash on Delivery,Electronics,1,4689.08,10.0,4220.17,8.4,1.0,5,2.239,No
MRD-100075,2025-07-07,C62214,Corporate,Bengaluru,Bengaluru South,Mobile App,UPI,Electronics,27,2496.18,28.0,48525.74,10.1,1.0,4,1.532,No
MRD-103258,2025-07-07,C57556,Retail,Bengaluru,Bengaluru South,Mobile App,UPI,Electronics,1,5045.13,10.0,4540.62,11.5,1.0,4,1.804,No
MRD-102989,2025-07-08,C19423,Retail,Mumbai,Mumbai West,Website,UPI,Grocery,2,243.82,0.0,487.64,4.9,3.4,2,1.788,No
MRD-101757,2025-07-08,C70235,Retail,Delhi NCR,Delhi NCR,Mobile App,Credit Card,Apparel,1,996.99,5.0,947.14,32.3,1.0,4,1.821,No
MRD-100262,2025-07-08,C81852,Retail,Bengaluru,Bengaluru South,Website,UPI,Apparel,2,1206.57,15.0,2051.17,30.8,2.5,3,1.063,Yes
MRD-102220,2025-07-08,C33120,Retail,Delhi NCR,Delhi NCR,Marketplace,UPI,Home & Kitchen,1,1088.9,0.0,1088.9,24.5,1.0,2,0.988,Yes
MRD-103155,2025-07-08,C90368,Retail,Bengaluru,Bengaluru South,Mobile App,Credit Card,Home & Kitchen,2,3782.07,0.0,7564.14,17.4,1.9,2,1.949,No
MRD-101310,2025-07-08,C26279,Retail,Mumbai,Mumbai West,Mobile App,UPI,Electronics,4,4757.64,0.0,19030.56,9.1,2.7,2,1.727,No
MRD-104960,2025-07-08,C15305,Retail,Bengaluru,Bengaluru South,Mobile App,Cash on Delivery,Apparel,1,671.58,10.0,604.42,36.7,6.3,4,1.552,No
MRD-100745,2025-07-08,C75100,Retail,Bengaluru,Bengaluru South,Website,UPI,Home & Kitchen,1,1414.89,5.0,1344.15,19.9,4.1,4,1.583,No
MRD-103449,2025-07-08,C92786,Retail,Mumbai,Mumbai West,Marketplace,Net Banking,Electronics,2,4122.63,20.0,6596.21,7.2,3.7,4,1.376,No
MRD-101572,2025-07-08,C21215,Retail,Mumbai,Mumbai West,Marketplace,UPI,Apparel,2,756.94,0.0,1513.88,49.2,3.1,2,1.64,Yes
MRD-104006,2025-07-08,C64886,Retail,Delhi NCR,Delhi NCR,Mobile App,UPI,Home & Kitchen,3,1744.56,5.0,4972.0,15.0,3.9,4,1.455,No
MRD-102539,2025-07-08,C87380,Retail,Mumbai,Mumbai West,Mobile App,Net Banking,Apparel,1,389.5,15.0,331.08,30.9,2.9,4,1.367,No
MRD-104169,2025-07-09,C23807,Retail,Mumbai,Mumbai West,Mobile App,Debit Card,Apparel,2,1376.33,15.0,2339.76,33.1,4.6,4,1.81,No
MRD-102721,2025-07-09,C37127,Retail,Mumbai,Mumbai West,Mobile App,Debit Card,Electronics,2,5973.24,10.0,10751.83,7.7,3.5,4,2.442,No
MRD-100965,2025-07-09,C26601,Corporate,Bengaluru,Bengaluru South,Website,UPI,Electronics,27,2566.1,19.7,55635.61,4.9,4.5,3,2.217,No
MRD-103196,2025-07-09,C72136,Retail,Bengaluru,Bengaluru South,Website,Credit Card,Grocery,1,120.78,5.0,114.74,6.3,3.8,5,1.699,No
MRD-100406,2025-07-09,C80208,Retail,Mumbai,Mumbai West,Mobile App,UPI,Home & Kitchen,1,2252.58,0.0,2252.58,23.7,3.3,5,1.338,No
MRD-101471,2025-07-09,C18882,Retail,Delhi NCR,Delhi NCR,Mobile App,UPI,Home & Kitchen,3,917.04,5.0,2613.56,16.3,1.8,2,2.274,Yes
MRD-103697,2025-07-09,C79674,Retail,Delhi NCR,Delhi NCR,Mobile App,Debit Card,Electronics,3,9569.81,10.0,25838.49,8.0,4.0,3,1.902,No
MRD-104191,2025-07-09,C43531,Corporate,Delhi NCR,Delhi NCR,Website,Debit Card,Grocery,23,167.55,15.2,3267.9,3.8,1.7,2,0.726,No
MRD-104173,2025-07-09,C59724,Retail,Mumbai,Mumbai West,Mobile App,Credit Card,Apparel,2,1572.25,20.0,2515.6,30.6,3.3,5,2.262,No
MRD-102367,2025-07-09,C85945,Retail,Bengaluru,Bengaluru South,Website,Cash on Delivery,Electronics,5,2210.77,20.0,8843.08,8.6,2.9,5,1.28,No
MRD-103450,2025-07-09,C46803,Retail,Mumbai,Mumbai West,Mobile App,Cash on Delivery,Apparel,1,559.09,10.0,503.18,28.1,3.7,4,2.238,Yes
MRD-100935,2025-07-09,C31923,Retail,Mumbai,Mumbai West,Marketplace,Credit Card,Electronics,1,13208.33,20.0,10566.66,6.9,2.4,4,2.148,No
MRD-101515,2025-07-09,C38117,Retail,Mumbai,Mumbai West,Mobile App,UPI,Grocery,2,195.85,0.0,391.7,3.0,3.8,5,1.738,No
MRD-103788,2025-07-09,C55656,Corporate,Mumbai,Mumbai West,Website,UPI,Grocery,29,223.63,22.0,5058.51,3.4,3.4,1,1.614,Yes
MRD-102956,2025-07-09,C51985,Retail,Bengaluru,Bengaluru South,Marketplace,UPI,Grocery,1,279.42,15.0,237.51,3.9,1.0,2,1.851,No
MRD-102405,2025-07-09,C98770,Retail,Bengaluru,Bengaluru South,Marketplace,UPI,Beauty,3,592.92,0.0,1778.76,22.6,3.5,1,2.532,No
MRD-103352,2025-07-10,C16523,Retail,Bengaluru,Bengaluru South,Mobile App,UPI,Grocery,3,297.2,5.0,847.02,4.4,2.3,3,2.655,No
MRD-104936,2025-07-10,C76114,Retail,Bengaluru,Bengaluru South,Marketplace,Cash on Delivery,Electronics,5,7847.71,20.0,31390.84,7.3,1.6,4,1.86,Yes
MRD-102074,2025-07-10,C42614,Retail,Mumbai,Mumbai West,Mobile App,Debit Card,Electronics,3,4185.27,0.0,12555.81,5.3,3.1,4,1.177,Yes
MRD-102676,2025-07-10,C62685,Retail,Mumbai,Mumbai West,Mobile App,Net Banking,Apparel,2,1122.09,0.0,2244.18,35.1,2.6,5,1.794,No
MRD-100102,2025-07-10,C53073,Retail,Mumbai,Mumbai West,Mobile App,UPI,Apparel,2,788.4,0.0,1576.8,41.1,3.1,1,1.817,Yes
MRD-102521,2025-07-10,C54751,Retail,Mumbai,Mumbai West,Website,UPI,Apparel,2,1125.77,0.0,2251.54,36.0,4.2,2,1.81,No
MRD-100799,2025-07-10,C66136,Retail,Mumbai,Mumbai West,Marketplace,Debit Card,Apparel,2,702.57,10.0,1264.63,29.7,3.0,5,1.828,No
MRD-100303,2025-07-10,C68192,Retail,Mumbai,Mumbai West,Website,Cash on Delivery,Grocery,1,243.8,15.0,207.23,3.2,2.4,4,2.236,No
MRD-103627,2025-07-10,C24988,Retail,Mumbai,Mumbai West,Website,Credit Card,Grocery,2,268.81,0.0,537.62,5.5,2.6,5,1.661,No
MRD-104668,2025-07-10,C88607,Corporate,Bengaluru,Bengaluru South,Website,Credit Card,Apparel,31,667.66,12.1,18193.07,35.7,2.9,5,1.64,Yes
MRD-101540,2025-07-10,C69346,Retail,Bengaluru,Bengaluru South,Website,Net Banking,Apparel,2,600.8,5.0,1141.52,32.1,1.9,5,2.335,No
MRD-100090,2025-07-11,C41942,Retail,Mumbai,Mumbai West,Website,UPI,Home & Kitchen,4,2628.16,0.0,10512.64,20.5,3.7,5,2.117,No
MRD-103949,2025-07-11,C30015,Retail,Mumbai,Mumbai West,Mobile App,UPI,Grocery,2,157.83,5.0,299.88,3.0,3.4,4,2.102,No
MRD-103796,2025-07-11,C72014,Retail,Bengaluru,Bengaluru South,Mobile App,Credit Card,Grocery,1,184.49,10.0,166.04,4.2,2.4,4,1.451,No
MRD-103377,2025-07-11,C70045,Retail,Bengaluru,Bengaluru South,Marketplace,Credit Card,Beauty,1,1071.2,15.0,910.52,18.1,3.7,5,1.745,No
MRD-104601,2025-07-11,C18042,Retail,Bengaluru,Bengaluru South,Mobile App,Debit Card,Apparel,1,1217.53,0.0,1217.53,23.0,2.7,5,1.137,No
MRD-103370,2025-07-11,C85985,Retail,Bengaluru,Bengaluru South,Mobile App,UPI,Apparel,3,882.49,10.0,2382.72,35.5,2.3,4,1.563,No
MRD-100791,2025-07-11,C32993,Retail,Mumbai,Mumbai West,Mobile App,Debit Card,Electronics,2,4722.21,0.0,9444.42,4.7,3.2,2,1.658,No
MRD-102665,2025-07-11,C17900,Retail,Mumbai,Mumbai West,Mobile App,UPI,Electronics,2,7264.01,5.0,13801.62,10.3,2.0,5,2.059,No
MRD-100181,2025-07-11,C39140,Corporate,Delhi NCR,Delhi NCR,Mobile App,Net Banking,Grocery,35,255.99,23.7,6836.21,2.8,3.2,2,2.266,No
MRD-103403,2025-07-11,C51256,Retail,Bengaluru,Bengaluru South,Mobile App,Credit Card,Electronics,2,1367.05,15.0,2323.98,10.8,2.0,1,1.881,No
MRD-101337,2025-07-11,C17841,Retail,Bengaluru,Bengaluru South,Mobile App,Credit Card,Electronics,2,7753.59,15.0,13181.1,8.5,4.5,1,1.696,No
MRD-101213,2025-07-11,C22391,Retail,Mumbai,Mumbai West,Mobile App,Cash on Delivery,Apparel,2,728.95,20.0,1166.32,25.1,3.0,5,1.27,No
MRD-101522,2025-07-12,C67894,Retail,Bengaluru,Bengaluru South,Website,UPI,Home & Kitchen,2,1783.39,0.0,3566.78,15.3,2.7,4,2.105,No
MRD-100131,2025-07-12,C10289,Retail,Bengaluru,Bengaluru South,Marketplace,Cash on Delivery,Grocery,3,204.61,10.0,552.45,2.7,1.0,5,1.509,No
MRD-102050,2025-07-12,C70281,Retail,Bengaluru,Bengaluru South,Website,UPI,Grocery,3,230.79,10.0,623.13,3.4,4.0,5,1.312,No
MRD-100526,2025-07-12,C71273,Retail,Mumbai,Mumbai West,Mobile App,Debit Card,Grocery,3,173.41,0.0,520.23,5.5,3.2,4,2.075,No
MRD-101689,2025-07-12,C35528,Retail,Delhi NCR,Delhi NCR,Website,UPI,Grocery,2,316.23,5.0,600.84,2.7,5.7,4,1.918,No
MRD-104708,2025-07-12,C62470,Corporate,Bengaluru,Bengaluru South,Website,Net Banking,Grocery,30,360.41,8.8,9860.82,3.7,6.0,1,1.679,No
MRD-103383,2025-07-12,C96227,Retail,Bengaluru,Bengaluru South,Mobile App,Credit Card,Electronics,1,6482.69,0.0,6482.69,8.0,2.4,5,2.065,No
MRD-104631,2025-07-12,C93547,Retail,Mumbai,Mumbai West,Mobile App,Debit Card,Grocery,3,239.95,10.0,647.86,3.8,3.3,3,1.792,No
MRD-101201,2025-07-12,C36349,Retail,Bengaluru,Bengaluru South,Website,UPI,Home & Kitchen,1,577.27,5.0,548.41,15.2,3.4,5,1.365,No
MRD-100548,2025-07-13,C89209,Retail,Bengaluru,Bengaluru South,Mobile App,UPI,Beauty,1,882.45,20.0,705.96,33.4,3.5,4,2.361,No
MRD-100658,2025-07-13,C75484,Retail,Delhi NCR,Delhi NCR,Marketplace,Cash on Delivery,Beauty,2,340.55,5.0,647.04,29.5,3.7,5,1.372,No
MRD-100707,2025-07-13,C94212,Retail,Mumbai,Mumbai West,Mobile App,Debit Card,Apparel,1,1566.3,20.0,1253.04,29.9,4.1,4,1.489,Yes
MRD-103369,2025-07-13,C33472,Retail,Mumbai,Mumbai West,Mobile App,UPI,Electronics,2,4369.86,15.0,7428.76,7.7,3.3,2,2.095,No
MRD-103763,2025-07-13,C61822,Retail,Bengaluru,Bengaluru South,Marketplace,UPI,Home & Kitchen,4,508.13,20.0,1626.02,20.9,6.2,1,2.802,No
MRD-104935,2025-07-13,C46719,Retail,Bengaluru,Bengaluru South,Website,UPI,Electronics,1,6851.68,0.0,6851.68,7.9,4.1,5,2.862,No
MRD-100646,2025-07-13,C62423,Retail,Bengaluru,Bengaluru South,Mobile App,UPI,Apparel,3,939.93,15.0,2396.82,28.9,2.5,5,1.813,No
MRD-104090,2025-07-13,C65764,Retail,Mumbai,Mumbai West,Mobile App,Cash on Delivery,Beauty,1,1016.25,10.0,914.62,23.0,3.9,1,1.475,No
MRD-100711,2025-07-13,C98884,Retail,Bengaluru,Bengaluru South,Website,Wallet,Apparel,1,573.56,5.0,544.88,33.7,1.7,4,2.725,Yes
MRD-103744,2025-07-13,C21110,Corporate,Bengaluru,Bengaluru South,Mobile App,Credit Card,Grocery,25,140.73,20.4,2800.53,4.8,2.8,4,1.206,No
MRD-103545,2025-07-13,C22989,Corporate,Mumbai,Mumbai West,Mobile App,Credit Card,Beauty,25,660.69,19.8,13246.83,31.9,3.5,4,2.376,No
MRD-100247,2025-07-14,C29220,Retail,Mumbai,Mumbai West,Mobile App,Cash on Delivery,Apparel,2,1089.5,0.0,2179.0,37.4,2.3,5,1.775,No
MRD-103097,2025-07-14,C99889,Retail,Delhi NCR,Delhi NCR,Marketplace,UPI,Grocery,2,193.73,20.0,309.97,4.1,4.1,4,1.343,No
MRD-103071,2025-07-14,C32812,Retail,Bengaluru,Bengaluru South,Marketplace,UPI,Grocery,2,162.47,0.0,324.94,4.8,3.2,1,2.194,No
MRD-104811,2025-07-14,C20532,Corporate,Bengaluru,Bengaluru South,Mobile App,Net Banking,Electronics,26,9639.57,18.6,204011.86,9.1,4.1,4,1.768,No
MRD-101134,2025-07-14,C95002,Retail,Delhi NCR,Delhi NCR,Mobile App,UPI,Grocery,3,186.02,15.0,474.35,4.0,3.0,2,1.417,Yes
MRD-100022,2025-07-14,C41255,Retail,Bengaluru,Bengaluru South,Website,UPI,Electronics,2,3649.91,10.0,6569.84,5.3,1.6,4,1.739,No
MRD-101998,2025-07-14,C16180,Retail,Mumbai,Mumbai West,Website,UPI,Grocery,1,181.39,0.0,181.39,2.6,2.0,1,1.708,No
MRD-100975,2025-07-14,C87982,Retail,Bengaluru,Bengaluru South,Mobile App,UPI,Grocery,3,188.42,10.0,508.73,2.5,3.1,5,1.631,Yes
MRD-100256,2025-07-14,C29946,Retail,Bengaluru,Bengaluru South,Website,Wallet,Beauty,1,972.51,0.0,972.51,21.2,1.9,4,2.417,No
MRD-100089,2025-07-14,C90623,Retail,Delhi NCR,Delhi NCR,Mobile App,Credit Card,Grocery,2,297.55,5.0,565.34,4.7,1.0,5,1.802,No
MRD-100689,2025-07-14,C92033,Retail,Bengaluru,Bengaluru South,Website,Credit Card,Home & Kitchen,3,2627.54,0.0,7882.62,18.3,4.1,4,1.675,No
MRD-101889,2025-07-14,C15696,Retail,Bengaluru,Bengaluru South,Marketplace,Credit Card,Apparel,1,908.86,0.0,908.86,36.6,4.0,4,1.822,No
MRD-100679,2025-07-14,C95108,Retail,Delhi NCR,Delhi NCR,Mobile App,UPI,Grocery,2,202.77,10.0,364.99,7.7,3.2,5,1.956,No
MRD-100212,2025-07-15,C52806,Retail,Bengaluru,Bengaluru South,Website,Cash on Delivery,Home & Kitchen,2,1042.35,0.0,2084.7,12.0,4.2,4,2.693,No
MRD-102137,2025-07-15,C43836,Retail,Delhi NCR,Delhi NCR,Website,UPI,Electronics,2,8088.29,20.0,12941.26,4.7,4.0,1,2.087,No
MRD-100855,2025-07-15,C34583,Retail,Bengaluru,Bengaluru South,Mobile App,UPI,Apparel,1,595.18,0.0,595.18,29.6,3.3,1,2.192,Yes
MRD-103847,2025-07-15,C44133,Retail,Mumbai,Mumbai West,Mobile App,UPI,Electronics,2,1654.9,5.0,3144.31,9.0,3.9,2,2.347,No
MRD-102134,2025-07-15,C59935,Retail,Bengaluru,Bengaluru South,Marketplace,UPI,Grocery,3,376.56,0.0,1129.68,4.2,3.1,3,1.493,No
MRD-100159,2025-07-15,C46690,Retail,Mumbai,Mumbai West,Mobile App,UPI,Home & Kitchen,1,1466.29,0.0,1466.29,18.3,2.9,5,2.237,No
MRD-103293,2025-07-15,C41471,Retail,Delhi NCR,Delhi NCR,Website,UPI,Grocery,1,215.36,0.0,215.36,4.1,2.0,2,2.174,No
MRD-102310,2025-07-15,C15082,Retail,Delhi NCR,Delhi NCR,Mobile App,Credit Card,Electronics,1,4938.71,0.0,4938.71,8.7,5.4,4,2.362,No
MRD-100379,2025-07-15,C92773,Retail,Bengaluru,Bengaluru South,Marketplace,Cash on Delivery,Home & Kitchen,2,3043.04,20.0,4868.86,13.4,4.0,4,1.588,No
MRD-101610,2025-07-15,C37908,Retail,Bengaluru,Bengaluru South,Website,Credit Card,Home & Kitchen,4,746.47,0.0,2985.88,16.0,1.6,5,1.582,No
MRD-101115,2025-07-15,C47829,Retail,Delhi NCR,Delhi NCR,Mobile App,UPI,Beauty,2,1710.94,0.0,3421.88,19.3,1.0,4,1.578,No
MRD-103737,2025-07-15,C38586,Retail,Delhi NCR,Delhi NCR,Mobile App,UPI,Home & Kitchen,1,1602.23,0.0,1602.23,18.0,1.0,4,1.538,No
MRD-101152,2025-07-15,C73109,Retail,Mumbai,Mumbai West,Website,Net Banking,Home & Kitchen,2,949.67,20.0,1519.47,16.5,4.3,5,1.89,Yes
MRD-101586,2025-07-15,C89237,Retail,Bengaluru,Bengaluru South,Mobile App,UPI,Grocery,2,152.03,20.0,243.25,3.4,2.3,4,1.376,No
MRD-102411,2025-07-15,C56863,Retail,Mumbai,Mumbai West,Mobile App,Credit Card,Grocery,2,129.72,0.0,259.44,5.1,3.4,1,1.854,Yes
MRD-104121,2025-07-16,C49402,Retail,Bengaluru,Bengaluru South,Mobile App,Cash on Delivery,Grocery,2,145.65,0.0,291.3,3.5,2.2,3,1.467,No
MRD-104453,2025-07-16,C63582,Retail,Delhi NCR,Delhi NCR,Mobile App,UPI,Apparel,1,1457.22,0.0,1457.22,40.9,4.8,2,1.947,Yes
MRD-104516,2025-07-16,C91340,Retail,Mumbai,Mumbai West,Mobile App,UPI,Home & Kitchen,2,2360.24,0.0,4720.48,24.5,3.2,2,2.219,No
MRD-104032,2025-07-16,C26085,Retail,Mumbai,Mumbai West,Website,Credit Card,Electronics,3,11689.43,0.0,35068.29,7.5,3.2,4,1.446,No
MRD-102650,2025-07-16,C42372,Retail,Mumbai,Mumbai West,Website,UPI,Home & Kitchen,3,2138.33,5.0,6094.24,19.6,2.5,2,1.561,No
MRD-103280,2025-07-16,C88613,Corporate,Delhi NCR,Delhi NCR,Mobile App,Credit Card,Apparel,27,621.71,14.4,14368.96,32.8,4.8,5,1.134,No
MRD-102559,2025-07-16,C74308,Retail,Bengaluru,Bengaluru South,Marketplace,Net Banking,Apparel,2,894.2,5.0,1698.98,39.2,1.0,5,1.908,Yes
MRD-102798,2025-07-16,C86767,Retail,Mumbai,Mumbai West,Mobile App,UPI,Grocery,3,389.11,0.0,1167.33,6.3,2.6,3,2.074,No
MRD-103751,2025-07-16,C63579,Retail,Bengaluru,Bengaluru South,Mobile App,Cash on Delivery,Grocery,3,230.89,10.0,623.4,6.5,4.6,2,1.58,No
MRD-103635,2025-07-16,C36531,Retail,Bengaluru,Bengaluru South,Mobile App,UPI,Apparel,1,1965.51,20.0,1572.41,42.7,5.3,3,1.229,No
MRD-102884,2025-07-16,C22718,Retail,Delhi NCR,Delhi NCR,Mobile App,Cash on Delivery,Apparel,1,924.96,0.0,924.96,25.1,1.0,5,1.577,No
MRD-103366,2025-07-16,C37403,Retail,Mumbai,Mumbai West,Mobile App,UPI,Grocery,2,116.06,20.0,185.7,2.1,4.0,5,2.143,No
MRD-102725,2025-07-16,C30494,Retail,Mumbai,Mumbai West,Mobile App,UPI,Electronics,1,1801.4,20.0,1441.12,10.5,2.8,4,2.102,No
MRD-103841,2025-07-17,C12187,Retail,Delhi NCR,Delhi NCR,Marketplace,Wallet,Electronics,1,2275.04,20.0,1820.03,10.5,1.9,4,1.899,No
MRD-100020,2025-07-17,C32513,Retail,Bengaluru,Bengaluru South,Mobile App,UPI,Apparel,2,1006.28,10.0,1811.3,28.8,2.7,2,2.433,No
MRD-103560,2025-07-17,C93310,Retail,Bengaluru,Bengaluru South,Mobile App,UPI,Home & Kitchen,2,1056.7,15.0,1796.39,10.2,2.0,5,1.55,No
MRD-101261,2025-07-17,C15574,Retail,Bengaluru,Bengaluru South,Mobile App,Net Banking,Electronics,3,3601.52,5.0,10264.33,10.6,1.7,5,1.908,No
MRD-104005,2025-07-17,C57760,Retail,Bengaluru,Bengaluru South,Mobile App,UPI,Apparel,2,329.3,15.0,559.81,31.7,2.1,5,1.624,No
MRD-103381,2025-07-17,C58173,Retail,Delhi NCR,Delhi NCR,Mobile App,Cash on Delivery,Beauty,2,985.48,20.0,1576.77,25.8,1.0,4,2.569,No
MRD-100156,2025-07-17,C73123,Retail,Mumbai,Mumbai West,Website,Cash on Delivery,Apparel,2,1186.8,0.0,2373.6,36.3,3.9,5,2.13,Yes
MRD-103252,2025-07-17,C34985,Retail,Mumbai,Mumbai West,Website,UPI,Electronics,4,7910.51,0.0,31642.04,7.8,3.1,4,2.549,No
MRD-102546,2025-07-17,C44023,Retail,Delhi NCR,Delhi NCR,Mobile App,UPI,Electronics,2,2634.65,20.0,4215.44,3.9,2.5,5,2.283,Yes
MRD-104788,2025-07-17,C48189,Retail,Delhi NCR,Delhi NCR,Website,UPI,Electronics,2,6893.85,5.0,13098.32,8.8,1.0,5,2.591,No
MRD-104886,2025-07-17,C59935,Retail,Bengaluru,Bengaluru South,Website,Net Banking,Home & Kitchen,2,1189.49,5.0,2260.03,20.0,1.5,5,2.197,No
MRD-104309,2025-07-17,C90642,Retail,Mumbai,Mumbai West,Website,Credit Card,Apparel,1,995.24,20.0,796.19,35.4,4.2,5,1.152,No
MRD-102812,2025-07-17,C69203,Retail,Bengaluru,Bengaluru South,Website,Credit Card,Electronics,2,3889.64,0.0,7779.28,6.4,3.8,4,1.191,No
MRD-101418,2025-07-17,C70070,Retail,Bengaluru,Bengaluru South,Marketplace,UPI,Electronics,2,3170.64,0.0,6341.28,5.4,1.0,3,1.248,No
MRD-101392,2025-07-18,C89633,Retail,Delhi NCR,Delhi NCR,Mobile App,Credit Card,Grocery,1,253.59,5.0,240.91,3.4,1.3,5,1.745,No
MRD-103997,2025-07-18,C28072,Retail,Mumbai,Mumbai West,Mobile App,UPI,Grocery,2,145.67,15.0,247.64,1.8,3.2,5,2.31,No
MRD-102882,2025-07-18,C96110,Retail,Delhi NCR,Delhi NCR,Mobile App,UPI,Grocery,3,215.67,15.0,549.96,2.9,4.4,4,2.211,No
MRD-102236,2025-07-18,C49223,Retail,Mumbai,Mumbai West,Mobile App,UPI,Beauty,5,1003.42,10.0,4515.39,32.3,3.3,5,2.258,No
MRD-102953,2025-07-18,C51331,Retail,Mumbai,Mumbai West,Mobile App,Credit Card,Electronics,3,7127.34,20.0,17105.62,8.2,3.1,4,1.096,No
MRD-103223,2025-07-18,C86575,Retail,Bengaluru,Bengaluru South,Mobile App,UPI,Apparel,1,412.43,0.0,412.43,25.0,2.6,5,1.787,No
MRD-101105,2025-07-18,C70978,Retail,Delhi NCR,Delhi NCR,Website,Cash on Delivery,Grocery,1,245.83,10.0,221.25,5.9,3.6,5,2.314,No
MRD-100347,2025-07-18,C69438,Retail,Delhi NCR,Delhi NCR,Mobile App,Credit Card,Grocery,1,138.65,0.0,138.65,3.1,3.3,4,1.66,No
MRD-102133,2025-07-18,C31811,Corporate,Bengaluru,Bengaluru South,Mobile App,Credit Card,Home & Kitchen,31,1625.72,23.5,38553.95,11.3,1.8,5,1.782,No
MRD-100473,2025-07-18,C93250,Retail,Delhi NCR,Delhi NCR,Mobile App,Wallet,Grocery,1,199.26,15.0,169.37,3.3,4.1,4,1.955,No
MRD-104207,2025-07-18,C65936,Retail,Mumbai,Mumbai West,Mobile App,UPI,Electronics,2,7707.55,10.0,13873.59,7.1,3.6,5,1.692,No
MRD-103180,2025-07-18,C50767,Retail,Bengaluru,Bengaluru South,Website,UPI,Grocery,2,272.13,10.0,489.83,4.3,1.6,4,1.916,No
MRD-102360,2025-07-19,C86785,Retail,Delhi NCR,Delhi NCR,Mobile App,Cash on Delivery,Apparel,1,1104.77,0.0,1104.77,31.4,4.2,2,2.411,No
MRD-104679,2025-07-19,C24632,Retail,Bengaluru,Bengaluru South,Marketplace,Net Banking,Electronics,1,2512.8,0.0,2512.8,6.8,1.6,3,2.012,No
MRD-102407,2025-07-19,C17738,Retail,Delhi NCR,Delhi NCR,Mobile App,Debit Card,Electronics,2,3217.75,10.0,5791.95,4.7,4.2,4,1.699,No
MRD-101003,2025-07-19,C99556,Retail,Bengaluru,Bengaluru South,Mobile App,UPI,Apparel,1,905.73,0.0,905.73,31.9,2.0,5,2.606,No
MRD-101966,2025-07-19,C99226,Retail,Mumbai,Mumbai West,Mobile App,UPI,Grocery,2,184.88,0.0,369.76,5.3,5.0,4,1.811,No
MRD-100831,2025-07-19,C34437,Retail,Delhi NCR,Delhi NCR,Website,Cash on Delivery,Electronics,2,692.07,0.0,1384.14,6.4,2.3,5,1.974,Yes
MRD-101389,2025-07-19,C26545,Retail,Bengaluru,Bengaluru South,Mobile App,Credit Card,Grocery,2,224.26,10.0,403.67,3.1,2.0,1,1.851,No
MRD-102142,2025-07-19,C79597,Retail,Delhi NCR,Delhi NCR,Mobile App,UPI,Beauty,2,1141.88,10.0,2055.38,21.0,4.7,4,1.55,No
MRD-101656,2025-07-19,C95508,Retail,Bengaluru,Bengaluru South,Mobile App,Wallet,Apparel,4,459.65,10.0,1654.74,25.4,3.6,4,1.702,No
MRD-101458,2025-07-19,C98889,Retail,Delhi NCR,Delhi NCR,Mobile App,UPI,Apparel,2,1429.4,10.0,2572.92,37.6,1.0,1,1.89,Yes
MRD-102120,2025-07-19,C57466,Retail,Bengaluru,Bengaluru South,Website,UPI,Apparel,2,705.66,10.0,1270.19,30.4,2.6,5,1.761,No
MRD-100962,2025-07-19,C54347,Retail,Mumbai,Mumbai West,Mobile App,Credit Card,Grocery,3,332.0,10.0,896.4,5.2,3.3,4,2.36,No
MRD-101329,2025-07-19,C54463,Retail,Bengaluru,Bengaluru South,Mobile App,UPI,Grocery,1,224.67,0.0,224.67,3.4,5.3,4,1.767,No
MRD-103367,2025-07-19,C77263,Retail,Bengaluru,Bengaluru South,Mobile App,Credit Card,Home & Kitchen,1,1561.39,5.0,1483.32,15.0,3.6,1,1.778,No
MRD-104940,2025-07-19,C18017,Retail,Mumbai,Mumbai West,Website,UPI,Electronics,3,6114.37,0.0,18343.11,10.4,3.5,2,1.956,No
MRD-101892,2025-07-19,C60718,Corporate,Delhi NCR,Delhi NCR,Website,UPI,Beauty,32,563.78,20.9,14270.4,27.8,1.4,3,1.614,No
MRD-100019,2025-07-20,C63692,Retail,Bengaluru,Bengaluru South,Mobile App,UPI,Apparel,1,1053.58,15.0,895.54,34.1,6.7,5,1.912,No
MRD-103562,2025-07-20,C83080,Corporate,Bengaluru,Bengaluru South,Mobile App,UPI,Electronics,26,6993.62,13.2,157832.02,6.3,5.1,3,0.927,No
MRD-101841,2025-07-20,C86761,Retail,Bengaluru,Bengaluru South,Marketplace,UPI,Home & Kitchen,3,1483.19,20.0,3559.66,17.4,1.9,5,2.273,No
MRD-103508,2025-07-20,C42920,Retail,Bengaluru,Bengaluru South,Mobile App,Credit Card,Apparel,3,1366.85,20.0,3280.44,42.2,3.5,4,2.327,Yes
MRD-103145,2025-07-20,C32105,Retail,Bengaluru,Bengaluru South,Marketplace,Cash on Delivery,Apparel,1,1391.79,5.0,1322.2,35.4,4.8,4,1.448,No
MRD-102395,2025-07-20,C50675,Retail,Mumbai,Mumbai West,Marketplace,Debit Card,Electronics,2,3960.79,15.0,6733.34,5.6,3.0,5,1.969,Yes
MRD-103327,2025-07-20,C65351,Retail,Bengaluru,Bengaluru South,Website,UPI,Home & Kitchen,1,2581.37,15.0,2194.16,15.0,3.5,5,1.958,No
MRD-103300,2025-07-20,C93917,Retail,Bengaluru,Bengaluru South,Website,Credit Card,Home & Kitchen,2,940.24,0.0,1880.48,20.3,4.2,4,1.864,No
MRD-102083,2025-07-20,C44013,Retail,Delhi NCR,Delhi NCR,Website,Credit Card,Apparel,1,490.0,0.0,490.0,29.4,4.0,5,2.139,Yes
MRD-103857,2025-07-20,C20227,Retail,Mumbai,Mumbai West,Mobile App,UPI,Electronics,1,2611.31,10.0,2350.18,8.4,3.0,5,1.182,No
MRD-103889,2025-07-20,C31566,Corporate,Bengaluru,Bengaluru South,Website,Credit Card,Grocery,30,183.7,23.7,4204.89,5.6,5.2,1,2.045,Yes
MRD-100555,2025-07-20,C28280,Retail,Mumbai,Mumbai West,Website,Credit Card,Grocery,2,222.11,10.0,399.8,2.6,3.3,4,2.234,Yes
MRD-101519,2025-07-20,C69565,Retail,Mumbai,Mumbai West,Mobile App,UPI,Beauty,1,611.86,20.0,489.49,21.1,3.6,3,1.902,No
MRD-104799,2025-07-21,C99423,Retail,Mumbai,Mumbai West,Website,Debit Card,Grocery,2,200.09,10.0,360.16,1.8,3.0,4,1.512,No
MRD-100377,2025-07-21,C61782,Retail,Mumbai,Mumbai West,Marketplace,UPI,Grocery,2,195.14,10.0,351.25,1.0,2.8,2,1.876,Yes
MRD-100834,2025-07-21,C60006,Retail,Delhi NCR,Delhi NCR,Mobile App,Cash on Delivery,Home & Kitchen,1,1803.02,10.0,1622.72,20.5,1.0,4,2.068,No
MRD-100851,2025-07-21,C15845,Retail,Mumbai,Mumbai West,Website,UPI,Electronics,2,2431.96,0.0,4863.92,8.9,3.4,5,2.156,No
MRD-101460,2025-07-21,C79769,Retail,Mumbai,Mumbai West,Mobile App,Debit Card,Electronics,3,14137.12,0.0,42411.36,8.2,3.2,4,1.348,No
MRD-100304,2025-07-21,C11042,Retail,Delhi NCR,Delhi NCR,Website,Net Banking,Grocery,1,280.43,0.0,280.43,4.1,3.3,3,2.386,No
MRD-103430,2025-07-21,C64102,Retail,Mumbai,Mumbai West,Website,UPI,Electronics,1,4628.2,10.0,4165.38,7.1,3.2,4,1.57,No
MRD-101347,2025-07-21,C22700,Retail,Bengaluru,Bengaluru South,Website,UPI,Home & Kitchen,1,1220.13,15.0,1037.11,20.5,3.3,5,1.803,No
MRD-103867,2025-07-21,C47718,Retail,Mumbai,Mumbai West,Mobile App,UPI,Grocery,1,166.45,0.0,166.45,4.6,2.7,5,1.708,No
MRD-101343,2025-07-21,C93631,Retail,Delhi NCR,Delhi NCR,Mobile App,UPI,Grocery,1,206.07,0.0,206.07,5.5,4.6,5,1.972,No
MRD-101032,2025-07-21,C90496,Retail,Delhi NCR,Delhi NCR,Mobile App,UPI,Grocery,3,329.5,15.0,840.22,3.4,3.2,5,1.647,No
MRD-101363,2025-07-21,C75182,Retail,Mumbai,Mumbai West,Website,UPI,Electronics,1,3505.05,15.0,2979.29,7.4,2.8,4,1.595,No
MRD-103584,2025-07-21,C52882,Corporate,Mumbai,Mumbai West,Website,UPI,Electronics,27,1428.31,14.1,33126.79,8.0,3.4,2,1.747,No
MRD-102770,2025-07-22,C21442,Retail,Delhi NCR,Delhi NCR,Mobile App,Debit Card,Electronics,1,7559.26,15.0,6425.37,6.1,2.7,5,2.127,No
MRD-102102,2025-07-22,C83573,Retail,Mumbai,Mumbai West,Website,Debit Card,Home & Kitchen,2,1646.67,20.0,2634.67,16.5,3.4,3,1.593,No
MRD-103488,2025-07-22,C28439,Corporate,Delhi NCR,Delhi NCR,Mobile App,Debit Card,Apparel,29,809.65,14.2,20145.71,35.8,1.0,1,0.692,No
MRD-104318,2025-07-22,C95727,Retail,Delhi NCR,Delhi NCR,Mobile App,UPI,Apparel,2,1198.02,0.0,2396.04,38.8,2.7,4,1.638,Yes
MRD-104076,2025-07-22,C75610,Retail,Mumbai,Mumbai West,Marketplace,Cash on Delivery,Beauty,3,945.82,0.0,2837.46,30.9,3.0,4,2.078,No
MRD-100241,2025-07-22,C92133,Retail,Delhi NCR,Delhi NCR,Website,Cash on Delivery,Apparel,1,1401.75,15.0,1191.49,27.2,1.0,4,1.561,No
MRD-102432,2025-07-22,C28394,Corporate,Bengaluru,Bengaluru South,Website,Cash on Delivery,Apparel,23,1431.58,28.0,23706.96,32.9,1.0,4,1.466,Yes
MRD-104831,2025-07-22,C35320,Retail,Mumbai,Mumbai West,Mobile App,Credit Card,Apparel,3,633.44,0.0,1900.32,36.6,3.8,5,2.254,No
MRD-102418,2025-07-22,C14268,Retail,Delhi NCR,Delhi NCR,Mobile App,Debit Card,Electronics,1,3861.98,10.0,3475.78,9.5,1.0,5,2.134,No
MRD-103192,2025-07-22,C79066,Retail,Bengaluru,Bengaluru South,Mobile App,UPI,Grocery,6,157.05,0.0,942.3,1.9,4.4,4,1.826,No
MRD-103933,2025-07-22,C11829,Retail,Bengaluru,Bengaluru South,Mobile App,UPI,Electronics,1,2957.03,0.0,2957.03,8.6,5.5,4,1.781,No
MRD-100271,2025-07-22,C95999,Retail,Bengaluru,Bengaluru South,Mobile App,Cash on Delivery,Electronics,1,6144.72,10.0,5530.25,7.9,1.7,5,1.939,No
MRD-101300,2025-07-22,C83018,Retail,Mumbai,Mumbai West,Mobile App,Credit Card,Electronics,2,6936.39,0.0,13872.78,8.1,3.0,4,2.193,No
MRD-102276,2025-07-22,C20605,Corporate,Bengaluru,Bengaluru South,Marketplace,UPI,Apparel,24,1040.54,20.1,19953.4,41.8,4.3,1,1.131,No
MRD-100545,2025-07-22,C82694,Retail,Mumbai,Mumbai West,Mobile App,UPI,Apparel,4,926.4,15.0,3149.76,42.2,3.1,4,1.427,No
MRD-102340,2025-07-22,C58843,Retail,Delhi NCR,Delhi NCR,Mobile App,Credit Card,Apparel,1,1913.72,0.0,1913.72,33.1,1.6,3,1.844,Yes
MRD-100557,2025-07-22,C62056,Retail,Mumbai,Mumbai West,Mobile App,Credit Card,Grocery,1,229.55,20.0,183.64,2.0,2.1,5,1.721,No
MRD-100559,2025-07-22,C92785,Retail,Mumbai,Mumbai West,Website,UPI,Grocery,2,231.69,0.0,463.38,3.3,3.7,3,2.706,No
MRD-100517,2025-07-22,C57859,Corporate,Mumbai,Mumbai West,Marketplace,Debit Card,Electronics,34,11474.97,20.9,308607.84,6.0,3.4,4,1.131,No
MRD-104891,2025-07-22,C55339,Retail,Bengaluru,Bengaluru South,Mobile App,Debit Card,Electronics,3,2918.73,20.0,7004.95,11.9,1.9,5,2.767,No
MRD-100066,2025-07-23,C17214,Retail,Mumbai,Mumbai West,Marketplace,UPI,Grocery,2,145.19,20.0,232.3,2.0,2.8,4,1.961,No
MRD-102690,2025-07-23,C44850,Corporate,Delhi NCR,Delhi NCR,Mobile App,UPI,Grocery,30,270.71,22.3,6310.25,1.3,18.9,2,1.969,Yes
MRD-102550,2025-07-23,C55913,Corporate,Delhi NCR,Delhi NCR,Website,Cash on Delivery,Grocery,21,191.99,9.4,3652.8,2.8,2.4,4,1.624,No
MRD-104458,2025-07-23,C70166,Retail,Delhi NCR,Delhi NCR,Mobile App,Credit Card,Apparel,4,1321.19,20.0,4227.81,30.1,3.6,4,2.498,No
MRD-102257,2025-07-23,C42474,Retail,Mumbai,Mumbai West,Website,Debit Card,Electronics,3,3412.54,15.0,8701.98,6.8,3.9,5,1.927,No
MRD-100755,2025-07-23,C36818,Retail,Mumbai,Mumbai West,Website,UPI,Electronics,1,3945.83,20.0,3156.66,8.4,3.1,2,1.806,No
MRD-103069,2025-07-23,C21771,Retail,Bengaluru,Bengaluru South,Mobile App,Net Banking,Grocery,1,250.02,5.0,237.52,2.9,2.9,4,2.108,No
MRD-100206,2025-07-23,C62067,Retail,Mumbai,Mumbai West,Mobile App,UPI,Apparel,1,2587.17,20.0,2069.74,44.5,3.5,4,2.24,No
MRD-102988,2025-07-23,C14113,Corporate,Mumbai,Mumbai West,Website,Net Banking,Grocery,24,250.77,8.6,5500.89,0.9,2.9,4,2.034,No
MRD-100633,2025-07-23,C91535,Retail,Mumbai,Mumbai West,Website,UPI,Apparel,1,843.9,20.0,675.12,31.9,3.2,5,2.425,No
MRD-102087,2025-07-24,C62773,Retail,Bengaluru,Bengaluru South,Marketplace,UPI,Apparel,3,621.97,0.0,1865.91,20.9,3.3,1,2.568,No
MRD-100164,2025-07-24,C15131,Retail,Mumbai,Mumbai West,Mobile App,UPI,Grocery,1,174.2,5.0,165.49,4.3,3.9,5,1.824,No
MRD-101866,2025-07-24,C51031,Retail,Bengaluru,Bengaluru South,Mobile App,Net Banking,Home & Kitchen,1,1615.49,0.0,1615.49,19.1,1.2,1,2.57,Yes
MRD-102613,2025-07-24,C79377,Retail,Delhi NCR,Delhi NCR,Mobile App,Net Banking,Apparel,2,888.37,0.0,1776.74,32.7,1.0,4,1.995,No
MRD-102253,2025-07-24,C11030,Retail,Delhi NCR,Delhi NCR,Mobile App,Cash on Delivery,Home & Kitchen,2,6473.94,0.0,12947.88,18.3,5.5,4,1.523,Yes
MRD-103685,2025-07-24,C50667,Retail,Bengaluru,Bengaluru South,Mobile App,UPI,Home & Kitchen,4,731.43,0.0,2925.72,13.3,1.6,5,1.669,No
MRD-101734,2025-07-24,C77509,Retail,Delhi NCR,Delhi NCR,Mobile App,UPI,Grocery,2,226.82,0.0,453.64,4.1,18.2,1,1.901,Yes
MRD-102678,2025-07-24,C59915,Retail,Mumbai,Mumbai West,Mobile App,Net Banking,Grocery,1,187.01,0.0,187.01,4.9,3.1,4,1.198,No
MRD-103881,2025-07-24,C84429,Retail,Delhi NCR,Delhi NCR,Mobile App,UPI,Grocery,1,229.93,0.0,229.93,3.8,1.6,3,1.911,No
MRD-101556,2025-07-24,C33275,Retail,Mumbai,Mumbai West,Mobile App,Credit Card,Grocery,1,281.0,0.0,281.0,5.3,2.5,4,1.623,No
MRD-100309,2025-07-24,C62224,Retail,Mumbai,Mumbai West,Website,Net Banking,Electronics,2,3576.4,0.0,7152.8,7.4,2.6,3,1.04,No
MRD-104171,2025-07-24,C28899,Retail,Mumbai,Mumbai West,Mobile App,Cash on Delivery,Beauty,2,584.06,0.0,1168.12,29.8,3.3,4,2.389,No
MRD-104889,2025-07-24,C50466,Retail,Bengaluru,Bengaluru South,Website,UPI,Apparel,2,1451.5,15.0,2467.55,29.2,2.8,4,2.163,No
MRD-100843,2025-07-25,C36422,Retail,Bengaluru,Bengaluru South,Mobile App,Credit Card,Apparel,1,751.21,15.0,638.53,26.6,1.5,5,1.492,No
MRD-100103,2025-07-25,C28928,Retail,Bengaluru,Bengaluru South,Mobile App,UPI,Electronics,2,1854.23,0.0,3708.46,8.1,4.0,5,1.87,No
MRD-100986,2025-07-25,C33383,Retail,Mumbai,Mumbai West,Mobile App,Net Banking,Grocery,2,371.04,0.0,742.08,2.2,3.3,4,1.957,No
MRD-101743,2025-07-25,C72997,Retail,Mumbai,Mumbai West,Mobile App,Credit Card,Apparel,3,2386.37,10.0,6443.2,26.8,3.7,2,1.262,No
MRD-100268,2025-07-25,C87711,Retail,Delhi NCR,Delhi NCR,Mobile App,Credit Card,Grocery,1,260.9,5.0,247.85,4.1,1.8,2,1.617,No
MRD-101592,2025-07-25,C48910,Retail,Delhi NCR,Delhi NCR,Mobile App,Debit Card,Home & Kitchen,2,2000.71,20.0,3201.14,22.9,5.7,3,1.852,No
MRD-102927,2025-07-25,C98031,Retail,Bengaluru,Bengaluru South,Website,Credit Card,Home & Kitchen,1,1485.85,10.0,1337.26,17.6,3.7,4,1.733,No
MRD-103815,2025-07-25,C32657,Retail,Delhi NCR,Delhi NCR,Website,Cash on Delivery,Grocery,3,280.98,15.0,716.5,2.8,2.8,4,1.167,No
MRD-103111,2025-07-25,C84278,Retail,Bengaluru,Bengaluru South,Website,UPI,Electronics,1,4003.54,20.0,3202.83,10.2,1.0,2,1.888,Yes
MRD-103455,2025-07-25,C90606,Retail,Delhi NCR,Delhi NCR,Marketplace,Cash on Delivery,Apparel,1,1369.38,0.0,1369.38,37.2,4.0,3,1.748,No
MRD-104281,2025-07-26,C87518,Retail,Bengaluru,Bengaluru South,Mobile App,Cash on Delivery,Grocery,2,287.44,0.0,574.88,4.2,4.9,4,1.415,Yes
MRD-104081,2025-07-26,C75802,Retail,Mumbai,Mumbai West,Website,Debit Card,Home & Kitchen,3,1994.91,0.0,5984.73,14.2,3.2,4,1.657,No
MRD-102560,2025-07-26,C86515,Retail,Delhi NCR,Delhi NCR,Mobile App,UPI,Grocery,2,288.06,20.0,460.9,1.9,7.6,3,1.988,No
MRD-102557,2025-07-26,C29779,Retail,Delhi NCR,Delhi NCR,Mobile App,Credit Card,Beauty,3,433.45,0.0,1300.35,25.9,3.7,5,1.502,No
MRD-101854,2025-07-26,C23165,Retail,Delhi NCR,Delhi NCR,Website,UPI,Home & Kitchen,1,1210.15,20.0,968.12,25.3,28.8,1,1.842,No
MRD-101357,2025-07-26,C74964,Retail,Mumbai,Mumbai West,Website,Wallet,Home & Kitchen,1,1422.17,5.0,1351.06,17.8,2.2,4,2.378,No
MRD-103365,2025-07-26,C57492,Retail,Bengaluru,Bengaluru South,Website,UPI,Beauty,2,424.36,10.0,763.85,22.5,1.5,5,1.788,No
MRD-102642,2025-07-26,C33900,Retail,Mumbai,Mumbai West,Marketplace,Credit Card,Apparel,1,1746.05,10.0,1571.44,29.8,2.6,4,2.489,No
MRD-102358,2025-07-26,C22992,Retail,Bengaluru,Bengaluru South,Mobile App,Credit Card,Home & Kitchen,1,737.48,0.0,737.48,21.7,1.5,3,1.605,No
MRD-101232,2025-07-26,C28676,Retail,Bengaluru,Bengaluru South,Website,Cash on Delivery,Apparel,1,595.21,0.0,595.21,32.4,2.5,1,1.2,No
MRD-103783,2025-07-26,C16114,Retail,Mumbai,Mumbai West,Mobile App,Credit Card,Apparel,1,748.91,5.0,711.46,17.7,3.0,5,1.538,No
MRD-101290,2025-07-26,C85284,Retail,Mumbai,Mumbai West,Mobile App,Wallet,Apparel,2,960.26,0.0,1920.52,29.9,2.7,4,2.306,Yes
MRD-104461,2025-07-26,C41880,Retail,Mumbai,Mumbai West,Mobile App,UPI,Grocery,1,235.17,0.0,235.17,3.9,2.8,1,1.937,No
MRD-103408,2025-07-27,C76191,Retail,Mumbai,Mumbai West,Mobile App,Cash on Delivery,Grocery,2,330.97,0.0,661.94,3.3,3.1,4,1.865,No
MRD-101154,2025-07-27,C87078,Corporate,Mumbai,Mumbai West,Website,Debit Card,Electronics,18,2750.37,14.4,42377.7,6.8,2.8,4,2.228,No
MRD-101316,2025-07-27,C33105,Retail,Mumbai,Mumbai West,Mobile App,UPI,Electronics,2,7506.75,0.0,15013.5,12.6,2.8,4,2.871,No
MRD-100160,2025-07-27,C39673,Retail,Mumbai,Mumbai West,Marketplace,Net Banking,Home & Kitchen,1,5941.38,0.0,5941.38,18.7,3.4,5,2.078,No
MRD-102738,2025-07-27,C45036,Retail,Delhi NCR,Delhi NCR,Mobile App,Cash on Delivery,Electronics,1,6852.53,0.0,6852.53,7.7,2.8,4,1.97,No
MRD-104295,2025-07-27,C96034,Retail,Bengaluru,Bengaluru South,Website,UPI,Electronics,3,15863.56,0.0,47590.68,11.9,3.2,5,2.04,No
MRD-101954,2025-07-27,C90489,Corporate,Mumbai,Mumbai West,Website,Credit Card,Grocery,30,242.67,17.5,6006.08,5.6,3.0,5,2.019,No
MRD-101677,2025-07-27,C70890,Retail,Delhi NCR,Delhi NCR,Marketplace,UPI,Electronics,1,8972.45,0.0,8972.45,6.4,2.3,4,2.248,No
MRD-103073,2025-07-27,C73838,Retail,Delhi NCR,Delhi NCR,Website,Credit Card,Apparel,2,2008.54,0.0,4017.08,33.3,3.6,2,1.537,No
MRD-101146,2025-07-27,C47596,Retail,Delhi NCR,Delhi NCR,Website,UPI,Electronics,1,3079.42,10.0,2771.48,5.2,4.7,4,2.104,No
MRD-102940,2025-07-27,C87084,Retail,Bengaluru,Bengaluru South,Mobile App,Credit Card,Electronics,1,4451.81,0.0,4451.81,10.4,1.1,1,1.202,No
MRD-102226,2025-07-27,C46902,Corporate,Bengaluru,Bengaluru South,Website,Cash on Delivery,Electronics,29,3177.61,9.1,83764.98,8.1,5.4,4,1.937,No
MRD-100456,2025-07-28,C31741,Retail,Delhi NCR,Delhi NCR,Marketplace,Wallet,Grocery,2,236.6,0.0,473.2,3.2,1.2,3,2.005,No
MRD-102675,2025-07-28,C22732,Retail,Bengaluru,Bengaluru South,Website,Credit Card,Apparel,2,863.55,5.0,1640.74,30.3,1.5,2,2.122,No
MRD-102838,2025-07-28,C13766,Retail,Mumbai,Mumbai West,Mobile App,UPI,Apparel,1,1094.81,10.0,985.33,33.6,3.6,5,1.354,No
MRD-103016,2025-07-28,C29959,Corporate,Mumbai,Mumbai West,Mobile App,Credit Card,Electronics,21,1964.86,16.6,34412.56,8.1,3.3,4,1.601,No
MRD-101055,2025-07-28,C95816,Retail,Mumbai,Mumbai West,Mobile App,Credit Card,Home & Kitchen,1,1730.57,0.0,1730.57,14.8,2.8,5,2.718,No
MRD-102837,2025-07-28,C38991,Retail,Delhi NCR,Delhi NCR,Website,UPI,Home & Kitchen,2,996.01,0.0,1992.02,22.2,1.1,4,2.122,No
MRD-104112,2025-07-28,C78763,Retail,Bengaluru,Bengaluru South,Marketplace,Cash on Delivery,Apparel,2,801.52,10.0,1442.74,33.3,1.7,4,1.621,No
MRD-104017,2025-07-28,C88947,Retail,Delhi NCR,Delhi NCR,Website,UPI,Beauty,1,1140.27,10.0,1026.24,26.4,2.5,5,2.425,No
MRD-101475,2025-07-28,C84421,Retail,Mumbai,Mumbai West,Mobile App,Net Banking,Electronics,2,4384.86,0.0,8769.72,8.6,3.6,2,1.444,Yes
MRD-102272,2025-07-28,C50749,Retail,Delhi NCR,Delhi NCR,Marketplace,Debit Card,Grocery,2,209.35,15.0,355.9,6.5,3.2,4,2.095,No
MRD-102631,2025-07-28,C96460,Retail,Mumbai,Mumbai West,Website,Cash on Delivery,Home & Kitchen,1,989.95,10.0,890.96,13.0,2.1,2,1.858,No
MRD-104402,2025-07-28,C34166,Retail,Bengaluru,Bengaluru South,Marketplace,Debit Card,Apparel,1,1220.92,10.0,1098.83,24.9,4.5,5,2.167,No
MRD-102507,2025-07-28,C77641,Retail,Mumbai,Mumbai West,Mobile App,Credit Card,Electronics,2,6750.85,10.0,12151.53,7.1,3.3,4,1.069,No
MRD-101039,2025-07-28,C12786,Retail,Delhi NCR,Delhi NCR,Mobile App,UPI,Electronics,2,7284.56,20.0,11655.3,7.6,1.0,5,1.484,No
MRD-103639,2025-07-28,C60225,Retail,Mumbai,Mumbai West,Marketplace,UPI,Beauty,2,654.44,0.0,1308.88,25.1,3.1,5,1.494,No
MRD-100736,2025-07-28,C56173,Retail,Delhi NCR,Delhi NCR,Mobile App,UPI,Apparel,1,1332.54,0.0,1332.54,29.2,1.2,4,1.394,No
MRD-103930,2025-07-28,C62885,Corporate,Mumbai,Mumbai West,Mobile App,Debit Card,Electronics,27,3315.81,21.6,70189.07,7.4,3.8,4,2.075,No
MRD-102501,2025-07-28,C72256,Retail,Mumbai,Mumbai West,Website,UPI,Electronics,1,8904.83,10.0,8014.35,10.1,2.7,3,2.045,No
MRD-103478,2025-07-28,C29639,Retail,Delhi NCR,Delhi NCR,Mobile App,Wallet,Home & Kitchen,2,1605.05,0.0,3210.1,10.2,1.0,5,1.851,No
MRD-101497,2025-07-28,C53067,Retail,Delhi NCR,Delhi NCR,Marketplace,Credit Card,Apparel,1,1094.98,10.0,985.48,32.3,1.0,5,1.493,Yes
MRD-104034,2025-07-29,C24559,Retail,Mumbai,Mumbai West,Website,UPI,Apparel,1,1410.92,20.0,1128.74,32.6,3.5,5,2.606,No
MRD-103885,2025-07-29,C96668,Retail,Delhi NCR,Delhi NCR,Mobile App,UPI,Home & Kitchen,2,703.84,0.0,1407.68,18.7,4.9,5,2.154,No
MRD-100756,2025-07-29,C75371,Retail,Delhi NCR,Delhi NCR,Website,Debit Card,Grocery,1,169.99,5.0,161.49,3.9,2.4,4,2.336,No
MRD-102068,2025-07-29,C69292,Retail,Mumbai,Mumbai West,Marketplace,UPI,Beauty,2,638.12,0.0,1276.24,25.3,3.2,4,1.691,No
MRD-101919,2025-07-29,C90824,Corporate,Bengaluru,Bengaluru South,Website,UPI,Electronics,30,3603.41,11.9,95238.13,7.9,5.4,3,1.546,No
MRD-104523,2025-07-29,C65961,Retail,Mumbai,Mumbai West,Website,UPI,Electronics,3,3204.05,5.0,9131.54,8.8,3.2,2,0.906,No
MRD-102588,2025-07-29,C80480,Retail,Bengaluru,Bengaluru South,Mobile App,Credit Card,Apparel,3,445.36,20.0,1068.86,30.2,35.5,1,1.568,No
MRD-103866,2025-07-29,C52239,Retail,Mumbai,Mumbai West,Mobile App,Credit Card,Home & Kitchen,5,1015.98,20.0,4063.92,12.1,2.6,4,2.011,No
MRD-104975,2025-07-29,C69018,Retail,Bengaluru,Bengaluru South,Website,Debit Card,Apparel,2,1566.92,10.0,2820.46,41.1,1.6,4,1.229,No
MRD-102750,2025-07-29,C96434,Retail,Mumbai,Mumbai West,Website,Cash on Delivery,Apparel,2,648.85,0.0,1297.7,32.9,3.7,5,2.13,No
MRD-101760,2025-07-29,C46113,Retail,Mumbai,Mumbai West,Mobile App,Cash on Delivery,Home & Kitchen,1,1990.26,0.0,1990.26,23.5,3.3,5,1.659,No
MRD-104871,2025-07-29,C91735,Retail,Delhi NCR,Delhi NCR,Mobile App,Credit Card,Electronics,2,4067.13,0.0,8134.26,6.8,3.6,5,1.949,No
MRD-101914,2025-07-29,C43651,Corporate,Delhi NCR,Delhi NCR,Mobile App,UPI,Electronics,23,2451.66,12.9,49114.1,6.0,1.2,1,2.505,No
MRD-101005,2025-07-29,C90907,Retail,Bengaluru,Bengaluru South,Mobile App,Credit Card,Apparel,2,585.66,0.0,1171.32,38.9,4.1,3,1.9,Yes
MRD-100705,2025-07-29,C55719,Retail,Bengaluru,Bengaluru South,Marketplace,UPI,Grocery,1,216.32,10.0,194.69,3.0,2.5,5,2.008,No
MRD-104389,2025-07-30,C88229,Retail,Mumbai,Mumbai West,Website,Credit Card,Home & Kitchen,2,1856.1,5.0,3526.59,18.8,3.9,4,1.636,No
MRD-104731,2025-07-30,C21043,Retail,Mumbai,Mumbai West,Mobile App,UPI,Home & Kitchen,3,2588.44,10.0,6988.79,21.0,2.8,5,2.274,No
MRD-100101,2025-07-30,C89248,Retail,Bengaluru,Bengaluru South,Website,Debit Card,Grocery,2,145.77,0.0,291.54,2.5,3.3,2,2.331,No
MRD-100750,2025-07-30,C47822,Retail,Mumbai,Mumbai West,Website,UPI,Electronics,1,4812.61,0.0,4812.61,12.4,4.1,5,1.686,No
MRD-104895,2025-07-30,C40131,Retail,Bengaluru,Bengaluru South,Mobile App,Cash on Delivery,Grocery,2,191.76,15.0,325.99,2.8,1.1,4,1.271,No
MRD-100452,2025-07-30,C43363,Retail,Bengaluru,Bengaluru South,Marketplace,Cash on Delivery,Apparel,2,1132.07,0.0,2264.14,34.5,2.7,5,1.682,No
MRD-101636,2025-07-30,C51618,Retail,Delhi NCR,Delhi NCR,Mobile App,Credit Card,Home & Kitchen,1,2508.68,0.0,2508.68,20.7,1.9,5,1.457,No
MRD-104998,2025-07-30,C27363,Retail,Delhi NCR,Delhi NCR,Mobile App,Debit Card,Home & Kitchen,1,1532.14,15.0,1302.32,18.8,2.9,5,1.378,No
MRD-102008,2025-07-30,C32309,Retail,Mumbai,Mumbai West,Mobile App,Net Banking,Apparel,2,1488.49,5.0,2828.13,33.3,3.7,5,1.112,No
MRD-103761,2025-07-30,C11502,Retail,Bengaluru,Bengaluru South,Website,Cash on Delivery,Grocery,1,297.65,0.0,297.65,7.1,1.8,5,2.274,Yes
MRD-103546,2025-07-30,C97946,Retail,Bengaluru,Bengaluru South,Mobile App,UPI,Grocery,2,229.06,0.0,458.12,3.4,1.0,3,1.767,No
MRD-102406,2025-07-30,C43966,Retail,Mumbai,Mumbai West,Mobile App,UPI,Grocery,3,275.6,15.0,702.78,5.2,4.4,4,1.824,No
MRD-101886,2025-07-30,C81031,Retail,Delhi NCR,Delhi NCR,Mobile App,Credit Card,Beauty,3,1067.92,20.0,2563.01,21.8,3.3,4,2.024,No
MRD-102444,2025-07-30,C98285,Retail,Bengaluru,Bengaluru South,Mobile App,UPI,Home & Kitchen,2,1383.66,10.0,2490.59,14.4,1.0,3,2.016,No
MRD-100575,2025-07-30,C54279,Retail,Mumbai,Mumbai West,Website,Credit Card,Apparel,2,1886.33,10.0,3395.39,29.8,3.1,3,1.992,No
MRD-104968,2025-07-30,C82811,Retail,Mumbai,Mumbai West,Mobile App,UPI,Home & Kitchen,3,2130.19,10.0,5751.51,18.1,3.5,5,1.338,No
MRD-102707,2025-07-30,C76799,Retail,Bengaluru,Bengaluru South,Marketplace,Credit Card,Apparel,3,760.24,5.0,2166.68,37.2,2.5,1,2.288,No
MRD-103466,2025-07-30,C41976,Retail,Delhi NCR,Delhi NCR,Mobile App,Credit Card,Grocery,2,204.08,10.0,367.34,3.8,2.2,5,2.263,No
MRD-100010,2025-07-30,C10113,Retail,Mumbai,Mumbai West,Mobile App,Credit Card,Apparel,3,1693.38,0.0,5080.14,23.1,3.2,4,2.371,No
MRD-103459,2025-07-30,C87962,Retail,Bengaluru,Bengaluru South,Website,Credit Card,Beauty,3,453.64,0.0,1360.92,27.8,1.0,3,1.859,No
MRD-101935,2025-07-30,C66955,Retail,Bengaluru,Bengaluru South,Mobile App,Cash on Delivery,Grocery,3,181.02,5.0,515.91,5.5,4.2,5,1.993,No
MRD-101896,2025-07-30,C21065,Corporate,Bengaluru,Bengaluru South,Mobile App,Credit Card,Apparel,28,1012.43,12.1,24917.93,23.8,1.9,1,1.966,No
MRD-102398,2025-07-31,C48236,Retail,Bengaluru,Bengaluru South,Website,Credit Card,Electronics,3,2389.87,5.0,6811.13,6.2,4.6,5,1.386,No
MRD-101588,2025-07-31,C74785,Retail,Mumbai,Mumbai West,Mobile App,Net Banking,Electronics,2,1972.75,10.0,3550.95,5.8,4.1,2,1.897,No
MRD-103960,2025-07-31,C44799,Retail,Mumbai,Mumbai West,Website,UPI,Grocery,1,154.03,20.0,123.22,2.9,4.1,4,1.937,No
MRD-102038,2025-07-31,C26168,Retail,Mumbai,Mumbai West,Mobile App,Wallet,Grocery,2,195.35,0.0,390.7,2.5,4.1,4,1.508,No
MRD-103610,2025-07-31,C58086,Retail,Mumbai,Mumbai West,Mobile App,Cash on Delivery,Electronics,3,2354.46,15.0,6003.87,8.8,3.4,1,2.051,No
MRD-100495,2025-07-31,C82401,Retail,Delhi NCR,Delhi NCR,Mobile App,Wallet,Home & Kitchen,1,1824.52,15.0,1550.84,11.3,3.6,5,1.448,No
MRD-100632,2025-07-31,C37744,Retail,Bengaluru,Bengaluru South,Marketplace,Cash on Delivery,Grocery,5,202.15,10.0,909.68,4.5,3.7,4,2.387,No
MRD-103234,2025-07-31,C41530,Retail,Delhi NCR,Delhi NCR,Mobile App,Credit Card,Grocery,2,107.26,0.0,214.52,4.2,1.0,5,1.54,No
MRD-102977,2025-07-31,C74241,Retail,Mumbai,Mumbai West,Mobile App,Credit Card,Apparel,1,1123.77,0.0,1123.77,41.7,2.5,5,1.838,Yes
MRD-101391,2025-08-01,C50280,Retail,Bengaluru,Bengaluru South,Mobile App,UPI,Apparel,2,1600.03,10.0,2880.05,33.4,5.3,5,2.009,No
MRD-101993,2025-08-01,C16962,Retail,Mumbai,Mumbai West,Website,Cash on Delivery,Apparel,3,886.17,5.0,2525.58,37.1,3.6,5,1.119,No
MRD-101431,2025-08-01,C41886,Retail,Bengaluru,Bengaluru South,Marketplace,Credit Card,Grocery,1,292.76,0.0,292.76,3.5,4.3,4,2.371,No
MRD-103646,2025-08-01,C80728,Retail,Mumbai,Mumbai West,Website,Debit Card,Grocery,2,141.47,15.0,240.5,2.5,3.5,1,2.252,Yes
MRD-100254,2025-08-01,C84977,Retail,Bengaluru,Bengaluru South,Mobile App,UPI,Apparel,2,1284.69,5.0,2440.91,34.9,4.2,4,1.668,No
MRD-103044,2025-08-01,C65081,Retail,Bengaluru,Bengaluru South,Mobile App,UPI,Grocery,3,272.42,10.0,735.53,1.8,3.5,3,2.22,No
MRD-102611,2025-08-01,C25352,Retail,Mumbai,Mumbai West,Mobile App,Wallet,Home & Kitchen,2,1168.92,15.0,1987.16,27.1,3.1,5,2.058,Yes
MRD-101443,2025-08-01,C17194,Retail,Delhi NCR,Delhi NCR,Mobile App,UPI,Apparel,2,462.58,20.0,740.13,32.2,2.6,1,1.493,No
MRD-102359,2025-08-01,C62880,Retail,Mumbai,Mumbai West,Website,Debit Card,Apparel,3,509.39,0.0,1528.17,29.7,2.6,5,1.075,No
MRD-100471,2025-08-01,C34057,Retail,Bengaluru,Bengaluru South,Mobile App,Credit Card,Apparel,1,2535.38,10.0,2281.84,28.1,2.5,2,1.843,Yes
MRD-104704,2025-08-01,C34836,Retail,Bengaluru,Bengaluru South,Website,Debit Card,Home & Kitchen,1,1050.66,0.0,1050.66,16.7,5.1,5,1.569,No
MRD-102143,2025-08-02,C81993,Retail,Mumbai,Mumbai West,Website,UPI,Grocery,2,241.24,0.0,482.48,3.8,2.8,5,1.657,No
MRD-100295,2025-08-02,C97180,Retail,Bengaluru,Bengaluru South,Marketplace,UPI,Grocery,4,298.56,20.0,955.39,3.0,4.1,4,1.869,No
MRD-100801,2025-08-02,C75490,Retail,Bengaluru,Bengaluru South,Mobile App,Cash on Delivery,Apparel,2,1167.54,5.0,2218.33,39.3,3.6,2,1.56,Yes
MRD-100748,2025-08-02,C91488,Retail,Delhi NCR,Delhi NCR,Website,Credit Card,Apparel,1,1685.26,15.0,1432.47,25.9,5.6,5,2.174,Yes
MRD-102013,2025-08-02,C80248,Retail,Delhi NCR,Delhi NCR,Mobile App,UPI,Home & Kitchen,4,2552.4,10.0,9188.64,12.9,3.7,4,1.148,No
MRD-100357,2025-08-02,C43984,Retail,Bengaluru,Bengaluru South,Mobile App,UPI,Grocery,2,294.15,20.0,470.64,6.9,2.0,4,1.98,No
MRD-104984,2025-08-02,C90777,Retail,Mumbai,Mumbai West,Mobile App,Credit Card,Grocery,3,291.27,15.0,742.74,3.0,3.2,1,1.316,Yes
MRD-100293,2025-08-02,C21923,Retail,Bengaluru,Bengaluru South,Website,UPI,Electronics,2,2467.37,15.0,4194.53,7.9,1.0,4,1.611,No
MRD-100757,2025-08-03,C38510,Retail,Bengaluru,Bengaluru South,Mobile App,Credit Card,Electronics,1,3321.68,0.0,3321.68,7.3,1.5,2,2.29,No
MRD-103985,2025-08-03,C26634,Retail,Bengaluru,Bengaluru South,Mobile App,UPI,Apparel,2,1170.41,5.0,2223.78,30.0,1.9,4,1.417,No
MRD-104145,2025-08-03,C17825,Corporate,Mumbai,Mumbai West,Mobile App,UPI,Apparel,36,1164.08,22.8,32352.11,27.6,3.5,5,2.102,No
MRD-102297,2025-08-03,C52597,Retail,Delhi NCR,Delhi NCR,Marketplace,Credit Card,Apparel,4,1522.22,0.0,6088.88,28.9,1.0,4,1.949,No
MRD-101176,2025-08-03,C24317,Retail,Bengaluru,Bengaluru South,Mobile App,UPI,Apparel,1,2149.19,0.0,2149.19,34.2,2.4,4,1.767,No
MRD-103602,2025-08-03,C29585,Retail,Mumbai,Mumbai West,Mobile App,UPI,Apparel,2,795.89,10.0,1432.6,41.7,4.5,1,1.667,Yes
MRD-100795,2025-08-03,C55356,Retail,Mumbai,Mumbai West,Website,UPI,Grocery,3,296.45,0.0,889.35,4.4,2.6,5,1.951,No
MRD-104806,2025-08-03,C97585,Retail,Mumbai,Mumbai West,Mobile App,Net Banking,Electronics,2,6123.33,5.0,11634.33,7.9,2.7,5,2.166,No
MRD-100894,2025-08-03,C41179,Retail,Delhi NCR,Delhi NCR,Marketplace,UPI,Electronics,3,2278.16,0.0,6834.48,9.1,4.0,4,1.713,No
MRD-103611,2025-08-03,C56382,Retail,Mumbai,Mumbai West,Mobile App,Credit Card,Home & Kitchen,2,2203.18,0.0,4406.36,22.6,3.0,5,2.51,No
MRD-101958,2025-08-03,C14796,Retail,Mumbai,Mumbai West,Website,UPI,Electronics,2,8839.34,10.0,15910.81,8.6,3.2,4,2.253,No
MRD-101341,2025-08-03,C91023,Retail,Mumbai,Mumbai West,Mobile App,UPI,Electronics,4,2678.27,10.0,9641.77,8.7,2.7,5,1.418,No
MRD-103689,2025-08-03,C17474,Retail,Mumbai,Mumbai West,Mobile App,Net Banking,Electronics,1,6693.31,20.0,5354.65,10.7,2.7,5,1.972,No
MRD-102119,2025-08-03,C65941,Retail,Bengaluru,Bengaluru South,Mobile App,UPI,Home & Kitchen,3,1232.24,0.0,3696.72,19.2,4.9,4,1.191,No
MRD-102288,2025-08-03,C91087,Retail,Delhi NCR,Delhi NCR,Mobile App,UPI,Grocery,1,133.57,0.0,133.57,1.0,7.6,4,2.366,No
MRD-101198,2025-08-03,C63000,Retail,Mumbai,Mumbai West,Mobile App,Cash on Delivery,Electronics,1,2851.35,10.0,2566.22,12.3,3.4,5,2.685,No
MRD-104882,2025-08-03,C73703,Retail,Mumbai,Mumbai West,Mobile App,Cash on Delivery,Home & Kitchen,2,955.83,10.0,1720.49,15.1,3.0,5,1.915,No
MRD-101140,2025-08-03,C28558,Retail,Bengaluru,Bengaluru South,Website,UPI,Grocery,1,200.26,0.0,200.26,4.9,3.3,5,1.736,No
MRD-101674,2025-08-03,C94268,Retail,Delhi NCR,Delhi NCR,Mobile App,UPI,Apparel,3,1472.53,0.0,4417.59,29.6,2.7,4,1.475,No
MRD-101071,2025-08-04,C87992,Retail,Delhi NCR,Delhi NCR,Website,Wallet,Grocery,3,195.59,10.0,528.09,5.0,1.2,2,2.327,Yes
MRD-104313,2025-08-04,C54331,Retail,Mumbai,Mumbai West,Mobile App,Credit Card,Grocery,2,242.85,0.0,485.7,2.8,2.8,4,2.229,No
MRD-104023,2025-08-04,C60357,Retail,Delhi NCR,Delhi NCR,Mobile App,Credit Card,Electronics,4,1726.61,5.0,6561.12,8.5,1.0,5,1.184,No
MRD-103593,2025-08-04,C17186,Retail,Bengaluru,Bengaluru South,Website,Debit Card,Apparel,3,673.66,0.0,2020.98,39.0,2.9,3,1.257,No
MRD-104113,2025-08-04,C72737,Retail,Bengaluru,Bengaluru South,Mobile App,UPI,Electronics,3,6250.56,0.0,18751.68,10.2,1.4,2,2.323,No
MRD-101449,2025-08-04,C60987,Retail,Bengaluru,Bengaluru South,Mobile App,Cash on Delivery,Electronics,3,6266.91,20.0,15040.58,5.7,2.0,1,1.6,Yes
MRD-100857,2025-08-04,C51564,Corporate,Mumbai,Mumbai West,Mobile App,Debit Card,Home & Kitchen,30,1176.85,26.7,25878.93,17.7,2.8,4,2.27,No
MRD-100369,2025-08-04,C66318,Corporate,Mumbai,Mumbai West,Mobile App,UPI,Grocery,25,153.8,10.3,3448.97,3.7,3.7,4,1.606,No
MRD-101525,2025-08-04,C47489,Retail,Mumbai,Mumbai West,Mobile App,Wallet,Grocery,3,159.9,15.0,407.74,5.4,3.0,4,2.409,No
MRD-104548,2025-08-04,C36282,Retail,Mumbai,Mumbai West,Website,UPI,Electronics,2,1702.17,20.0,2723.47,11.4,4.3,5,2.015,No
MRD-100779,2025-08-04,C72199,Retail,Mumbai,Mumbai West,Website,Credit Card,Electronics,1,1886.33,15.0,1603.38,11.2,3.2,5,1.172,No
MRD-103239,2025-08-04,C51027,Corporate,Mumbai,Mumbai West,Website,UPI,Grocery,33,276.04,22.5,7059.72,2.5,3.3,5,2.119,No
MRD-100438,2025-08-04,C19643,Retail,Mumbai,Mumbai West,Website,UPI,Electronics,1,2043.46,0.0,2043.46,4.5,3.2,4,1.436,No
MRD-102702,2025-08-04,C69334,Retail,Mumbai,Mumbai West,Mobile App,UPI,Apparel,1,949.84,15.0,807.36,27.4,4.0,4,1.952,Yes
MRD-103313,2025-08-05,C11161,Retail,Mumbai,Mumbai West,Mobile App,Credit Card,Home & Kitchen,1,1470.76,20.0,1176.61,21.6,4.3,3,1.968,No
MRD-103931,2025-08-05,C50419,Retail,Mumbai,Mumbai West,Mobile App,Credit Card,Apparel,1,836.11,15.0,710.69,31.5,3.9,5,2.341,No
MRD-103205,2025-08-05,C93737,Retail,Mumbai,Mumbai West,Mobile App,UPI,Apparel,2,775.39,0.0,1550.78,37.1,2.0,4,2.045,No
MRD-102420,2025-08-05,C84810,Retail,Mumbai,Mumbai West,Mobile App,Debit Card,Electronics,1,2813.21,10.0,2531.89,8.0,3.0,4,1.578,No
MRD-103431,2025-08-05,C19450,Retail,Bengaluru,Bengaluru South,Mobile App,UPI,Electronics,1,3085.48,5.0,2931.21,7.5,5.4,4,1.916,No
MRD-100833,2025-08-05,C80909,Retail,Delhi NCR,Delhi NCR,Website,UPI,Electronics,2,1435.05,15.0,2439.58,8.1,2.2,3,1.859,No
MRD-104362,2025-08-05,C39452,Corporate,Bengaluru,Bengaluru South,Website,Wallet,Apparel,26,421.26,11.5,9693.19,30.4,1.8,5,1.77,No
MRD-101759,2025-08-05,C37902,Retail,Bengaluru,Bengaluru South,Marketplace,UPI,Electronics,1,3922.8,15.0,3334.38,5.6,2.1,2,1.298,No
MRD-102278,2025-08-05,C17285,Retail,Bengaluru,Bengaluru South,Mobile App,UPI,Home & Kitchen,1,823.22,0.0,823.22,18.4,3.1,1,1.958,Yes
MRD-102992,2025-08-05,C74649,Retail,Delhi NCR,Delhi NCR,Website,UPI,Electronics,3,4603.21,10.0,12428.67,11.3,1.4,4,2.361,Yes
MRD-103014,2025-08-05,C51530,Retail,Bengaluru,Bengaluru South,Mobile App,Wallet,Home & Kitchen,2,1027.99,5.0,1953.18,21.1,3.9,3,1.963,No
MRD-102414,2025-08-05,C39711,Retail,Mumbai,Mumbai West,Website,Credit Card,Electronics,3,2526.13,5.0,7199.47,7.5,3.9,4,1.895,No
MRD-100210,2025-08-05,C65694,Retail,Delhi NCR,Delhi NCR,Mobile App,Debit Card,Apparel,2,1757.32,10.0,3163.18,27.7,2.2,4,1.608,No
MRD-104377,2025-08-05,C12783,Retail,Delhi NCR,Delhi NCR,Mobile App,Credit Card,Grocery,3,187.38,0.0,562.14,3.1,1.0,5,1.871,No
MRD-102524,2025-08-06,C77032,Corporate,Mumbai,Mumbai West,Website,UPI,Home & Kitchen,25,2664.93,25.2,49834.19,18.4,3.4,3,1.902,No
MRD-100573,2025-08-06,C26218,Retail,Mumbai,Mumbai West,Mobile App,UPI,Apparel,2,982.42,10.0,1768.36,29.5,3.0,4,1.86,No
MRD-101215,2025-08-06,C73186,Retail,Bengaluru,Bengaluru South,Mobile App,Cash on Delivery,Grocery,1,140.56,0.0,140.56,4.4,5.2,4,1.818,No
MRD-100053,2025-08-06,C88528,Retail,Delhi NCR,Delhi NCR,Website,UPI,Beauty,1,931.37,0.0,931.37,24.6,3.3,4,2.205,No
MRD-103568,2025-08-06,C90311,Retail,Bengaluru,Bengaluru South,Website,UPI,Apparel,2,1475.67,0.0,2951.34,31.7,2.6,3,2.138,Yes
MRD-100937,2025-08-06,C55223,Retail,Delhi NCR,Delhi NCR,Website,Credit Card,Beauty,5,430.84,0.0,2154.2,30.5,3.9,3,2.158,No
MRD-104867,2025-08-06,C43947,Corporate,Mumbai,Mumbai West,Mobile App,Credit Card,Electronics,39,6027.43,23.0,181003.72,5.1,3.5,3,2.122,No
MRD-103748,2025-08-06,C65419,Retail,Mumbai,Mumbai West,Mobile App,Debit Card,Apparel,3,1163.01,0.0,3489.03,29.9,3.9,2,2.163,No
MRD-104350,2025-08-06,C89122,Retail,Delhi NCR,Delhi NCR,Mobile App,UPI,Home & Kitchen,2,1524.82,10.0,2744.68,29.2,1.0,1,2.416,No
MRD-101539,2025-08-06,C85345,Retail,Bengaluru,Bengaluru South,Marketplace,Credit Card,Home & Kitchen,1,1252.95,15.0,1065.01,17.5,3.8,4,1.236,Yes
MRD-104229,2025-08-06,C27521,Retail,Mumbai,Mumbai West,Mobile App,Net Banking,Home & Kitchen,2,2230.2,5.0,4237.38,23.7,2.5,2,2.068,Yes
MRD-101911,2025-08-06,C64612,Corporate,Delhi NCR,Delhi NCR,Website,Credit Card,Electronics,37,4596.35,13.8,146595.99,11.9,2.4,2,1.931,No
MRD-101210,2025-08-06,C48817,Retail,Bengaluru,Bengaluru South,Marketplace,Cash on Delivery,Apparel,4,528.73,20.0,1691.94,35.4,3.3,3,1.574,No
MRD-103448,2025-08-06,C57810,Retail,Delhi NCR,Delhi NCR,Marketplace,Credit Card,Home & Kitchen,4,1294.79,15.0,4402.29,26.9,11.9,2,2.355,No
MRD-104977,2025-08-06,C51267,Retail,Mumbai,Mumbai West,Mobile App,Net Banking,Grocery,1,160.03,20.0,128.02,6.4,3.6,5,2.079,No
MRD-100423,2025-08-06,C48721,Retail,Bengaluru,Bengaluru South,Mobile App,Cash on Delivery,Electronics,3,4803.77,20.0,11529.05,9.8,2.6,4,1.576,No
MRD-100516,2025-08-06,C86247,Corporate,Bengaluru,Bengaluru South,Mobile App,Cash on Delivery,Apparel,30,1313.98,14.6,33664.17,35.6,1.0,4,2.264,No
MRD-100068,2025-08-07,C26906,Corporate,Mumbai,Mumbai West,Website,Credit Card,Home & Kitchen,28,2253.06,11.5,55830.83,21.1,3.3,5,1.415,No
MRD-104470,2025-08-07,C28506,Retail,Mumbai,Mumbai West,Mobile App,UPI,Beauty,3,340.97,0.0,1022.91,25.4,3.1,4,0.93,No
MRD-103966,2025-08-07,C84106,Retail,Bengaluru,Bengaluru South,Mobile App,Cash on Delivery,Electronics,1,6678.29,15.0,5676.55,4.9,2.1,3,1.68,No
MRD-101000,2025-08-07,C29154,Retail,Delhi NCR,Delhi NCR,Mobile App,Credit Card,Electronics,2,3938.57,15.0,6695.57,7.2,4.0,2,1.231,Yes
MRD-101805,2025-08-07,C55318,Retail,Mumbai,Mumbai West,Marketplace,Cash on Delivery,Electronics,2,14796.24,15.0,25153.61,10.0,2.6,1,1.628,Yes
MRD-100147,2025-08-07,C61913,Retail,Mumbai,Mumbai West,Marketplace,Credit Card,Grocery,3,170.62,0.0,511.86,4.3,4.3,4,1.914,No
MRD-100039,2025-08-07,C65615,Corporate,Bengaluru,Bengaluru South,Mobile App,Debit Card,Electronics,20,5538.51,16.0,93046.97,10.2,2.2,5,1.661,No
MRD-101641,2025-08-07,C29050,Retail,Bengaluru,Bengaluru South,Website,UPI,Electronics,2,5477.09,0.0,10954.18,8.9,1.0,2,1.516,Yes
MRD-103632,2025-08-07,C51772,Retail,Bengaluru,Bengaluru South,Website,Debit Card,Electronics,2,5479.3,0.0,10958.6,8.1,1.0,4,1.923,No
MRD-100239,2025-08-08,C33273,Retail,Mumbai,Mumbai West,Mobile App,Credit Card,Grocery,2,160.33,0.0,320.66,5.9,3.3,4,2.605,No
MRD-104057,2025-08-08,C40624,Retail,Mumbai,Mumbai West,Mobile App,UPI,Apparel,2,754.71,0.0,1509.42,37.9,3.0,5,1.935,No
MRD-103140,2025-08-08,C88302,Retail,Delhi NCR,Delhi NCR,Mobile App,Debit Card,Apparel,2,314.75,20.0,503.6,29.7,2.6,4,2.217,No
MRD-103360,2025-08-08,C98285,Retail,Delhi NCR,Delhi NCR,Marketplace,Cash on Delivery,Grocery,3,207.14,5.0,590.35,4.7,4.2,5,1.937,No
MRD-103590,2025-08-08,C36271,Retail,Delhi NCR,Delhi NCR,Mobile App,UPI,Grocery,1,185.94,0.0,185.94,6.1,4.7,3,2.165,No
MRD-100907,2025-08-08,C41806,Retail,Mumbai,Mumbai West,Mobile App,Credit Card,Grocery,1,278.98,10.0,251.08,4.7,3.2,4,1.755,No
MRD-103151,2025-08-08,C61552,Retail,Mumbai,Mumbai West,Website,UPI,Grocery,2,195.19,0.0,390.38,5.2,3.4,4,1.568,No
MRD-104762,2025-08-08,C82675,Retail,Bengaluru,Bengaluru South,Marketplace,Net Banking,Beauty,2,937.87,0.0,1875.74,20.5,2.7,4,0.581,No
MRD-102793,2025-08-08,C46385,Retail,Bengaluru,Bengaluru South,Website,Cash on Delivery,Apparel,2,877.35,15.0,1491.5,30.1,3.5,2,2.0,No
MRD-103029,2025-08-08,C30659,Retail,Mumbai,Mumbai West,Marketplace,UPI,Grocery,3,195.38,20.0,468.91,5.5,4.1,5,2.55,No
MRD-101326,2025-08-08,C17292,Retail,Delhi NCR,Delhi NCR,Mobile App,Debit Card,Electronics,2,4239.42,15.0,7207.01,5.8,4.0,1,1.508,Yes
MRD-102429,2025-08-08,C56617,Retail,Delhi NCR,Delhi NCR,Mobile App,UPI,Electronics,2,4834.76,20.0,7735.62,7.2,2.0,4,2.455,No
MRD-102415,2025-08-08,C38281,Retail,Mumbai,Mumbai West,Marketplace,UPI,Grocery,1,199.99,5.0,189.99,3.7,2.9,5,1.716,No
MRD-101008,2025-08-08,C34971,Retail,Delhi NCR,Delhi NCR,Mobile App,Debit Card,Home & Kitchen,1,1362.52,0.0,1362.52,16.3,1.0,5,2.67,No
MRD-103995,2025-08-08,C94893,Retail,Bengaluru,Bengaluru South,Website,Credit Card,Grocery,2,292.22,0.0,584.44,4.0,1.6,4,2.217,No
MRD-101433,2025-08-08,C80877,Retail,Mumbai,Mumbai West,Marketplace,UPI,Grocery,2,182.08,0.0,364.16,3.7,2.7,5,1.856,No
MRD-103809,2025-08-08,C80632,Retail,Bengaluru,Bengaluru South,Mobile App,UPI,Home & Kitchen,2,3330.8,0.0,6661.6,22.2,3.3,1,1.941,Yes
MRD-102854,2025-08-09,C35167,Corporate,Mumbai,Mumbai West,Website,UPI,Electronics,31,2094.75,22.1,50586.12,5.8,2.6,5,1.274,No
MRD-100274,2025-08-09,C77162,Retail,Mumbai,Mumbai West,Website,Credit Card,Apparel,2,397.44,0.0,794.88,34.4,3.2,4,1.884,No
MRD-101501,2025-08-09,C56681,Retail,Mumbai,Mumbai West,Mobile App,Wallet,Electronics,2,5626.61,20.0,9002.58,9.4,3.7,5,0.802,No
MRD-100393,2025-08-09,C76868,Retail,Bengaluru,Bengaluru South,Mobile App,Credit Card,Electronics,1,1818.64,0.0,1818.64,7.2,4.0,4,1.824,No
MRD-103871,2025-08-09,C74800,Retail,Mumbai,Mumbai West,Marketplace,Credit Card,Beauty,3,668.24,0.0,2004.72,25.6,3.5,4,1.938,No
MRD-100614,2025-08-09,C80328,Corporate,Bengaluru,Bengaluru South,Mobile App,Cash on Delivery,Apparel,27,1399.68,13.3,32765.11,28.7,1.5,1,1.684,No
MRD-100107,2025-08-09,C30543,Retail,Mumbai,Mumbai West,Website,Debit Card,Apparel,3,1113.22,0.0,3339.66,30.3,3.5,4,2.623,No
MRD-103031,2025-08-09,C25167,Retail,Bengaluru,Bengaluru South,Website,Net Banking,Apparel,1,1240.25,0.0,1240.25,42.7,2.0,3,1.383,No
MRD-100324,2025-08-09,C64493,Retail,Mumbai,Mumbai West,Mobile App,UPI,Electronics,2,1905.33,10.0,3429.59,6.9,2.8,2,2.084,Yes
MRD-104004,2025-08-10,C68860,Retail,Delhi NCR,Delhi NCR,Marketplace,UPI,Apparel,1,1895.88,15.0,1611.5,33.6,3.0,3,1.683,No
MRD-104937,2025-08-10,C88728,Retail,Delhi NCR,Delhi NCR,Mobile App,Cash on Delivery,Grocery,1,137.73,20.0,110.18,5.7,1.3,3,2.346,No
MRD-101012,2025-08-10,C21675,Retail,Bengaluru,Bengaluru South,Mobile App,UPI,Home & Kitchen,2,2550.49,20.0,4080.78,22.0,5.2,1,2.82,No
MRD-103678,2025-08-10,C78870,Retail,Mumbai,Mumbai West,Mobile App,Credit Card,Apparel,2,481.15,5.0,914.18,31.4,3.0,1,1.744,No
MRD-104444,2025-08-10,C32326,Retail,Bengaluru,Bengaluru South,Website,Debit Card,Grocery,1,390.96,0.0,390.96,5.2,1.9,1,1.736,No
MRD-103004,2025-08-10,C35572,Retail,Delhi NCR,Delhi NCR,Website,Debit Card,Grocery,3,178.85,15.0,456.07,1.4,2.9,4,1.736,No
MRD-104864,2025-08-10,C85649,Retail,Mumbai,Mumbai West,Website,Debit Card,Apparel,5,1542.17,5.0,7325.31,29.1,3.2,5,1.557,No
MRD-101628,2025-08-10,C76929,Corporate,Mumbai,Mumbai West,Marketplace,Wallet,Grocery,34,367.7,21.5,9813.91,5.9,3.7,5,1.391,No
MRD-104793,2025-08-10,C12427,Retail,Mumbai,Mumbai West,Mobile App,UPI,Grocery,1,314.66,0.0,314.66,7.0,4.0,4,2.079,No
MRD-100576,2025-08-10,C40513,Retail,Bengaluru,Bengaluru South,Marketplace,UPI,Apparel,1,786.76,20.0,629.41,28.5,5.8,4,1.741,No
MRD-101723,2025-08-10,C24467,Retail,Delhi NCR,Delhi NCR,Website,UPI,Grocery,2,237.16,0.0,474.32,1.1,7.9,4,1.665,No
MRD-102775,2025-08-10,C61988,Retail,Delhi NCR,Delhi NCR,Mobile App,Debit Card,Grocery,1,183.37,15.0,155.86,2.6,6.8,5,1.347,No
MRD-103677,2025-08-10,C15903,Retail,Mumbai,Mumbai West,Website,Wallet,Grocery,3,279.01,0.0,837.03,3.0,3.0,5,1.408,No
MRD-102823,2025-08-10,C69258,Retail,Bengaluru,Bengaluru South,Marketplace,UPI,Beauty,1,567.51,0.0,567.51,33.3,3.0,5,1.778,Yes
MRD-104765,2025-08-10,C21045,Retail,Bengaluru,Bengaluru South,Website,UPI,Beauty,3,780.26,5.0,2223.74,24.1,6.6,4,1.195,No
MRD-102277,2025-08-10,C12540,Retail,Mumbai,Mumbai West,Website,UPI,Electronics,3,3174.33,10.0,8570.69,9.9,2.6,1,1.848,Yes
MRD-100976,2025-08-10,C63809,Retail,Bengaluru,Bengaluru South,Mobile App,Net Banking,Grocery,1,299.54,0.0,299.54,4.9,4.0,2,1.481,No
MRD-103414,2025-08-10,C30360,Retail,Mumbai,Mumbai West,Mobile App,UPI,Electronics,2,5956.78,0.0,11913.56,6.9,3.5,4,2.43,No
MRD-104789,2025-08-10,C89975,Retail,Bengaluru,Bengaluru South,Website,Credit Card,Grocery,1,244.49,0.0,244.49,4.3,2.2,2,2.393,Yes
MRD-102179,2025-08-10,C12192,Corporate,Mumbai,Mumbai West,Mobile App,Debit Card,Home & Kitchen,32,1673.09,20.6,42509.87,17.4,3.6,5,1.606,No
MRD-103095,2025-08-10,C19339,Retail,Mumbai,Mumbai West,Mobile App,UPI,Apparel,1,1606.05,0.0,1606.05,32.0,2.9,2,1.828,No
MRD-101934,2025-08-10,C87135,Retail,Mumbai,Mumbai West,Website,Wallet,Apparel,1,1385.74,15.0,1177.88,34.4,3.0,1,1.765,No
MRD-104599,2025-08-10,C93014,Retail,Bengaluru,Bengaluru South,Mobile App,Debit Card,Apparel,1,597.99,15.0,508.29,37.5,4.5,3,0.887,No
MRD-104111,2025-08-11,C17539,Corporate,Delhi NCR,Delhi NCR,Website,Debit Card,Electronics,31,1968.18,23.7,46553.36,8.0,5.9,4,1.751,No
MRD-104542,2025-08-11,C88570,Retail,Delhi NCR,Delhi NCR,Website,Cash on Delivery,Beauty,1,612.55,0.0,612.55,22.4,5.2,5,1.33,No
MRD-103501,2025-08-11,C38250,Retail,Mumbai,Mumbai West,Mobile App,UPI,Grocery,1,159.67,5.0,151.69,4.8,3.3,4,2.108,No
MRD-101706,2025-08-11,C50529,Retail,Delhi NCR,Delhi NCR,Mobile App,UPI,Apparel,2,2326.08,5.0,4419.55,37.9,1.6,4,1.318,No
MRD-101696,2025-08-11,C20443,Retail,Mumbai,Mumbai West,Mobile App,UPI,Apparel,1,607.59,20.0,486.07,36.8,3.4,1,2.279,Yes
MRD-102853,2025-08-11,C96899,Retail,Delhi NCR,Delhi NCR,Website,Cash on Delivery,Grocery,2,245.85,0.0,491.7,5.5,7.1,4,1.398,No
MRD-103703,2025-08-11,C97420,Retail,Delhi NCR,Delhi NCR,Mobile App,Debit Card,Home & Kitchen,1,1645.97,10.0,1481.37,17.2,5.0,4,1.607,No
MRD-104315,2025-08-11,C33220,Corporate,Bengaluru,Bengaluru South,Mobile App,Cash on Delivery,Electronics,25,12718.13,23.1,244506.05,8.1,3.0,4,1.354,No
MRD-104299,2025-08-11,C90120,Corporate,Mumbai,Mumbai West,Mobile App,UPI,Grocery,21,270.84,9.1,5170.06,3.7,3.5,5,1.779,No
MRD-104861,2025-08-11,C69226,Retail,Bengaluru,Bengaluru South,Mobile App,UPI,Apparel,3,1209.34,20.0,2902.42,18.9,5.3,5,2.026,No
MRD-102017,2025-08-11,C74303,Retail,Mumbai,Mumbai West,Mobile App,Cash on Delivery,Grocery,2,268.6,10.0,483.48,5.2,2.5,5,1.18,No
MRD-102552,2025-08-11,C64074,Corporate,Mumbai,Mumbai West,Marketplace,UPI,Electronics,34,2966.97,11.4,89377.0,7.1,2.3,3,1.453,No
MRD-100363,2025-08-11,C29602,Retail,Bengaluru,Bengaluru South,Mobile App,UPI,Apparel,1,565.13,15.0,480.36,31.8,2.7,5,2.268,No
MRD-104563,2025-08-11,C87067,Retail,Delhi NCR,Delhi NCR,Mobile App,UPI,Home & Kitchen,1,2162.97,10.0,1946.67,20.2,2.3,2,1.753,No
MRD-101921,2025-08-11,C25612,Retail,Bengaluru,Bengaluru South,Mobile App,Credit Card,Grocery,2,196.46,0.0,392.92,3.3,2.4,4,2.183,No
MRD-103878,2025-08-11,C31394,Corporate,Mumbai,Mumbai West,Mobile App,Cash on Delivery,Grocery,32,244.34,26.1,5778.15,4.2,3.1,5,1.753,No
MRD-101247,2025-08-11,C29144,Retail,Delhi NCR,Delhi NCR,Mobile App,Cash on Delivery,Grocery,3,197.21,10.0,532.47,4.4,2.3,4,1.707,No
MRD-104013,2025-08-11,C27050,Retail,Mumbai,Mumbai West,Mobile App,Credit Card,Electronics,1,10414.13,0.0,10414.13,6.4,2.9,4,1.066,No
MRD-102376,2025-08-12,C75114,Retail,Mumbai,Mumbai West,Mobile App,UPI,Grocery,1,160.45,20.0,128.36,2.9,4.0,2,1.799,No
MRD-104226,2025-08-12,C94399,Retail,Mumbai,Mumbai West,Mobile App,Net Banking,Grocery,3,258.19,20.0,619.66,5.0,3.9,5,0.562,No
MRD-103376,2025-08-12,C68905,Retail,Bengaluru,Bengaluru South,Mobile App,Cash on Delivery,Electronics,2,3963.67,20.0,6341.87,8.4,1.0,5,1.93,No
MRD-104530,2025-08-12,C44852,Retail,Mumbai,Mumbai West,Marketplace,UPI,Apparel,3,1034.44,20.0,2482.66,31.3,3.2,4,1.271,Yes
MRD-101937,2025-08-12,C68455,Retail,Delhi NCR,Delhi NCR,Marketplace,Cash on Delivery,Apparel,3,1425.53,10.0,3848.93,35.0,2.1,1,1.847,Yes
MRD-100980,2025-08-12,C13028,Retail,Bengaluru,Bengaluru South,Marketplace,Cash on Delivery,Apparel,2,1232.04,0.0,2464.08,43.6,3.3,4,1.455,No
MRD-104879,2025-08-12,C44861,Retail,Mumbai,Mumbai West,Mobile App,UPI,Apparel,2,709.73,10.0,1277.51,34.8,4.1,5,1.805,No
MRD-102037,2025-08-12,C20251,Retail,Mumbai,Mumbai West,Marketplace,UPI,Grocery,2,157.77,0.0,315.54,3.9,3.5,5,2.467,No
MRD-101378,2025-08-12,C73306,Retail,Bengaluru,Bengaluru South,Mobile App,UPI,Electronics,1,8114.15,0.0,8114.15,7.4,4.9,1,2.08,No
MRD-104364,2025-08-12,C17741,Retail,Mumbai,Mumbai West,Mobile App,UPI,Apparel,2,1034.03,5.0,1964.66,44.3,3.6,1,1.898,No
MRD-103583,2025-08-12,C77397,Retail,Bengaluru,Bengaluru South,Mobile App,Debit Card,Electronics,2,10792.08,0.0,21584.16,7.8,6.6,4,1.381,No
MRD-104339,2025-08-12,C49266,Retail,Bengaluru,Bengaluru South,Website,UPI,Grocery,4,248.7,15.0,845.58,3.9,4.9,3,0.847,No
MRD-104639,2025-08-12,C60855,Corporate,Mumbai,Mumbai West,Website,UPI,Apparel,27,444.59,10.4,10755.52,25.7,3.4,5,2.108,No
MRD-103060,2025-08-12,C72307,Retail,Delhi NCR,Delhi NCR,Website,Credit Card,Apparel,2,1276.12,20.0,2041.79,37.8,2.1,4,1.336,No
MRD-101974,2025-08-12,C85462,Retail,Mumbai,Mumbai West,Mobile App,Credit Card,Apparel,2,1102.68,15.0,1874.56,27.5,2.5,4,1.946,Yes
MRD-102273,2025-08-12,C73209,Retail,Delhi NCR,Delhi NCR,Marketplace,Cash on Delivery,Grocery,2,200.79,5.0,381.5,4.0,1.0,5,1.902,No
MRD-100213,2025-08-12,C18125,Corporate,Bengaluru,Bengaluru South,Website,Cash on Delivery,Home & Kitchen,33,982.46,26.8,23732.3,20.1,2.9,5,1.002,No
MRD-104875,2025-08-12,C66274,Corporate,Delhi NCR,Delhi NCR,Mobile App,Credit Card,Apparel,30,1837.93,19.1,44606.56,28.7,7.1,1,2.104,No
MRD-101348,2025-08-12,C32068,Corporate,Mumbai,Mumbai West,Marketplace,Debit Card,Grocery,35,225.55,11.1,7017.99,5.5,3.4,5,1.679,No
MRD-101446,2025-08-13,C91160,Retail,Mumbai,Mumbai West,Mobile App,Debit Card,Home & Kitchen,1,2748.26,5.0,2610.85,19.9,4.6,4,1.744,No
MRD-100330,2025-08-13,C16286,Retail,Mumbai,Mumbai West,Mobile App,Net Banking,Home & Kitchen,2,2391.5,0.0,4783.0,22.9,3.1,5,2.865,No
MRD-101461,2025-08-13,C41194,Retail,Mumbai,Mumbai West,Mobile App,Credit Card,Home & Kitchen,3,2250.56,10.0,6076.51,21.5,3.6,3,2.417,No
MRD-103786,2025-08-13,C89555,Retail,Mumbai,Mumbai West,Marketplace,Net Banking,Apparel,2,940.74,10.0,1693.33,28.8,3.4,5,2.833,No
MRD-100349,2025-08-13,C77184,Retail,Mumbai,Mumbai West,Mobile App,Cash on Delivery,Grocery,1,179.42,10.0,161.48,5.8,3.9,4,1.899,No
MRD-101228,2025-08-13,C41429,Retail,Mumbai,Mumbai West,Mobile App,Credit Card,Electronics,1,5312.1,5.0,5046.5,4.8,3.2,2,1.939,No
MRD-100839,2025-08-13,C50501,Corporate,Bengaluru,Bengaluru South,Mobile App,Debit Card,Apparel,27,1222.66,20.0,26409.46,32.8,3.2,1,2.197,No
MRD-102458,2025-08-13,C92032,Retail,Delhi NCR,Delhi NCR,Mobile App,UPI,Grocery,1,301.71,20.0,241.37,3.4,7.4,4,1.577,No
MRD-100077,2025-08-13,C98524,Retail,Bengaluru,Bengaluru South,Marketplace,UPI,Home & Kitchen,1,2120.67,5.0,2014.64,15.1,3.3,3,2.322,No
MRD-104687,2025-08-13,C64918,Retail,Delhi NCR,Delhi NCR,Website,UPI,Grocery,2,163.15,0.0,326.3,3.1,1.3,4,1.371,No
MRD-103341,2025-08-13,C17283,Retail,Delhi NCR,Delhi NCR,Mobile App,Credit Card,Electronics,2,2952.19,0.0,5904.38,8.1,3.0,4,1.822,No
MRD-100695,2025-08-13,C72430,Retail,Mumbai,Mumbai West,Mobile App,UPI,Apparel,3,614.51,20.0,1474.82,28.6,2.4,3,2.591,No
MRD-103306,2025-08-13,C12039,Retail,Mumbai,Mumbai West,Mobile App,UPI,Grocery,3,247.84,0.0,743.52,5.0,3.5,1,1.722,No
MRD-101972,2025-08-13,C14350,Retail,Delhi NCR,Delhi NCR,Mobile App,Credit Card,Grocery,1,159.18,0.0,159.18,5.5,1.0,4,1.935,No
MRD-104478,2025-08-13,C88945,Retail,Bengaluru,Bengaluru South,Mobile App,Credit Card,Grocery,1,204.87,15.0,174.14,6.9,4.0,3,1.625,No
MRD-103335,2025-08-13,C34840,Retail,Bengaluru,Bengaluru South,Mobile App,UPI,Grocery,2,245.33,0.0,490.66,3.4,3.3,4,1.755,No
MRD-104456,2025-08-13,C17010,Retail,Mumbai,Mumbai West,Mobile App,UPI,Home & Kitchen,3,775.65,0.0,2326.95,19.2,3.7,3,1.238,No
MRD-104436,2025-08-13,C21761,Retail,Mumbai,Mumbai West,Marketplace,UPI,Apparel,9,1892.97,5.0,16184.89,33.0,2.9,5,1.787,No
MRD-102048,2025-08-13,C59317,Retail,Bengaluru,Bengaluru South,Website,UPI,Grocery,2,221.72,0.0,443.44,6.7,2.2,5,1.959,No
MRD-102251,2025-08-14,C60284,Retail,Mumbai,Mumbai West,Marketplace,Credit Card,Electronics,2,17436.57,15.0,29642.17,6.3,2.3,3,2.371,No
MRD-100991,2025-08-14,C57574,Retail,Bengaluru,Bengaluru South,Website,UPI,Home & Kitchen,1,762.11,10.0,685.9,18.7,1.0,4,1.688,No
MRD-100278,2025-08-14,C98006,Retail,Delhi NCR,Delhi NCR,Marketplace,Cash on Delivery,Home & Kitchen,1,3152.11,15.0,2679.29,20.3,4.1,4,1.872,No
MRD-104802,2025-08-14,C18511,Retail,Bengaluru,Bengaluru South,Mobile App,UPI,Home & Kitchen,1,696.56,5.0,661.73,20.1,3.8,1,1.176,No
MRD-101498,2025-08-14,C79638,Retail,Mumbai,Mumbai West,Mobile App,UPI,Grocery,1,180.45,20.0,144.36,3.6,3.3,4,1.905,No
MRD-104562,2025-08-14,C82581,Retail,Bengaluru,Bengaluru South,Mobile App,Cash on Delivery,Grocery,2,238.91,0.0,477.82,4.5,3.7,4,1.965,No
MRD-103032,2025-08-14,C68247,Corporate,Mumbai,Mumbai West,Mobile App,UPI,Apparel,29,1303.31,12.0,33260.47,28.1,4.0,4,1.496,No
MRD-100669,2025-08-14,C69756,Retail,Mumbai,Mumbai West,Website,UPI,Electronics,2,2395.93,15.0,4073.08,3.5,2.7,5,2.422,No
MRD-101305,2025-08-14,C63623,Retail,Mumbai,Mumbai West,Mobile App,Credit Card,Home & Kitchen,3,2209.53,15.0,5634.3,16.8,2.4,5,1.727,No
MRD-101131,2025-08-14,C62400,Retail,Bengaluru,Bengaluru South,Mobile App,UPI,Home & Kitchen,2,1810.29,10.0,3258.52,16.6,2.0,5,1.884,No
MRD-102494,2025-08-14,C12485,Retail,Bengaluru,Bengaluru South,Mobile App,UPI,Apparel,2,549.61,0.0,1099.22,35.1,2.4,2,2.225,Yes
MRD-100327,2025-08-14,C75130,Retail,Bengaluru,Bengaluru South,Marketplace,Net Banking,Grocery,1,234.93,10.0,211.44,4.7,1.0,4,2.087,No
MRD-104959,2025-08-14,C71679,Corporate,Bengaluru,Bengaluru South,Mobile App,Net Banking,Electronics,29,3442.36,15.5,84355.03,8.0,4.0,5,0.571,No
MRD-103712,2025-08-14,C20138,Corporate,Mumbai,Mumbai West,Website,Cash on Delivery,Apparel,34,1390.15,25.7,35117.97,37.0,2.4,4,2.839,No
MRD-103169,2025-08-14,C24739,Retail,Mumbai,Mumbai West,Mobile App,UPI,Home & Kitchen,4,1773.01,0.0,7092.04,16.5,4.4,4,1.855,No
MRD-103164,2025-08-15,C96068,Retail,Mumbai,Mumbai West,Mobile App,Cash on Delivery,Home & Kitchen,4,997.22,0.0,3988.88,20.8,3.2,4,2.036,Yes
MRD-100191,2025-08-15,C88170,Retail,Mumbai,Mumbai West,Mobile App,Cash on Delivery,Apparel,2,529.37,0.0,1058.74,27.9,3.4,5,1.165,No
MRD-100762,2025-08-15,C46430,Retail,Delhi NCR,Delhi NCR,Mobile App,Net Banking,Electronics,1,2859.3,0.0,2859.3,9.5,2.9,4,1.89,No
MRD-104390,2025-08-15,C34179,Retail,Mumbai,Mumbai West,Mobile App,Wallet,Apparel,4,726.48,20.0,2324.74,30.2,2.6,5,2.024,Yes
MRD-104969,2025-08-15,C20726,Corporate,Mumbai,Mumbai West,Marketplace,Debit Card,Home & Kitchen,21,931.2,20.9,15468.16,20.4,3.0,4,1.529,No
MRD-100724,2025-08-15,C57595,Retail,Bengaluru,Bengaluru South,Website,Net Banking,Electronics,4,5335.25,0.0,21341.0,12.5,4.9,4,1.768,No
MRD-103067,2025-08-15,C85738,Retail,Bengaluru,Bengaluru South,Mobile App,UPI,Home & Kitchen,1,1206.32,0.0,1206.32,18.6,3.2,5,2.28,No
MRD-100947,2025-08-15,C41109,Retail,Bengaluru,Bengaluru South,Mobile App,UPI,Electronics,3,2923.73,20.0,7016.95,10.0,5.2,2,1.09,No
MRD-101274,2025-08-15,C13923,Retail,Delhi NCR,Delhi NCR,Mobile App,UPI,Apparel,2,861.33,15.0,1464.26,21.6,4.6,5,1.384,No
MRD-103688,2025-08-15,C77220,Retail,Bengaluru,Bengaluru South,Website,UPI,Grocery,1,258.0,20.0,206.4,3.8,2.0,5,1.587,No
MRD-100776,2025-08-15,C87916,Retail,Mumbai,Mumbai West,Marketplace,UPI,Grocery,1,193.46,5.0,183.79,1.9,4.3,5,1.238,No
MRD-104658,2025-08-15,C73420,Retail,Mumbai,Mumbai West,Marketplace,Credit Card,Grocery,1,276.11,0.0,276.11,0.6,4.6,3,1.546,No
MRD-100812,2025-08-15,C15005,Retail,Mumbai,Mumbai West,Mobile App,Cash on Delivery,Apparel,1,1338.2,5.0,1271.29,30.0,3.4,5,1.798,No
MRD-104499,2025-08-15,C74282,Retail,Bengaluru,Bengaluru South,Website,UPI,Apparel,2,2374.24,15.0,4036.21,34.0,4.0,4,1.203,No
MRD-104100,2025-08-15,C74873,Retail,Bengaluru,Bengaluru South,Mobile App,UPI,Grocery,4,236.59,15.0,804.41,5.2,3.5,3,1.621,No
MRD-101235,2025-08-15,C58083,Retail,Delhi NCR,Delhi NCR,Website,Debit Card,Home & Kitchen,1,1992.22,15.0,1693.39,17.1,1.9,5,1.305,No
MRD-103371,2025-08-15,C93462,Retail,Mumbai,Mumbai West,Mobile App,Net Banking,Grocery,1,123.31,0.0,123.31,1.6,3.7,2,2.038,No
MRD-102015,2025-08-15,C43511,Corporate,Bengaluru,Bengaluru South,Mobile App,Credit Card,Electronics,28,1580.74,24.6,33372.58,9.4,1.0,2,1.513,No
MRD-102290,2025-08-16,C20834,Retail,Mumbai,Mumbai West,Mobile App,UPI,Electronics,1,1278.0,10.0,1150.2,5.7,3.5,4,1.721,No
MRD-101422,2025-08-16,C21240,Retail,Delhi NCR,Delhi NCR,Mobile App,Credit Card,Home & Kitchen,1,1368.41,0.0,1368.41,18.1,1.0,5,1.212,No
MRD-102801,2025-08-16,C34391,Retail,Mumbai,Mumbai West,Mobile App,Credit Card,Grocery,2,249.26,0.0,498.52,4.4,2.9,4,2.272,No
MRD-100326,2025-08-16,C21663,Retail,Delhi NCR,Delhi NCR,Mobile App,UPI,Apparel,1,917.06,0.0,917.06,27.6,1.0,4,1.67,No
MRD-100580,2025-08-16,C84001,Retail,Mumbai,Mumbai West,Website,Net Banking,Electronics,1,4457.38,0.0,4457.38,6.4,3.4,4,1.651,No
MRD-102855,2025-08-16,C22914,Retail,Bengaluru,Bengaluru South,Website,Debit Card,Apparel,2,841.95,5.0,1599.7,24.0,4.5,3,1.508,No
MRD-101849,2025-08-16,C51504,Retail,Delhi NCR,Delhi NCR,Website,UPI,Apparel,3,851.38,0.0,2554.14,32.1,11.1,4,1.679,Yes
MRD-100308,2025-08-16,C15626,Corporate,Mumbai,Mumbai West,Website,UPI,Beauty,26,624.85,13.7,14020.38,23.2,3.2,4,1.232,No
MRD-102003,2025-08-16,C58906,Retail,Delhi NCR,Delhi NCR,Mobile App,UPI,Electronics,2,5810.9,10.0,10459.62,8.4,1.6,5,2.563,No
MRD-100091,2025-08-17,C17081,Retail,Mumbai,Mumbai West,Website,UPI,Grocery,3,200.49,20.0,481.18,4.5,3.9,4,1.647,No
MRD-101518,2025-08-17,C20359,Retail,Mumbai,Mumbai West,Mobile App,Credit Card,Electronics,2,2709.03,0.0,5418.06,6.8,3.0,4,2.583,No
MRD-102184,2025-08-17,C41774,Retail,Mumbai,Mumbai West,Mobile App,Debit Card,Apparel,2,2208.96,0.0,4417.92,30.7,3.3,4,2.089,Yes
MRD-101503,2025-08-17,C42698,Retail,Mumbai,Mumbai West,Mobile App,Credit Card,Electronics,1,3772.56,10.0,3395.3,7.5,3.1,5,1.769,No
MRD-101104,2025-08-17,C74714,Corporate,Delhi NCR,Delhi NCR,Marketplace,Credit Card,Beauty,28,909.37,17.2,21082.83,28.4,13.1,5,1.215,No
MRD-102973,2025-08-17,C61927,Retail,Mumbai,Mumbai West,Website,Debit Card,Grocery,5,175.71,5.0,834.62,3.2,3.4,3,2.379,No
MRD-100167,2025-08-17,C25948,Retail,Mumbai,Mumbai West,Marketplace,Debit Card,Grocery,4,190.24,20.0,608.77,3.8,3.1,5,1.265,No
MRD-100341,2025-08-17,C77445,Retail,Bengaluru,Bengaluru South,Mobile App,UPI,Electronics,3,1898.46,0.0,5695.38,5.7,12.9,2,2.063,No
MRD-102883,2025-08-17,C90232,Retail,Mumbai,Mumbai West,Mobile App,Debit Card,Beauty,3,1018.32,20.0,2443.97,27.6,2.5,3,1.686,No
MRD-104678,2025-08-17,C73304,Retail,Delhi NCR,Delhi NCR,Marketplace,Debit Card,Grocery,1,337.59,5.0,320.71,2.7,2.2,5,1.48,No
MRD-103521,2025-08-17,C65193,Retail,Delhi NCR,Delhi NCR,Marketplace,UPI,Apparel,1,825.44,5.0,784.17,31.0,3.2,2,2.103,No
MRD-103447,2025-08-17,C33300,Retail,Mumbai,Mumbai West,Marketplace,UPI,Electronics,2,4485.4,0.0,8970.8,5.7,2.9,5,1.91,No
MRD-101307,2025-08-17,C84313,Retail,Delhi NCR,Delhi NCR,Mobile App,Credit Card,Electronics,2,3345.51,0.0,6691.02,8.9,1.0,4,2.001,No
MRD-103286,2025-08-17,C74338,Corporate,Delhi NCR,Delhi NCR,Website,UPI,Grocery,24,277.19,14.6,5681.29,3.2,5.3,5,2.042,No
MRD-104044,2025-08-17,C64149,Retail,Bengaluru,Bengaluru South,Website,UPI,Home & Kitchen,3,1751.16,5.0,4990.81,17.6,4.3,4,1.784,No
MRD-102805,2025-08-18,C46959,Retail,Mumbai,Mumbai West,Marketplace,UPI,Electronics,2,10374.78,5.0,19712.08,6.1,3.0,5,1.99,No
MRD-102221,2025-08-18,C65157,Retail,Delhi NCR,Delhi NCR,Mobile App,UPI,Electronics,2,3044.59,5.0,5784.72,9.1,1.0,4,1.622,No
MRD-101149,2025-08-18,C58717,Retail,Delhi NCR,Delhi NCR,Mobile App,Credit Card,Grocery,3,205.81,0.0,617.43,6.5,1.0,2,1.575,No
MRD-104958,2025-08-18,C76144,Retail,Mumbai,Mumbai West,Website,Net Banking,Grocery,1,263.86,0.0,263.86,3.2,3.1,5,2.563,No
MRD-104128,2025-08-18,C96493,Retail,Bengaluru,Bengaluru South,Marketplace,Credit Card,Home & Kitchen,1,445.41,10.0,400.87,23.3,3.8,4,1.609,No
MRD-102816,2025-08-18,C62691,Retail,Bengaluru,Bengaluru South,Marketplace,Debit Card,Home & Kitchen,4,1627.66,0.0,6510.64,22.4,4.9,5,1.118,No
MRD-104048,2025-08-18,C28451,Retail,Delhi NCR,Delhi NCR,Website,Credit Card,Grocery,1,193.93,0.0,193.93,4.9,3.5,1,1.759,No
MRD-101819,2025-08-18,C13760,Retail,Bengaluru,Bengaluru South,Website,UPI,Beauty,1,681.58,5.0,647.5,28.7,5.0,4,1.04,Yes
MRD-103648,2025-08-18,C89411,Retail,Mumbai,Mumbai West,Website,UPI,Apparel,1,1086.32,0.0,1086.32,28.1,3.5,1,1.328,Yes
MRD-101947,2025-08-18,C95536,Corporate,Bengaluru,Bengaluru South,Mobile App,UPI,Grocery,29,271.31,20.1,6286.52,2.6,3.9,5,1.641,No
MRD-102657,2025-08-18,C65128,Retail,Bengaluru,Bengaluru South,Mobile App,UPI,Home & Kitchen,1,2973.31,0.0,2973.31,12.5,4.9,5,1.67,No
MRD-100003,2025-08-18,C63436,Retail,Mumbai,Mumbai West,Mobile App,UPI,Grocery,1,167.25,15.0,142.16,4.9,3.3,4,2.518,No
MRD-104896,2025-08-18,C94399,Retail,Mumbai,Mumbai West,Website,Cash on Delivery,Beauty,2,947.75,10.0,1705.95,31.8,3.6,1,2.551,No
MRD-100223,2025-08-19,C98676,Retail,Delhi NCR,Delhi NCR,Website,Wallet,Home & Kitchen,4,1881.51,5.0,7149.74,11.9,2.1,4,1.836,No
MRD-104307,2025-08-19,C76212,Retail,Mumbai,Mumbai West,Website,Credit Card,Grocery,1,178.22,10.0,160.4,4.5,3.2,4,1.308,No
MRD-103049,2025-08-19,C15091,Corporate,Mumbai,Mumbai West,Marketplace,Net Banking,Electronics,28,3229.73,19.6,72707.68,10.9,3.0,1,2.483,Yes
MRD-101133,2025-08-19,C57396,Retail,Mumbai,Mumbai West,Mobile App,Net Banking,Apparel,2,1677.67,5.0,3187.57,26.9,3.4,2,2.208,Yes
MRD-101042,2025-08-19,C30704,Retail,Mumbai,Mumbai West,Mobile App,Debit Card,Grocery,4,222.94,10.0,802.58,4.0,2.7,1,2.432,No
MRD-103267,2025-08-19,C18599,Retail,Delhi NCR,Delhi NCR,Marketplace,UPI,Home & Kitchen,1,1413.96,10.0,1272.56,18.8,1.0,5,1.643,No
MRD-102252,2025-08-19,C24103,Retail,Mumbai,Mumbai West,Mobile App,Debit Card,Home & Kitchen,3,3168.96,10.0,8556.19,13.3,3.0,5,1.584,No
MRD-100955,2025-08-19,C15364,Retail,Mumbai,Mumbai West,Mobile App,Cash on Delivery,Grocery,2,191.5,20.0,306.4,4.8,3.2,4,2.064,No
MRD-103994,2025-08-19,C75172,Retail,Delhi NCR,Delhi NCR,Website,UPI,Apparel,2,493.07,0.0,986.14,23.6,18.6,2,1.635,No
MRD-100565,2025-08-19,C24961,Corporate,Mumbai,Mumbai West,Mobile App,Credit Card,Beauty,26,1464.66,17.8,31302.71,22.7,4.0,2,2.111,No
MRD-100543,2025-08-19,C29929,Retail,Mumbai,Mumbai West,Marketplace,Debit Card,Electronics,1,3885.87,15.0,3302.99,8.8,4.1,5,1.855,No
MRD-100541,2025-08-19,C32160,Retail,Mumbai,Mumbai West,Mobile App,Cash on Delivery,Apparel,1,486.34,10.0,437.71,24.9,2.6,5,2.535,Yes
MRD-103989,2025-08-19,C13790,Retail,Delhi NCR,Delhi NCR,Mobile App,Credit Card,Electronics,2,5100.78,0.0,10201.56,7.0,1.7,4,1.988,No
MRD-100600,2025-08-19,C63891,Retail,Bengaluru,Bengaluru South,Website,Wallet,Beauty,2,2124.14,15.0,3611.04,22.8,4.4,5,1.775,No
MRD-102630,2025-08-19,C28779,Corporate,Delhi NCR,Delhi NCR,Mobile App,UPI,Apparel,27,298.54,21.3,6343.68,29.7,4.1,4,2.199,No
MRD-102756,2025-08-19,C42271,Retail,Mumbai,Mumbai West,Mobile App,Credit Card,Apparel,2,778.88,0.0,1557.76,31.0,3.9,5,2.443,Yes
MRD-101435,2025-08-19,C83024,Retail,Bengaluru,Bengaluru South,Mobile App,Credit Card,Apparel,3,1448.65,5.0,4128.65,33.6,4.4,4,1.668,No
MRD-104083,2025-08-20,C86462,Retail,Bengaluru,Bengaluru South,Mobile App,UPI,Electronics,2,3925.19,0.0,7850.38,5.1,2.1,5,1.274,No
MRD-104228,2025-08-20,C82300,Retail,Mumbai,Mumbai West,Marketplace,Net Banking,Home & Kitchen,1,1630.63,15.0,1386.04,15.8,2.8,4,2.264,No
MRD-101100,2025-08-20,C75585,Retail,Bengaluru,Bengaluru South,Mobile App,Debit Card,Grocery,2,188.0,10.0,338.4,2.8,2.9,4,1.686,No
MRD-102428,2025-08-20,C56948,Retail,Bengaluru,Bengaluru South,Website,Cash on Delivery,Electronics,2,9974.42,15.0,16956.51,9.1,1.7,4,2.87,No
MRD-100296,2025-08-20,C15286,Corporate,Mumbai,Mumbai West,Mobile App,Credit Card,Home & Kitchen,23,1463.86,25.0,25251.58,19.9,3.0,5,0.351,No
MRD-100948,2025-08-20,C76004,Retail,Delhi NCR,Delhi NCR,Website,UPI,Home & Kitchen,2,681.8,5.0,1295.42,19.8,1.0,3,2.018,No
MRD-104747,2025-08-20,C84907,Retail,Delhi NCR,Delhi NCR,Website,UPI,Electronics,1,2270.02,10.0,2043.02,9.0,2.8,4,1.564,No
MRD-102455,2025-08-20,C31529,Retail,Mumbai,Mumbai West,Website,Cash on Delivery,Grocery,2,289.22,0.0,578.44,2.7,4.3,5,1.859,No
MRD-104885,2025-08-20,C71523,Retail,Mumbai,Mumbai West,Website,Cash on Delivery,Home & Kitchen,3,1168.56,15.0,2979.83,19.2,3.1,4,2.338,No
MRD-103346,2025-08-21,C18588,Corporate,Delhi NCR,Delhi NCR,Website,Cash on Delivery,Apparel,34,533.0,13.3,15711.77,29.2,3.2,5,2.703,No
MRD-103650,2025-08-21,C21461,Retail,Delhi NCR,Delhi NCR,Mobile App,Credit Card,Electronics,1,6003.35,0.0,6003.35,6.3,4.9,2,2.138,Yes
MRD-100985,2025-08-21,C49644,Corporate,Delhi NCR,Delhi NCR,Website,UPI,Apparel,32,1393.15,17.7,36690.0,37.8,1.8,4,2.243,No
MRD-101089,2025-08-21,C66203,Corporate,Delhi NCR,Delhi NCR,Website,UPI,Electronics,27,2302.07,24.4,46989.85,5.2,5.0,2,2.453,No
MRD-100069,2025-08-21,C58197,Retail,Bengaluru,Bengaluru South,Website,Debit Card,Grocery,3,186.8,10.0,504.36,3.5,1.0,5,1.785,No
MRD-104701,2025-08-21,C69381,Retail,Mumbai,Mumbai West,Mobile App,Cash on Delivery,Grocery,1,203.5,10.0,183.15,5.6,2.3,1,1.289,No
MRD-102594,2025-08-21,C87378,Retail,Mumbai,Mumbai West,Mobile App,Net Banking,Apparel,3,893.75,0.0,2681.25,29.7,3.7,3,1.908,No
MRD-102028,2025-08-21,C95410,Retail,Bengaluru,Bengaluru South,Mobile App,UPI,Grocery,1,295.92,15.0,251.53,4.6,1.4,2,2.14,No
MRD-101685,2025-08-21,C10061,Retail,Mumbai,Mumbai West,Mobile App,Net Banking,Apparel,2,1286.49,0.0,2572.98,28.0,3.4,5,1.455,No
MRD-101336,2025-08-21,C68462,Retail,Bengaluru,Bengaluru South,Mobile App,Debit Card,Home & Kitchen,2,1246.02,0.0,2492.04,14.0,3.9,2,1.778,No
MRD-104732,2025-08-21,C31013,Retail,Mumbai,Mumbai West,Mobile App,UPI,Apparel,1,1551.96,15.0,1319.17,33.9,2.9,5,1.347,Yes
MRD-104127,2025-08-21,C39738,Retail,Delhi NCR,Delhi NCR,Website,UPI,Electronics,1,6782.5,20.0,5426.0,6.5,1.0,4,1.934,No
MRD-103998,2025-08-22,C67689,Corporate,Bengaluru,Bengaluru South,Marketplace,Credit Card,Electronics,28,2939.24,11.1,73163.56,7.0,3.5,4,2.861,No
MRD-101456,2025-08-22,C43899,Retail,Mumbai,Mumbai West,Marketplace,Wallet,Home & Kitchen,1,879.67,5.0,835.69,16.2,2.8,2,1.595,No
MRD-102761,2025-08-22,C92064,Retail,Delhi NCR,Delhi NCR,Website,UPI,Apparel,2,2642.76,0.0,5285.52,34.6,2.4,5,1.776,Yes
MRD-101167,2025-08-22,C64998,Corporate,Bengaluru,Bengaluru South,Mobile App,Cash on Delivery,Electronics,27,3332.86,25.7,66860.5,11.3,1.0,4,2.205,No
MRD-104982,2025-08-22,C72164,Retail,Delhi NCR,Delhi NCR,Mobile App,UPI,Electronics,1,5046.32,0.0,5046.32,5.4,3.3,5,1.773,No
MRD-100208,2025-08-22,C97021,Retail,Bengaluru,Bengaluru South,Mobile App,Cash on Delivery,Electronics,2,2690.85,5.0,5112.62,5.3,4.8,1,2.141,No
MRD-101821,2025-08-22,C13177,Retail,Mumbai,Mumbai West,Marketplace,UPI,Apparel,1,780.17,0.0,780.17,33.8,2.3,2,1.449,No
MRD-104552,2025-08-22,C33164,Retail,Bengaluru,Bengaluru South,Mobile App,Net Banking,Electronics,2,8745.22,10.0,15741.4,10.6,5.5,5,2.353,No
MRD-101894,2025-08-22,C59868,Retail,Mumbai,Mumbai West,Marketplace,Credit Card,Apparel,2,887.11,5.0,1685.51,27.5,3.5,5,2.065,No
MRD-104928,2025-08-22,C11525,Retail,Bengaluru,Bengaluru South,Mobile App,Debit Card,Apparel,2,296.61,15.0,504.24,30.7,2.8,4,1.933,No
MRD-103984,2025-08-22,C56290,Corporate,Bengaluru,Bengaluru South,Mobile App,Credit Card,Home & Kitchen,26,3184.81,18.8,67237.71,18.7,5.6,3,1.105,No
MRD-101183,2025-08-22,C47336,Retail,Bengaluru,Bengaluru South,Mobile App,Net Banking,Home & Kitchen,3,1244.04,0.0,3732.12,19.5,2.2,4,1.844,No
MRD-102447,2025-08-22,C42290,Corporate,Bengaluru,Bengaluru South,Mobile App,UPI,Electronics,32,3024.84,14.0,83243.6,10.1,4.2,5,2.175,No
MRD-102324,2025-08-22,C95803,Retail,Bengaluru,Bengaluru South,Mobile App,UPI,Home & Kitchen,1,739.06,20.0,591.25,23.8,4.5,1,1.761,Yes
MRD-103368,2025-08-23,C75655,Retail,Mumbai,Mumbai West,Marketplace,Net Banking,Home & Kitchen,4,2410.11,0.0,9640.44,9.1,3.6,4,2.552,No
MRD-102949,2025-08-23,C20626,Retail,Delhi NCR,Delhi NCR,Website,Debit Card,Apparel,2,1281.96,0.0,2563.92,25.6,2.5,1,1.97,No
MRD-104535,2025-08-23,C78760,Retail,Mumbai,Mumbai West,Mobile App,Credit Card,Grocery,1,280.17,5.0,266.16,2.8,3.4,5,2.405,No
MRD-104411,2025-08-23,C71640,Retail,Mumbai,Mumbai West,Mobile App,UPI,Grocery,2,229.81,0.0,459.62,2.0,3.7,5,2.176,Yes
MRD-104273,2025-08-23,C44746,Retail,Bengaluru,Bengaluru South,Website,Credit Card,Apparel,1,1168.94,5.0,1110.49,36.1,1.2,2,2.27,No
MRD-101547,2025-08-23,C22859,Retail,Bengaluru,Bengaluru South,Marketplace,UPI,Home & Kitchen,2,1268.43,0.0,2536.86,18.3,2.7,5,1.556,No
MRD-100519,2025-08-23,C96463,Retail,Delhi NCR,Delhi NCR,Mobile App,UPI,Home & Kitchen,1,911.99,0.0,911.99,21.1,4.5,1,2.884,No
MRD-103569,2025-08-23,C11330,Retail,Mumbai,Mumbai West,Website,UPI,Electronics,1,4196.68,20.0,3357.34,7.1,2.4,5,1.587,No
MRD-102459,2025-08-23,C77234,Retail,Delhi NCR,Delhi NCR,Mobile App,Cash on Delivery,Apparel,1,858.31,0.0,858.31,31.3,1.0,4,2.022,No
MRD-103770,2025-08-23,C16894,Retail,Mumbai,Mumbai West,Mobile App,UPI,Apparel,1,1189.12,15.0,1010.75,35.1,3.1,4,2.351,No
MRD-100328,2025-08-23,C51469,Retail,Mumbai,Mumbai West,Website,Credit Card,Grocery,1,200.32,0.0,200.32,6.1,3.8,4,1.556,No
MRD-101897,2025-08-23,C65268,Corporate,Mumbai,Mumbai West,Mobile App,Credit Card,Apparel,32,2670.56,22.9,65888.06,29.3,3.5,5,1.53,No
MRD-104949,2025-08-23,C26878,Retail,Bengaluru,Bengaluru South,Website,UPI,Beauty,2,810.84,0.0,1621.68,25.8,2.1,5,2.228,No
MRD-102007,2025-08-23,C45528,Retail,Mumbai,Mumbai West,Mobile App,Credit Card,Electronics,2,8331.5,0.0,16663.0,6.6,3.4,1,2.827,No
MRD-103915,2025-08-24,C94808,Retail,Bengaluru,Bengaluru South,Mobile App,Credit Card,Beauty,2,636.32,20.0,1018.11,25.4,2.9,4,1.199,No
MRD-100604,2025-08-24,C92494,Retail,Delhi NCR,Delhi NCR,Mobile App,Net Banking,Home & Kitchen,2,1823.93,0.0,3647.86,14.8,5.3,5,2.269,No
MRD-101185,2025-08-24,C49239,Retail,Mumbai,Mumbai West,Mobile App,UPI,Apparel,3,798.54,0.0,2395.62,29.8,3.4,3,1.29,No
MRD-103879,2025-08-24,C23878,Retail,Delhi NCR,Delhi NCR,Mobile App,Cash on Delivery,Home & Kitchen,2,749.15,20.0,1198.64,19.0,5.4,5,1.63,No
MRD-103013,2025-08-24,C36146,Retail,Mumbai,Mumbai West,Mobile App,UPI,Apparel,1,791.54,0.0,791.54,30.9,3.1,4,1.293,No
MRD-104029,2025-08-24,C86224,Retail,Delhi NCR,Delhi NCR,Mobile App,Cash on Delivery,Electronics,3,8279.83,15.0,21113.57,9.8,1.0,5,1.771,No
MRD-100200,2025-08-24,C80359,Retail,Bengaluru,Bengaluru South,Website,Cash on Delivery,Electronics,1,3201.51,15.0,2721.28,4.8,3.0,2,0.853,No
MRD-104236,2025-08-24,C13720,Corporate,Bengaluru,Bengaluru South,Mobile App,Wallet,Grocery,34,171.91,11.9,5149.39,1.9,5.4,4,1.451,No
MRD-100339,2025-08-24,C60480,Retail,Bengaluru,Bengaluru South,Website,Debit Card,Grocery,3,245.58,10.0,663.07,6.2,1.7,5,1.719,No
MRD-101509,2025-08-24,C24249,Retail,Delhi NCR,Delhi NCR,Mobile App,UPI,Apparel,4,2464.85,0.0,9859.4,26.2,6.1,5,1.728,No
MRD-101585,2025-08-24,C11038,Retail,Delhi NCR,Delhi NCR,Website,Net Banking,Grocery,1,223.8,0.0,223.8,4.6,3.9,4,2.315,No
MRD-100141,2025-08-25,C29236,Corporate,Delhi NCR,Delhi NCR,Mobile App,Debit Card,Grocery,38,201.14,21.1,6030.58,2.9,5.1,5,2.044,No
MRD-101664,2025-08-25,C13213,Retail,Mumbai,Mumbai West,Marketplace,Credit Card,Apparel,1,1103.19,0.0,1103.19,34.0,4.6,4,1.617,No
MRD-104047,2025-08-25,C38337,Retail,Mumbai,Mumbai West,Mobile App,Credit Card,Grocery,2,217.86,0.0,435.72,5.0,3.6,5,0.692,No
MRD-103922,2025-08-25,C12095,Retail,Delhi NCR,Delhi NCR,Mobile App,UPI,Home & Kitchen,1,1184.52,10.0,1066.07,18.0,1.0,5,2.137,No
MRD-103823,2025-08-25,C65036,Retail,Mumbai,Mumbai West,Mobile App,Wallet,Electronics,2,4128.53,20.0,6605.65,7.3,3.4,4,1.911,No
MRD-101968,2025-08-25,C37314,Retail,Delhi NCR,Delhi NCR,Mobile App,Credit Card,Home & Kitchen,5,1205.14,0.0,6025.7,22.4,3.8,5,1.881,No
MRD-100777,2025-08-25,C96610,Retail,Delhi NCR,Delhi NCR,Marketplace,Cash on Delivery,Grocery,2,329.04,0.0,658.08,2.8,2.0,4,1.736,No
MRD-104682,2025-08-25,C51414,Retail,Mumbai,Mumbai West,Mobile App,Debit Card,Apparel,2,985.48,20.0,1576.77,38.0,3.0,3,2.549,No
MRD-101157,2025-08-25,C80433,Retail,Bengaluru,Bengaluru South,Website,Debit Card,Apparel,2,1540.23,10.0,2772.41,36.0,2.6,4,1.701,No
MRD-102624,2025-08-25,C46278,Retail,Delhi NCR,Delhi NCR,Mobile App,Credit Card,Electronics,2,638.09,5.0,1212.37,10.2,3.0,4,1.835,No
MRD-103228,2025-08-25,C22399,Retail,Mumbai,Mumbai West,Mobile App,Debit Card,Grocery,1,205.82,0.0,205.82,3.8,3.4,5,2.136,No
MRD-101754,2025-08-25,C38378,Retail,Mumbai,Mumbai West,Mobile App,UPI,Grocery,2,250.19,0.0,500.38,4.9,2.4,4,1.93,No
MRD-102012,2025-08-25,C46654,Retail,Delhi NCR,Delhi NCR,Mobile App,Cash on Delivery,Electronics,2,726.56,10.0,1307.81,7.7,3.0,1,2.261,No
MRD-104623,2025-08-25,C25881,Retail,Mumbai,Mumbai West,Marketplace,Debit Card,Grocery,2,146.97,0.0,293.94,3.7,3.3,5,1.4,No
MRD-103113,2025-08-25,C96327,Corporate,Mumbai,Mumbai West,Mobile App,Cash on Delivery,Apparel,27,1512.48,20.6,32424.55,36.2,3.3,4,1.271,No
MRD-104485,2025-08-25,C46414,Retail,Delhi NCR,Delhi NCR,Mobile App,Debit Card,Electronics,2,5608.35,0.0,11216.7,7.8,1.0,5,1.974,No
MRD-101837,2025-08-25,C80407,Retail,Delhi NCR,Delhi NCR,Website,Credit Card,Home & Kitchen,2,4577.18,15.0,7781.21,15.7,1.0,5,2.001,No
MRD-100411,2025-08-26,C32941,Corporate,Mumbai,Mumbai West,Website,UPI,Apparel,24,754.73,24.7,13639.48,21.7,3.1,2,1.92,Yes
MRD-102197,2025-08-26,C50878,Retail,Bengaluru,Bengaluru South,Mobile App,Credit Card,Home & Kitchen,2,1754.1,0.0,3508.2,26.6,3.9,5,1.682,No
MRD-103766,2025-08-26,C14397,Retail,Mumbai,Mumbai West,Mobile App,Debit Card,Grocery,2,229.8,15.0,390.66,4.8,4.4,5,0.956,No
MRD-102400,2025-08-26,C93623,Retail,Mumbai,Mumbai West,Mobile App,UPI,Apparel,1,955.47,0.0,955.47,27.4,3.6,5,1.94,No
MRD-101324,2025-08-26,C25283,Retail,Bengaluru,Bengaluru South,Mobile App,UPI,Electronics,1,1680.35,15.0,1428.3,8.7,1.1,5,1.89,No
MRD-102330,2025-08-26,C98742,Retail,Mumbai,Mumbai West,Mobile App,Debit Card,Apparel,3,815.8,0.0,2447.4,25.2,3.9,1,2.027,No
MRD-100768,2025-08-26,C73537,Corporate,Bengaluru,Bengaluru South,Mobile App,Wallet,Grocery,30,219.44,10.5,5891.96,3.4,2.4,3,2.073,No
MRD-101063,2025-08-26,C27683,Retail,Delhi NCR,Delhi NCR,Website,Debit Card,Electronics,2,5507.07,15.0,9362.02,9.4,1.0,4,2.145,No
MRD-103444,2025-08-26,C96280,Corporate,Bengaluru,Bengaluru South,Mobile App,UPI,Grocery,33,177.52,22.1,4563.51,3.4,4.3,4,1.503,No
MRD-100900,2025-08-26,C11053,Retail,Bengaluru,Bengaluru South,Mobile App,Credit Card,Grocery,3,198.64,15.0,506.53,5.3,1.6,3,1.479,No
MRD-102728,2025-08-26,C93833,Corporate,Delhi NCR,Delhi NCR,Marketplace,UPI,Grocery,29,230.37,13.5,5778.83,4.6,3.4,4,2.23,No
MRD-102689,2025-08-26,C35162,Retail,Mumbai,Mumbai West,Website,Cash on Delivery,Beauty,2,470.93,0.0,941.86,20.6,3.5,4,1.846,No
MRD-101258,2025-08-26,C42716,Retail,Mumbai,Mumbai West,Mobile App,Credit Card,Electronics,2,9593.46,10.0,17268.23,7.5,3.2,5,2.312,No
MRD-101627,2025-08-26,C74970,Retail,Bengaluru,Bengaluru South,Website,Debit Card,Grocery,2,105.63,0.0,211.26,3.4,5.5,3,1.259,No
MRD-101292,2025-08-27,C62639,Retail,Bengaluru,Bengaluru South,Marketplace,UPI,Grocery,1,288.49,5.0,274.07,4.5,4.7,4,1.243,No
MRD-102833,2025-08-27,C54829,Retail,Bengaluru,Bengaluru South,Mobile App,UPI,Apparel,2,2301.45,5.0,4372.75,35.9,3.5,1,2.577,No
MRD-104801,2025-08-27,C48763,Retail,Delhi NCR,Delhi NCR,Website,UPI,Home & Kitchen,2,1500.07,20.0,2400.11,16.1,4.0,1,1.426,No
MRD-101788,2025-08-27,C46426,Retail,Bengaluru,Bengaluru South,Marketplace,Cash on Delivery,Grocery,1,241.62,0.0,241.62,2.3,4.5,4,1.923,No
MRD-101950,2025-08-27,C69389,Corporate,Mumbai,Mumbai West,Mobile App,Credit Card,Home & Kitchen,37,1724.98,16.4,53357.08,13.8,3.8,1,2.059,Yes
MRD-102104,2025-08-27,C99407,Retail,Mumbai,Mumbai West,Mobile App,Cash on Delivery,Home & Kitchen,2,1872.51,20.0,2996.02,18.7,2.6,5,1.502,No
MRD-104770,2025-08-27,C88495,Retail,Bengaluru,Bengaluru South,Marketplace,Net Banking,Grocery,3,269.01,5.0,766.68,4.7,3.8,5,1.876,No
MRD-101319,2025-08-27,C19144,Corporate,Bengaluru,Bengaluru South,Mobile App,UPI,Grocery,30,186.67,9.5,5068.09,5.4,2.6,1,1.231,No
MRD-102632,2025-08-27,C28151,Retail,Mumbai,Mumbai West,Mobile App,Wallet,Grocery,3,356.31,20.0,855.14,2.6,3.2,3,1.725,No
MRD-104153,2025-08-27,C22115,Retail,Mumbai,Mumbai West,Mobile App,Credit Card,Home & Kitchen,2,2734.88,5.0,5196.27,15.8,3.0,4,1.782,No
MRD-103739,2025-08-27,C92386,Retail,Mumbai,Mumbai West,Mobile App,Credit Card,Apparel,3,1509.91,20.0,3623.78,37.7,2.5,3,1.455,No
MRD-101661,2025-08-27,C84790,Corporate,Bengaluru,Bengaluru South,Mobile App,Wallet,Apparel,29,1061.47,14.7,26257.58,26.7,1.8,4,1.608,No
MRD-104729,2025-08-27,C41770,Retail,Mumbai,Mumbai West,Website,Debit Card,Beauty,1,366.3,0.0,366.3,26.1,2.8,1,0.883,No
MRD-104805,2025-08-27,C50082,Corporate,Bengaluru,Bengaluru South,Mobile App,Cash on Delivery,Apparel,29,464.93,26.7,9883.02,36.9,1.0,5,1.947,Yes
MRD-100608,2025-08-28,C77210,Retail,Bengaluru,Bengaluru South,Mobile App,UPI,Beauty,2,656.65,5.0,1247.64,29.3,2.8,3,2.112,No
MRD-102958,2025-08-28,C26502,Corporate,Delhi NCR,Delhi NCR,Marketplace,UPI,Grocery,19,199.7,24.4,2868.49,2.9,4.7,4,2.607,No
MRD-101762,2025-08-28,C83329,Retail,Delhi NCR,Delhi NCR,Mobile App,UPI,Electronics,2,4701.95,10.0,8463.51,9.7,2.1,4,1.292,No
MRD-102379,2025-08-28,C56162,Retail,Mumbai,Mumbai West,Marketplace,Credit Card,Electronics,1,3019.42,5.0,2868.45,8.7,2.9,4,1.892,No
MRD-101437,2025-08-28,C93472,Retail,Mumbai,Mumbai West,Website,Cash on Delivery,Electronics,1,6692.23,10.0,6023.01,10.2,3.9,4,1.628,No
MRD-104104,2025-08-28,C92481,Retail,Mumbai,Mumbai West,Marketplace,UPI,Apparel,2,1169.84,0.0,2339.68,28.2,3.2,5,2.371,Yes
MRD-102391,2025-08-28,C65329,Retail,Bengaluru,Bengaluru South,Mobile App,Credit Card,Grocery,1,218.04,0.0,218.04,5.6,2.9,5,1.425,No
MRD-101193,2025-08-28,C55029,Retail,Bengaluru,Bengaluru South,Mobile App,UPI,Grocery,2,263.05,15.0,447.18,2.7,3.7,4,1.838,No
MRD-101486,2025-08-28,C14845,Retail,Delhi NCR,Delhi NCR,Website,Credit Card,Grocery,3,226.1,0.0,678.3,3.4,2.4,2,2.029,No
MRD-103877,2025-08-28,C30028,Retail,Mumbai,Mumbai West,Mobile App,UPI,Home & Kitchen,1,1611.95,5.0,1531.35,22.4,3.2,5,1.974,No
MRD-102389,2025-08-28,C80813,Retail,Mumbai,Mumbai West,Mobile App,Cash on Delivery,Grocery,2,254.03,20.0,406.45,3.2,3.6,4,2.188,No
MRD-100496,2025-08-28,C24199,Retail,Bengaluru,Bengaluru South,Mobile App,Credit Card,Electronics,1,5215.24,10.0,4693.72,5.2,22.1,1,1.642,Yes
MRD-104660,2025-08-28,C70047,Retail,Mumbai,Mumbai West,Website,Wallet,Grocery,2,174.2,0.0,348.4,4.4,3.0,1,2.126,No
MRD-104938,2025-08-28,C75767,Retail,Mumbai,Mumbai West,Marketplace,Credit Card,Electronics,3,2485.41,15.0,6337.8,7.2,3.1,2,2.048,No
MRD-100253,2025-08-29,C64318,Retail,Bengaluru,Bengaluru South,Mobile App,UPI,Grocery,3,117.21,20.0,281.3,3.4,1.0,1,2.049,No
MRD-104514,2025-08-29,C25834,Retail,Delhi NCR,Delhi NCR,Mobile App,UPI,Apparel,1,1032.34,0.0,1032.34,30.2,2.1,1,1.95,No
MRD-101724,2025-08-29,C98600,Retail,Mumbai,Mumbai West,Mobile App,Cash on Delivery,Home & Kitchen,2,1707.58,5.0,3244.4,19.7,3.0,4,1.881,No
MRD-100939,2025-08-29,C74123,Retail,Delhi NCR,Delhi NCR,Mobile App,UPI,Electronics,1,18351.25,0.0,18351.25,8.4,4.7,3,2.315,No
MRD-100300,2025-08-29,C79924,Retail,Bengaluru,Bengaluru South,Mobile App,Debit Card,Grocery,1,272.19,15.0,231.36,4.0,3.1,1,2.322,No
MRD-100721,2025-08-29,C29390,Retail,Bengaluru,Bengaluru South,Mobile App,Credit Card,Grocery,1,149.8,5.0,142.31,3.2,3.2,4,2.004,No
MRD-101575,2025-08-29,C82656,Retail,Bengaluru,Bengaluru South,Marketplace,Credit Card,Apparel,2,584.83,0.0,1169.66,40.0,2.7,4,1.495,No
MRD-103702,2025-08-29,C64093,Retail,Mumbai,Mumbai West,Website,Debit Card,Beauty,3,1065.82,10.0,2877.71,26.4,3.6,1,2.004,Yes
MRD-101537,2025-08-30,C48175,Retail,Mumbai,Mumbai West,Website,Credit Card,Grocery,2,349.6,15.0,594.32,3.9,2.5,4,2.347,No
MRD-101534,2025-08-30,C31105,Retail,Delhi NCR,Delhi NCR,Mobile App,Cash on Delivery,Electronics,2,2336.66,0.0,4673.32,6.6,1.0,4,1.901,No
MRD-102247,2025-08-30,C32316,Retail,Bengaluru,Bengaluru South,Website,Net Banking,Grocery,1,237.46,20.0,189.97,3.2,4.6,4,1.443,No
MRD-103208,2025-08-30,C70586,Retail,Delhi NCR,Delhi NCR,Marketplace,Cash on Delivery,Grocery,2,243.21,5.0,462.1,5.3,3.3,5,1.629,No
MRD-100940,2025-08-30,C29761,Retail,Bengaluru,Bengaluru South,Mobile App,Cash on Delivery,Apparel,1,2019.42,0.0,2019.42,23.5,3.7,3,1.235,No
MRD-100246,2025-08-30,C95557,Corporate,Bengaluru,Bengaluru South,Website,Credit Card,Home & Kitchen,27,1804.35,18.4,39753.44,12.3,3.7,5,1.214,No
MRD-102338,2025-08-30,C86887,Retail,Mumbai,Mumbai West,Marketplace,UPI,Electronics,2,3192.43,0.0,6384.86,11.1,3.2,5,1.845,No
MRD-104237,2025-08-30,C90098,Retail,Delhi NCR,Delhi NCR,Mobile App,UPI,Apparel,3,1309.86,0.0,3929.58,22.6,1.0,5,1.952,Yes
MRD-101052,2025-08-30,C82830,Retail,Delhi NCR,Delhi NCR,Mobile App,Wallet,Beauty,1,855.89,0.0,855.89,30.1,1.0,5,1.461,No
MRD-101987,2025-08-30,C20460,Retail,Mumbai,Mumbai West,Website,Credit Card,Beauty,3,1379.26,5.0,3930.89,31.2,3.1,4,2.63,No
MRD-102505,2025-08-30,C40374,Corporate,Bengaluru,Bengaluru South,Mobile App,Debit Card,Electronics,20,4307.23,9.1,78305.44,8.6,3.1,4,1.707,No
MRD-104060,2025-08-30,C59051,Retail,Delhi NCR,Delhi NCR,Mobile App,Credit Card,Apparel,4,756.71,10.0,2724.16,36.1,4.5,4,2.299,No
MRD-100265,2025-08-31,C46322,Retail,Delhi NCR,Delhi NCR,Marketplace,UPI,Beauty,2,653.61,10.0,1176.5,21.0,1.2,2,2.108,No
MRD-100488,2025-08-31,C15047,Retail,Bengaluru,Bengaluru South,Website,Debit Card,Home & Kitchen,2,2478.84,20.0,3966.14,11.3,4.0,2,2.09,No
MRD-103302,2025-08-31,C62207,Retail,Delhi NCR,Delhi NCR,Mobile App,UPI,Grocery,1,254.13,0.0,254.13,4.5,2.8,4,2.446,No
MRD-101175,2025-08-31,C74074,Retail,Mumbai,Mumbai West,Website,UPI,Apparel,2,1246.4,5.0,2368.16,34.8,3.3,3,2.815,Yes
MRD-101382,2025-08-31,C70911,Retail,Delhi NCR,Delhi NCR,Mobile App,Debit Card,Electronics,1,14063.23,0.0,14063.23,9.9,1.0,2,2.067,No
MRD-103506,2025-08-31,C60030,Retail,Delhi NCR,Delhi NCR,Mobile App,UPI,Grocery,2,217.46,0.0,434.92,5.7,1.5,4,1.694,No
MRD-100477,2025-08-31,C37715,Retail,Delhi NCR,Delhi NCR,Marketplace,UPI,Home & Kitchen,2,765.57,10.0,1378.03,21.4,2.6,5,1.839,No
MRD-102979,2025-08-31,C70454,Corporate,Mumbai,Mumbai West,Mobile App,UPI,Electronics,19,2533.39,8.1,44235.52,9.9,3.7,2,2.414,Yes
MRD-101925,2025-08-31,C56973,Retail,Mumbai,Mumbai West,Website,UPI,Grocery,5,276.93,15.0,1176.95,3.5,4.9,4,1.933,No
MRD-100936,2025-08-31,C38737,Retail,Mumbai,Mumbai West,Mobile App,Credit Card,Electronics,2,3558.13,5.0,6760.45,10.6,3.6,3,2.224,No
MRD-102734,2025-08-31,C14497,Retail,Bengaluru,Bengaluru South,Marketplace,Wallet,Apparel,3,1381.62,5.0,3937.62,32.7,1.2,5,1.491,No
MRD-100418,2025-08-31,C72821,Retail,Mumbai,Mumbai West,Mobile App,UPI,Grocery,1,204.6,10.0,184.14,2.6,3.3,5,1.653,No
MRD-103722,2025-09-01,C70708,Retail,Mumbai,Mumbai West,Marketplace,Cash on Delivery,Beauty,1,995.56,15.0,846.23,31.3,3.5,1,1.973,No
MRD-101850,2025-09-01,C39582,Retail,Delhi NCR,Delhi NCR,Mobile App,Debit Card,Apparel,1,1146.33,0.0,1146.33,25.0,20.8,1,2.023,No
MRD-104065,2025-09-01,C16615,Retail,Bengaluru,Bengaluru South,Website,UPI,Apparel,2,1065.09,0.0,2130.18,33.4,3.0,4,2.082,No
MRD-103894,2025-09-01,C76808,Retail,Mumbai,Mumbai West,Website,UPI,Electronics,2,4312.9,0.0,8625.8,6.5,2.1,1,1.975,Yes
MRD-102388,2025-09-01,C19820,Retail,Mumbai,Mumbai West,Marketplace,UPI,Grocery,3,162.48,20.0,389.95,2.5,4.2,4,1.562,No
MRD-101260,2025-09-01,C48182,Retail,Bengaluru,Bengaluru South,Marketplace,UPI,Electronics,2,3989.55,0.0,7979.1,8.6,3.6,1,2.346,Yes
MRD-101322,2025-09-01,C30357,Retail,Mumbai,Mumbai West,Website,UPI,Apparel,2,1290.46,0.0,2580.92,39.0,3.3,2,1.651,No
MRD-100116,2025-09-01,C76952,Retail,Delhi NCR,Delhi NCR,Website,Credit Card,Apparel,1,1042.25,20.0,833.8,34.1,1.0,4,1.913,No
MRD-103759,2025-09-01,C27990,Retail,Delhi NCR,Delhi NCR,Marketplace,UPI,Grocery,4,201.58,0.0,806.32,4.2,6.8,5,2.36,No
MRD-102978,2025-09-01,C94266,Retail,Bengaluru,Bengaluru South,Mobile App,UPI,Grocery,1,148.36,15.0,126.11,3.4,5.6,4,2.024,No
MRD-104244,2025-09-01,C37290,Retail,Bengaluru,Bengaluru South,Mobile App,Cash on Delivery,Beauty,2,905.87,10.0,1630.57,31.0,3.1,4,1.565,No
MRD-100584,2025-09-01,C88722,Retail,Delhi NCR,Delhi NCR,Website,UPI,Beauty,1,684.15,0.0,684.15,27.1,1.1,4,1.75,No
MRD-100753,2025-09-01,C16678,Retail,Mumbai,Mumbai West,Mobile App,Cash on Delivery,Apparel,1,847.75,0.0,847.75,40.1,3.1,2,2.353,Yes
MRD-100723,2025-09-01,C17464,Retail,Bengaluru,Bengaluru South,Mobile App,UPI,Home & Kitchen,3,1603.01,5.0,4568.58,17.5,1.0,2,1.804,No
MRD-100322,2025-09-02,C63844,Retail,Mumbai,Mumbai West,Website,Cash on Delivery,Grocery,1,253.93,15.0,215.84,2.4,4.8,4,2.098,No
MRD-104890,2025-09-02,C32813,Retail,Delhi NCR,Delhi NCR,Marketplace,Cash on Delivery,Electronics,1,4542.1,10.0,4087.89,11.0,1.3,5,1.331,No
MRD-104483,2025-09-02,C95710,Retail,Delhi NCR,Delhi NCR,Mobile App,Wallet,Home & Kitchen,2,2355.05,10.0,4239.09,22.4,1.0,3,2.35,No
MRD-102641,2025-09-02,C46956,Retail,Delhi NCR,Delhi NCR,Mobile App,UPI,Grocery,1,294.88,20.0,235.9,7.6,3.0,4,2.686,No
MRD-100365,2025-09-02,C97723,Retail,Delhi NCR,Delhi NCR,Website,Cash on Delivery,Home & Kitchen,3,1372.71,15.0,3500.41,15.4,1.0,4,1.254,No
MRD-100701,2025-09-02,C13180,Retail,Delhi NCR,Delhi NCR,Mobile App,UPI,Grocery,1,243.34,15.0,206.84,2.7,3.0,5,1.82,No
MRD-103500,2025-09-02,C34192,Retail,Bengaluru,Bengaluru South,Mobile App,Cash on Delivery,Grocery,1,291.97,5.0,277.37,3.2,4.1,2,2.321,No
MRD-100180,2025-09-02,C48851,Retail,Bengaluru,Bengaluru South,Website,Cash on Delivery,Home & Kitchen,1,2435.5,0.0,2435.5,13.7,2.2,5,2.303,No
MRD-104292,2025-09-02,C28637,Retail,Mumbai,Mumbai West,Mobile App,UPI,Beauty,1,448.69,15.0,381.39,18.7,4.0,5,1.539,No
MRD-103316,2025-09-02,C55054,Retail,Mumbai,Mumbai West,Website,UPI,Apparel,2,2347.61,0.0,4695.22,40.1,2.8,5,1.857,No
MRD-104420,2025-09-02,C69583,Retail,Mumbai,Mumbai West,Mobile App,Cash on Delivery,Beauty,3,694.55,0.0,2083.65,29.1,4.4,4,1.484,No
MRD-100602,2025-09-02,C18341,Retail,Bengaluru,Bengaluru South,Mobile App,Credit Card,Home & Kitchen,2,972.02,15.0,1652.43,17.0,5.4,1,1.849,No
MRD-102987,2025-09-02,C59885,Retail,Mumbai,Mumbai West,Website,Credit Card,Electronics,3,6556.78,5.0,18686.82,8.4,3.3,4,1.662,Yes
MRD-103741,2025-09-02,C35477,Retail,Mumbai,Mumbai West,Website,Credit Card,Electronics,1,2650.98,0.0,2650.98,10.1,3.8,5,2.147,No
MRD-102692,2025-09-02,C41579,Retail,Delhi NCR,Delhi NCR,Mobile App,UPI,Grocery,1,335.45,0.0,335.45,4.1,5.3,4,2.401,No
MRD-103446,2025-09-02,C81884,Retail,Delhi NCR,Delhi NCR,Website,Credit Card,Home & Kitchen,2,2478.97,5.0,4710.04,25.8,30.5,4,2.516,No
MRD-104503,2025-09-03,C23190,Retail,Delhi NCR,Delhi NCR,Mobile App,UPI,Home & Kitchen,1,2109.17,10.0,1898.25,20.7,6.2,2,2.526,No
MRD-100027,2025-09-03,C28819,Retail,Bengaluru,Bengaluru South,Mobile App,Credit Card,Electronics,2,2484.98,10.0,4472.96,7.9,6.9,5,2.251,No
MRD-101564,2025-09-03,C23768,Retail,Mumbai,Mumbai West,Website,Cash on Delivery,Grocery,2,165.35,0.0,330.7,4.1,3.9,3,2.166,No
MRD-104469,2025-09-03,C49628,Retail,Delhi NCR,Delhi NCR,Mobile App,Cash on Delivery,Grocery,2,225.61,0.0,451.22,2.9,5.1,4,1.1,No
MRD-104688,2025-09-03,C25353,Retail,Delhi NCR,Delhi NCR,Mobile App,UPI,Home & Kitchen,1,2811.05,0.0,2811.05,15.9,2.9,5,1.412,No
MRD-102716,2025-09-03,C76335,Retail,Bengaluru,Bengaluru South,Website,Debit Card,Beauty,1,832.27,0.0,832.27,16.2,3.6,4,1.215,No
MRD-104544,2025-09-03,C66236,Retail,Delhi NCR,Delhi NCR,Mobile App,UPI,Electronics,4,1984.23,0.0,7936.92,10.9,2.8,4,1.265,No
MRD-101541,2025-09-03,C39301,Retail,Mumbai,Mumbai West,Mobile App,UPI,Grocery,1,224.54,0.0,224.54,3.0,3.2,4,2.011,No
MRD-104265,2025-09-03,C12379,Retail,Delhi NCR,Delhi NCR,Mobile App,Credit Card,Grocery,2,253.81,0.0,507.62,2.4,1.0,2,1.503,No
MRD-104980,2025-09-03,C98904,Retail,Delhi NCR,Delhi NCR,Mobile App,Net Banking,Beauty,4,963.81,0.0,3855.24,25.8,2.4,2,1.251,Yes
MRD-100062,2025-09-03,C84589,Retail,Mumbai,Mumbai West,Mobile App,UPI,Apparel,1,809.61,0.0,809.61,35.8,3.6,1,1.989,Yes
MRD-103405,2025-09-03,C32965,Retail,Bengaluru,Bengaluru South,Mobile App,Cash on Delivery,Apparel,1,1195.54,5.0,1135.76,38.9,1.0,1,1.456,Yes
MRD-101371,2025-09-03,C26431,Retail,Mumbai,Mumbai West,Website,Net Banking,Electronics,3,4408.72,0.0,13226.16,5.0,2.5,4,1.856,No
MRD-101682,2025-09-03,C51386,Corporate,Bengaluru,Bengaluru South,Website,UPI,Electronics,31,460.85,16.8,11886.24,7.0,4.2,5,1.66,No
MRD-100056,2025-09-03,C60017,Retail,Bengaluru,Bengaluru South,Mobile App,Cash on Delivery,Electronics,2,2100.04,15.0,3570.07,7.0,2.2,2,1.735,Yes
MRD-104674,2025-09-03,C57484,Retail,Mumbai,Mumbai West,Mobile App,Net Banking,Grocery,4,338.15,0.0,1352.6,2.9,3.5,2,1.475,No
MRD-104064,2025-09-03,C69423,Retail,Bengaluru,Bengaluru South,Mobile App,Credit Card,Electronics,4,10291.79,10.0,37050.44,10.2,3.3,4,2.041,No
MRD-102314,2025-09-03,C37374,Retail,Delhi NCR,Delhi NCR,Mobile App,Credit Card,Apparel,1,2249.49,15.0,1912.07,29.3,3.8,5,1.97,No
MRD-101989,2025-09-04,C16963,Retail,Mumbai,Mumbai West,Marketplace,Debit Card,Grocery,3,179.48,0.0,538.44,6.7,2.8,4,1.421,No
MRD-101578,2025-09-04,C30350,Corporate,Delhi NCR,Delhi NCR,Mobile App,Cash on Delivery,Apparel,33,1472.95,9.7,43892.44,34.2,1.0,2,1.613,No
MRD-103614,2025-09-04,C66798,Corporate,Mumbai,Mumbai West,Mobile App,UPI,Grocery,25,194.46,24.9,3650.99,7.2,3.0,4,2.67,No
MRD-103424,2025-09-04,C83154,Retail,Delhi NCR,Delhi NCR,Mobile App,Debit Card,Beauty,2,706.45,0.0,1412.9,18.9,2.9,4,1.795,No
MRD-102576,2025-09-04,C17561,Retail,Bengaluru,Bengaluru South,Mobile App,Credit Card,Grocery,2,209.34,15.0,355.88,3.7,4.7,5,1.6,No
MRD-102072,2025-09-04,C79782,Retail,Mumbai,Mumbai West,Mobile App,Credit Card,Apparel,4,941.02,0.0,3764.08,30.0,3.4,4,1.889,No
MRD-102677,2025-09-04,C40093,Retail,Bengaluru,Bengaluru South,Mobile App,Debit Card,Grocery,1,292.3,10.0,263.07,3.7,6.9,5,1.928,No
MRD-100758,2025-09-04,C13244,Retail,Bengaluru,Bengaluru South,Marketplace,Credit Card,Electronics,3,6270.97,5.0,17872.26,6.7,1.8,4,1.063,No
MRD-102832,2025-09-04,C98557,Retail,Bengaluru,Bengaluru South,Website,UPI,Apparel,1,2044.04,10.0,1839.64,26.6,5.9,5,1.706,Yes
MRD-104833,2025-09-04,C50153,Retail,Bengaluru,Bengaluru South,Mobile App,Cash on Delivery,Electronics,1,5891.72,0.0,5891.72,8.0,1.1,5,1.423,No
MRD-101883,2025-09-04,C84303,Retail,Bengaluru,Bengaluru South,Mobile App,UPI,Home & Kitchen,3,2880.75,0.0,8642.25,20.7,1.5,3,1.906,No
MRD-100532,2025-09-04,C73228,Retail,Mumbai,Mumbai West,Mobile App,Cash on Delivery,Beauty,1,1106.7,10.0,996.03,21.9,3.2,5,2.196,No
MRD-100722,2025-09-04,C64581,Retail,Mumbai,Mumbai West,Mobile App,Credit Card,Electronics,2,2994.41,20.0,4791.06,8.0,3.1,4,1.496,No
MRD-104384,2025-09-04,C61499,Retail,Delhi NCR,Delhi NCR,Mobile App,Debit Card,Grocery,3,237.2,15.0,604.86,5.2,9.3,1,2.039,No
MRD-100917,2025-09-04,C72003,Retail,Delhi NCR,Delhi NCR,Website,UPI,Apparel,1,1592.4,20.0,1273.92,22.0,1.0,1,1.07,Yes
MRD-100342,2025-09-04,C63000,Retail,Bengaluru,Bengaluru South,Website,UPI,Grocery,2,156.86,0.0,313.72,3.1,4.0,2,2.081,No
MRD-103738,2025-09-05,C78427,Retail,Mumbai,Mumbai West,Marketplace,Credit Card,Electronics,1,3659.92,15.0,3110.93,9.0,3.3,1,1.662,No
MRD-104775,2025-09-05,C26479,Retail,Delhi NCR,Delhi NCR,Mobile App,UPI,Beauty,3,933.44,0.0,2800.32,25.5,2.8,4,1.981,No
MRD-101990,2025-09-05,C55544,Retail,Delhi NCR,Delhi NCR,Mobile App,Debit Card,Home & Kitchen,2,424.95,0.0,849.9,15.9,1.0,5,2.121,No
MRD-104974,2025-09-05,C19535,Retail,Bengaluru,Bengaluru South,Marketplace,Credit Card,Apparel,1,1570.16,15.0,1334.64,26.6,5.1,4,1.526,No
MRD-102907,2025-09-05,C89471,Retail,Mumbai,Mumbai West,Mobile App,UPI,Home & Kitchen,3,1124.7,10.0,3036.69,17.4,3.3,2,1.984,No
MRD-103361,2025-09-05,C98304,Retail,Mumbai,Mumbai West,Website,Debit Card,Electronics,1,4245.55,15.0,3608.72,9.6,3.4,3,2.69,No
MRD-102706,2025-09-05,C61537,Retail,Bengaluru,Bengaluru South,Mobile App,UPI,Beauty,2,541.06,5.0,1028.01,27.6,4.3,5,2.061,No
MRD-101487,2025-09-05,C31305,Corporate,Mumbai,Mumbai West,Mobile App,UPI,Home & Kitchen,33,1084.54,13.7,30886.61,18.9,3.2,5,2.02,No
MRD-100838,2025-09-05,C51076,Retail,Delhi NCR,Delhi NCR,Mobile App,Credit Card,Electronics,3,3349.88,0.0,10049.64,7.9,4.7,4,1.605,No
MRD-102799,2025-09-05,C96323,Retail,Delhi NCR,Delhi NCR,Website,UPI,Electronics,1,1885.51,20.0,1508.41,9.3,1.2,3,2.186,No
MRD-101565,2025-09-05,C73863,Retail,Bengaluru,Bengaluru South,Mobile App,Credit Card,Electronics,1,3584.51,0.0,3584.51,8.9,2.2,4,2.23,No
MRD-103498,2025-09-05,C46140,Retail,Mumbai,Mumbai West,Mobile App,Credit Card,Beauty,3,669.35,10.0,1807.24,25.9,3.4,3,1.165,No
MRD-100764,2025-09-05,C12677,Retail,Bengaluru,Bengaluru South,Mobile App,Credit Card,Electronics,2,4151.49,0.0,8302.98,6.8,3.4,3,2.619,No
MRD-103128,2025-09-05,C93190,Retail,Bengaluru,Bengaluru South,Mobile App,Net Banking,Apparel,2,906.15,0.0,1812.3,33.4,4.1,2,2.47,No
MRD-104465,2025-09-06,C64875,Retail,Bengaluru,Bengaluru South,Marketplace,Cash on Delivery,Beauty,1,536.08,0.0,536.08,28.1,1.0,4,2.551,No
MRD-101500,2025-09-06,C16203,Retail,Delhi NCR,Delhi NCR,Marketplace,Credit Card,Apparel,1,1689.12,20.0,1351.3,32.4,3.1,4,2.075,No
MRD-101735,2025-09-06,C18551,Retail,Bengaluru,Bengaluru South,Mobile App,Credit Card,Apparel,1,803.55,15.0,683.02,28.3,4.7,4,2.386,No
MRD-101634,2025-09-06,C24939,Retail,Bengaluru,Bengaluru South,Mobile App,Credit Card,Apparel,1,701.93,0.0,701.93,23.0,3.7,4,1.944,No
MRD-104643,2025-09-06,C12680,Retail,Mumbai,Mumbai West,Mobile App,UPI,Apparel,3,480.95,5.0,1370.71,21.0,3.3,5,0.99,No
MRD-100238,2025-09-06,C92654,Retail,Delhi NCR,Delhi NCR,Mobile App,Debit Card,Apparel,3,692.53,20.0,1662.07,29.2,2.2,5,1.892,No
MRD-101798,2025-09-06,C37064,Retail,Mumbai,Mumbai West,Website,Wallet,Grocery,2,185.52,5.0,352.49,3.0,3.5,5,1.592,No
MRD-104231,2025-09-06,C28268,Retail,Mumbai,Mumbai West,Mobile App,UPI,Electronics,3,9454.93,5.0,26946.55,6.3,3.1,4,1.175,No
MRD-104710,2025-09-06,C69364,Retail,Bengaluru,Bengaluru South,Website,Credit Card,Electronics,4,3537.23,5.0,13441.47,7.0,4.2,5,2.2,No
MRD-102159,2025-09-06,C31176,Retail,Bengaluru,Bengaluru South,Mobile App,Cash on Delivery,Home & Kitchen,3,959.46,5.0,2734.46,25.5,2.5,2,2.398,Yes
MRD-100535,2025-09-06,C24139,Retail,Delhi NCR,Delhi NCR,Mobile App,Credit Card,Home & Kitchen,2,2506.34,0.0,5012.68,19.5,2.7,3,1.605,No
MRD-102790,2025-09-06,C90031,Retail,Bengaluru,Bengaluru South,Mobile App,UPI,Home & Kitchen,1,1095.18,10.0,985.66,18.6,1.4,2,2.044,No
MRD-103709,2025-09-06,C42390,Retail,Mumbai,Mumbai West,Marketplace,UPI,Electronics,3,10457.11,0.0,31371.33,6.0,3.0,4,2.047,No
MRD-103551,2025-09-06,C46133,Retail,Bengaluru,Bengaluru South,Mobile App,Credit Card,Electronics,1,7669.38,10.0,6902.44,7.9,2.4,5,1.639,No
MRD-100138,2025-09-06,C45002,Retail,Delhi NCR,Delhi NCR,Mobile App,UPI,Grocery,2,213.35,0.0,426.7,3.0,3.8,5,2.526,No
MRD-102564,2025-09-07,C17848,Retail,Delhi NCR,Delhi NCR,Website,Cash on Delivery,Grocery,1,191.6,15.0,162.86,4.0,2.3,4,1.56,No
MRD-103824,2025-09-07,C15341,Retail,Bengaluru,Bengaluru South,Mobile App,Cash on Delivery,Grocery,4,237.09,20.0,758.69,6.5,2.3,4,1.684,No
MRD-102670,2025-09-07,C56028,Retail,Delhi NCR,Delhi NCR,Mobile App,Cash on Delivery,Electronics,2,5330.8,0.0,10661.6,11.5,4.3,4,2.427,No
MRD-101710,2025-09-07,C48284,Retail,Delhi NCR,Delhi NCR,Marketplace,UPI,Home & Kitchen,2,460.19,10.0,828.34,10.0,1.0,5,1.696,No
MRD-103957,2025-09-07,C56748,Retail,Delhi NCR,Delhi NCR,Website,UPI,Electronics,3,15613.7,0.0,46841.1,6.2,1.0,4,1.67,No
MRD-102754,2025-09-07,C47223,Retail,Delhi NCR,Delhi NCR,Website,UPI,Apparel,4,1769.77,0.0,7079.08,28.5,3.9,5,2.259,No
MRD-104487,2025-09-07,C30870,Retail,Bengaluru,Bengaluru South,Website,Cash on Delivery,Grocery,2,277.07,0.0,554.14,5.7,4.4,5,1.586,No
MRD-101834,2025-09-07,C85024,Retail,Delhi NCR,Delhi NCR,Mobile App,UPI,Grocery,1,179.49,20.0,143.59,2.7,1.0,2,1.592,No
MRD-104531,2025-09-08,C89445,Retail,Delhi NCR,Delhi NCR,Mobile App,Credit Card,Home & Kitchen,1,3707.22,0.0,3707.22,24.4,3.0,1,1.626,No
MRD-100168,2025-09-08,C35706,Retail,Mumbai,Mumbai West,Marketplace,Credit Card,Apparel,1,771.88,20.0,617.5,31.0,3.5,5,1.877,No
MRD-100746,2025-09-08,C37591,Retail,Mumbai,Mumbai West,Mobile App,UPI,Home & Kitchen,2,3796.26,5.0,7212.89,26.9,4.2,1,1.406,Yes
MRD-103079,2025-09-08,C62558,Retail,Mumbai,Mumbai West,Website,UPI,Home & Kitchen,2,1072.0,15.0,1822.4,16.7,3.0,3,1.931,No
MRD-102972,2025-09-08,C58560,Retail,Mumbai,Mumbai West,Mobile App,UPI,Home & Kitchen,1,790.87,10.0,711.78,24.2,3.3,5,1.512,Yes
MRD-102513,2025-09-08,C82816,Retail,Delhi NCR,Delhi NCR,Website,UPI,Apparel,5,574.37,0.0,2871.85,33.3,1.0,5,2.16,No
MRD-103087,2025-09-08,C98899,Retail,Bengaluru,Bengaluru South,Mobile App,Debit Card,Grocery,2,215.32,20.0,344.51,6.4,2.6,5,2.022,No
MRD-103110,2025-09-08,C14857,Retail,Bengaluru,Bengaluru South,Website,UPI,Beauty,2,935.28,10.0,1683.5,25.8,3.0,4,1.0,No
MRD-103807,2025-09-08,C87013,Retail,Bengaluru,Bengaluru South,Marketplace,Cash on Delivery,Home & Kitchen,1,1885.71,15.0,1602.85,25.4,5.6,3,1.58,No
MRD-103363,2025-09-08,C38774,Corporate,Bengaluru,Bengaluru South,Website,UPI,Electronics,34,4189.01,18.2,116504.75,8.8,3.4,4,2.298,No
MRD-100896,2025-09-08,C30721,Retail,Mumbai,Mumbai West,Mobile App,UPI,Grocery,1,329.29,15.0,279.9,3.3,3.7,4,1.743,No
MRD-103380,2025-09-08,C94551,Retail,Mumbai,Mumbai West,Mobile App,UPI,Home & Kitchen,2,3407.26,0.0,6814.52,10.9,4.0,4,2.039,No
MRD-101535,2025-09-08,C64572,Retail,Mumbai,Mumbai West,Mobile App,Cash on Delivery,Apparel,3,2236.31,20.0,5367.14,33.1,2.7,4,1.071,Yes
MRD-104319,2025-09-08,C39019,Retail,Mumbai,Mumbai West,Mobile App,Credit Card,Beauty,2,510.66,5.0,970.25,28.6,3.4,5,1.563,No
MRD-104117,2025-09-08,C45057,Retail,Mumbai,Mumbai West,Marketplace,UPI,Beauty,2,946.23,10.0,1703.21,25.4,3.3,4,2.03,No
MRD-101568,2025-09-08,C46869,Retail,Mumbai,Mumbai West,Mobile App,Credit Card,Apparel,3,3159.22,0.0,9477.66,36.7,3.9,4,1.913,No
MRD-100552,2025-09-09,C96385,Retail,Mumbai,Mumbai West,Mobile App,Wallet,Grocery,1,249.12,0.0,249.12,5.0,3.3,3,2.374,No
MRD-104455,2025-09-09,C62165,Retail,Mumbai,Mumbai West,Mobile App,Credit Card,Home & Kitchen,3,4311.9,10.0,11642.13,17.6,2.2,5,2.633,No
MRD-104915,2025-09-09,C31705,Retail,Delhi NCR,Delhi NCR,Mobile App,UPI,Home & Kitchen,2,2082.04,0.0,4164.08,11.1,1.1,3,2.293,No
MRD-104757,2025-09-09,C55131,Retail,Delhi NCR,Delhi NCR,Website,Net Banking,Apparel,3,577.99,0.0,1733.97,32.1,5.7,5,1.716,Yes
MRD-102510,2025-09-09,C32013,Retail,Bengaluru,Bengaluru South,Mobile App,Credit Card,Apparel,1,584.11,15.0,496.49,27.9,4.1,1,1.88,No
MRD-103565,2025-09-09,C76045,Retail,Bengaluru,Bengaluru South,Mobile App,Net Banking,Beauty,5,663.19,20.0,2652.76,26.8,4.5,5,2.918,No
MRD-101842,2025-09-09,C26411,Retail,Delhi NCR,Delhi NCR,Website,UPI,Grocery,1,315.52,0.0,315.52,6.5,2.2,5,1.234,No
MRD-103246,2025-09-09,C13599,Retail,Mumbai,Mumbai West,Mobile App,Credit Card,Apparel,2,471.32,20.0,754.11,36.2,3.9,4,1.961,No
MRD-101116,2025-09-10,C84805,Retail,Mumbai,Mumbai West,Marketplace,Debit Card,Apparel,1,738.85,5.0,701.91,32.0,3.5,3,1.827,No
MRD-101438,2025-09-10,C24888,Retail,Mumbai,Mumbai West,Mobile App,Net Banking,Apparel,1,853.93,5.0,811.23,29.7,3.0,2,2.374,No
MRD-100426,2025-09-10,C66624,Corporate,Bengaluru,Bengaluru South,Mobile App,Wallet,Grocery,29,304.82,16.9,7345.86,5.3,3.8,2,1.272,No
MRD-104843,2025-09-10,C94343,Corporate,Mumbai,Mumbai West,Marketplace,UPI,Beauty,36,664.9,14.4,20489.56,28.8,3.3,3,2.292,No
MRD-101520,2025-09-10,C27322,Retail,Mumbai,Mumbai West,Mobile App,UPI,Home & Kitchen,1,2721.7,5.0,2585.61,19.6,3.8,2,1.575,No
MRD-102582,2025-09-10,C61816,Retail,Mumbai,Mumbai West,Mobile App,Debit Card,Electronics,4,1216.88,15.0,4137.39,4.6,3.3,3,1.468,No
MRD-104492,2025-09-10,C95726,Retail,Bengaluru,Bengaluru South,Mobile App,Debit Card,Electronics,2,5180.43,0.0,10360.86,7.0,1.0,4,1.872,No
MRD-103452,2025-09-10,C43853,Retail,Bengaluru,Bengaluru South,Website,Credit Card,Electronics,1,3940.32,0.0,3940.32,10.4,2.7,5,1.905,No
MRD-103962,2025-09-10,C73318,Corporate,Bengaluru,Bengaluru South,Mobile App,UPI,Electronics,29,7842.64,18.0,186497.98,10.6,4.5,3,1.675,No
MRD-100286,2025-09-10,C20487,Retail,Delhi NCR,Delhi NCR,Mobile App,UPI,Beauty,1,738.48,15.0,627.71,24.1,1.0,4,2.45,No
MRD-104665,2025-09-11,C84199,Retail,Bengaluru,Bengaluru South,Marketplace,Wallet,Electronics,2,4976.58,20.0,7962.53,9.2,4.8,4,0.992,No
MRD-102328,2025-09-11,C63613,Corporate,Bengaluru,Bengaluru South,Mobile App,UPI,Electronics,25,7969.12,13.9,171535.31,9.5,2.6,4,1.431,No
MRD-101979,2025-09-11,C91334,Retail,Mumbai,Mumbai West,Mobile App,UPI,Home & Kitchen,1,3078.02,15.0,2616.32,15.1,3.6,5,2.131,No
MRD-104694,2025-09-11,C92529,Retail,Delhi NCR,Delhi NCR,Marketplace,Wallet,Electronics,2,17215.72,15.0,29266.72,10.4,1.0,3,1.777,No
MRD-100072,2025-09-11,C96231,Retail,Mumbai,Mumbai West,Marketplace,Credit Card,Apparel,2,390.9,5.0,742.71,28.3,2.4,5,2.326,No
MRD-103477,2025-09-11,C65643,Retail,Mumbai,Mumbai West,Marketplace,Credit Card,Grocery,2,245.63,0.0,491.26,5.7,3.6,2,2.346,No
MRD-103299,2025-09-11,C90667,Retail,Mumbai,Mumbai West,Website,UPI,Electronics,1,671.23,5.0,637.67,9.1,3.2,4,2.022,No
MRD-101876,2025-09-11,C99085,Retail,Mumbai,Mumbai West,Mobile App,Credit Card,Home & Kitchen,1,1048.18,15.0,890.95,17.7,2.8,4,1.748,No
MRD-103127,2025-09-11,C77469,Retail,Mumbai,Mumbai West,Mobile App,Debit Card,Electronics,1,3616.8,0.0,3616.8,7.8,3.1,2,1.719,No
MRD-104703,2025-09-11,C44304,Corporate,Mumbai,Mumbai West,Mobile App,UPI,Beauty,27,708.26,10.1,17191.59,28.9,4.0,1,2.173,No
MRD-104219,2025-09-11,C45353,Retail,Mumbai,Mumbai West,Website,UPI,Grocery,1,186.48,0.0,186.48,2.2,3.2,4,1.645,No
MRD-102337,2025-09-11,C69076,Retail,Mumbai,Mumbai West,Website,UPI,Apparel,2,2499.69,10.0,4499.44,19.9,2.4,5,2.315,No
MRD-104761,2025-09-11,C84557,Corporate,Bengaluru,Bengaluru South,Mobile App,Debit Card,Electronics,39,2006.83,20.6,62143.5,7.8,1.0,5,1.835,No
MRD-102189,2025-09-11,C42724,Retail,Mumbai,Mumbai West,Mobile App,Credit Card,Grocery,2,245.64,0.0,491.28,4.9,2.9,1,1.559,Yes
MRD-104540,2025-09-11,C62632,Retail,Bengaluru,Bengaluru South,Marketplace,Net Banking,Home & Kitchen,3,982.29,5.0,2799.53,18.4,3.8,1,2.662,No
MRD-103176,2025-09-11,C38932,Retail,Bengaluru,Bengaluru South,Marketplace,UPI,Grocery,1,157.13,0.0,157.13,3.8,4.0,5,1.925,No
MRD-103628,2025-09-12,C67667,Retail,Delhi NCR,Delhi NCR,Mobile App,Cash on Delivery,Electronics,1,2038.6,20.0,1630.88,6.6,3.5,4,2.478,No
MRD-102086,2025-09-12,C39252,Retail,Mumbai,Mumbai West,Website,UPI,Apparel,2,1364.8,5.0,2593.12,37.9,3.5,1,1.77,No
MRD-103504,2025-09-12,C69533,Retail,Delhi NCR,Delhi NCR,Website,Cash on Delivery,Home & Kitchen,2,1096.39,0.0,2192.78,15.2,10.8,2,1.658,No
MRD-103217,2025-09-12,C98052,Retail,Delhi NCR,Delhi NCR,Mobile App,Cash on Delivery,Electronics,3,3621.18,5.0,10320.36,5.0,8.9,1,1.484,No
MRD-102671,2025-09-12,C97376,Retail,Delhi NCR,Delhi NCR,Website,Debit Card,Home & Kitchen,3,1667.53,10.0,4502.33,20.4,4.0,4,1.845,No
MRD-101010,2025-09-12,C23948,Retail,Delhi NCR,Delhi NCR,Marketplace,Cash on Delivery,Electronics,3,1164.9,0.0,3494.7,4.1,1.0,1,2.27,Yes
MRD-103134,2025-09-12,C15887,Retail,Mumbai,Mumbai West,Mobile App,Credit Card,Apparel,1,1503.74,15.0,1278.18,35.0,4.0,5,2.028,No
MRD-102733,2025-09-12,C93121,Retail,Bengaluru,Bengaluru South,Website,Net Banking,Electronics,3,6174.25,0.0,18522.75,8.8,3.2,3,1.762,No
MRD-104486,2025-09-12,C40266,Retail,Mumbai,Mumbai West,Marketplace,UPI,Grocery,1,150.76,0.0,150.76,5.7,3.9,4,1.065,No
MRD-102305,2025-09-12,C18956,Retail,Bengaluru,Bengaluru South,Mobile App,Cash on Delivery,Home & Kitchen,1,2789.66,20.0,2231.73,14.8,1.2,5,1.833,No
MRD-104170,2025-09-12,C83145,Retail,Mumbai,Mumbai West,Mobile App,Credit Card,Electronics,3,1592.18,0.0,4776.54,4.7,3.5,4,0.967,Yes
MRD-102172,2025-09-12,C51498,Retail,Mumbai,Mumbai West,Marketplace,Credit Card,Apparel,4,915.65,20.0,2930.08,27.7,3.5,2,1.249,No
MRD-101566,2025-09-12,C99872,Retail,Bengaluru,Bengaluru South,Mobile App,Cash on Delivery,Apparel,1,918.57,20.0,734.86,27.6,2.3,5,1.62,No
MRD-100699,2025-09-13,C16652,Retail,Bengaluru,Bengaluru South,Mobile App,UPI,Electronics,1,2653.81,0.0,2653.81,5.1,2.5,5,1.783,No
MRD-103171,2025-09-13,C38163,Retail,Delhi NCR,Delhi NCR,Mobile App,UPI,Home & Kitchen,1,1382.81,0.0,1382.81,20.5,2.6,5,2.166,No
MRD-101728,2025-09-13,C83292,Retail,Delhi NCR,Delhi NCR,Mobile App,Credit Card,Apparel,3,685.55,0.0,2056.65,32.1,1.0,4,1.172,Yes
MRD-100605,2025-09-13,C33555,Retail,Bengaluru,Bengaluru South,Marketplace,Cash on Delivery,Home & Kitchen,1,2441.47,20.0,1953.18,19.8,3.7,4,1.339,No
MRD-102081,2025-09-13,C64371,Retail,Delhi NCR,Delhi NCR,Mobile App,UPI,Electronics,2,5621.15,0.0,11242.3,5.7,1.0,5,1.568,No
MRD-101035,2025-09-13,C73213,Retail,Bengaluru,Bengaluru South,Mobile App,Credit Card,Home & Kitchen,1,1294.82,15.0,1100.6,20.5,2.7,5,1.773,No
MRD-101288,2025-09-13,C27742,Retail,Mumbai,Mumbai West,Mobile App,Credit Card,Apparel,3,1508.5,5.0,4299.22,44.1,3.8,5,1.47,No
MRD-101145,2025-09-13,C94014,Retail,Mumbai,Mumbai West,Mobile App,Net Banking,Electronics,1,8610.8,20.0,6888.64,8.1,2.7,4,1.785,Yes
MRD-102785,2025-09-13,C39685,Corporate,Mumbai,Mumbai West,Marketplace,UPI,Grocery,27,144.61,25.2,2920.54,5.4,3.5,3,2.514,No
MRD-100598,2025-09-13,C13916,Retail,Delhi NCR,Delhi NCR,Mobile App,Credit Card,Apparel,2,1575.85,20.0,2521.36,23.7,1.0,4,2.191,No
MRD-102913,2025-09-13,C26332,Retail,Mumbai,Mumbai West,Mobile App,Debit Card,Apparel,1,998.1,10.0,898.29,28.0,3.4,1,1.585,No
MRD-100534,2025-09-13,C18969,Retail,Mumbai,Mumbai West,Mobile App,Wallet,Grocery,2,267.29,15.0,454.39,3.4,2.8,5,2.736,No
MRD-104227,2025-09-13,C83686,Corporate,Bengaluru,Bengaluru South,Mobile App,Cash on Delivery,Electronics,24,13795.22,16.6,276125.12,7.8,2.2,1,1.576,No
MRD-102216,2025-09-13,C18816,Retail,Mumbai,Mumbai West,Website,Credit Card,Electronics,1,7918.55,0.0,7918.55,7.4,3.3,5,1.997,No
MRD-103121,2025-09-13,C41605,Retail,Bengaluru,Bengaluru South,Website,UPI,Grocery,2,227.13,0.0,454.26,2.4,2.7,4,2.083,No
MRD-101606,2025-09-13,C45650,Retail,Bengaluru,Bengaluru South,Website,UPI,Grocery,2,218.84,10.0,393.91,3.0,2.7,1,1.846,No
MRD-103170,2025-09-14,C73507,Retail,Bengaluru,Bengaluru South,Marketplace,Credit Card,Grocery,2,242.95,0.0,485.9,5.3,4.0,5,1.96,No
MRD-102190,2025-09-14,C43757,Corporate,Bengaluru,Bengaluru South,Website,UPI,Grocery,28,253.66,11.7,6271.49,2.5,3.6,5,1.173,No
MRD-102921,2025-09-14,C24484,Retail,Delhi NCR,Delhi NCR,Mobile App,UPI,Grocery,3,227.63,0.0,682.89,3.5,3.8,4,1.814,No
MRD-101956,2025-09-14,C66528,Retail,Bengaluru,Bengaluru South,Mobile App,Credit Card,Grocery,3,156.63,15.0,399.41,1.7,4.6,5,2.539,No
MRD-103289,2025-09-14,C66169,Retail,Delhi NCR,Delhi NCR,Mobile App,UPI,Beauty,2,471.81,0.0,943.62,23.4,5.9,4,1.757,No
MRD-104484,2025-09-14,C75255,Retail,Mumbai,Mumbai West,Website,Credit Card,Beauty,1,504.99,5.0,479.74,24.0,3.2,4,2.215,No
MRD-101311,2025-09-14,C53251,Retail,Bengaluru,Bengaluru South,Website,UPI,Apparel,3,1363.62,15.0,3477.23,27.6,2.9,5,2.285,No
MRD-103375,2025-09-15,C83094,Retail,Bengaluru,Bengaluru South,Marketplace,UPI,Grocery,1,249.16,20.0,199.33,4.8,2.2,1,1.597,No
MRD-102975,2025-09-15,C87366,Retail,Delhi NCR,Delhi NCR,Website,UPI,Grocery,2,217.88,10.0,392.18,4.4,1.0,2,2.102,No
MRD-102211,2025-09-15,C84249,Retail,Mumbai,Mumbai West,Mobile App,Credit Card,Apparel,1,692.04,0.0,692.04,33.1,3.5,3,1.308,No
MRD-102339,2025-09-15,C96669,Retail,Delhi NCR,Delhi NCR,Mobile App,UPI,Home & Kitchen,1,1479.2,15.0,1257.32,20.2,4.3,1,1.837,Yes
MRD-101638,2025-09-15,C29900,Retail,Mumbai,Mumbai West,Mobile App,UPI,Home & Kitchen,1,901.37,20.0,721.1,18.4,3.5,4,2.093,No
MRD-104146,2025-09-15,C25479,Retail,Delhi NCR,Delhi NCR,Mobile App,Debit Card,Grocery,1,202.4,0.0,202.4,3.2,2.1,5,1.403,Yes
MRD-100686,2025-09-15,C61703,Corporate,Bengaluru,Bengaluru South,Mobile App,UPI,Grocery,32,284.66,9.8,8216.43,2.6,1.3,3,1.52,No
MRD-104040,2025-09-15,C75149,Retail,Mumbai,Mumbai West,Website,Wallet,Apparel,5,895.8,20.0,3583.2,23.1,2.6,2,0.577,No
MRD-102402,2025-09-15,C93405,Retail,Mumbai,Mumbai West,Mobile App,Credit Card,Home & Kitchen,2,2057.89,20.0,3292.62,19.0,2.4,1,2.051,Yes
MRD-103218,2025-09-15,C78370,Retail,Bengaluru,Bengaluru South,Marketplace,UPI,Electronics,2,2581.92,0.0,5163.84,7.9,1.7,1,0.946,No
MRD-102906,2025-09-15,C16639,Retail,Mumbai,Mumbai West,Mobile App,Cash on Delivery,Apparel,1,553.83,10.0,498.45,30.8,3.2,4,1.346,No
MRD-100196,2025-09-15,C86997,Retail,Bengaluru,Bengaluru South,Mobile App,UPI,Electronics,1,5850.48,0.0,5850.48,12.2,4.2,4,2.6,No
MRD-102009,2025-09-15,C68693,Retail,Delhi NCR,Delhi NCR,Mobile App,UPI,Electronics,2,10469.31,20.0,16750.9,7.5,3.2,5,1.473,No
MRD-100234,2025-09-15,C74651,Retail,Mumbai,Mumbai West,Mobile App,Debit Card,Apparel,1,2443.88,20.0,1955.1,34.1,3.6,4,1.832,Yes
MRD-103623,2025-09-15,C63124,Retail,Mumbai,Mumbai West,Website,Cash on Delivery,Apparel,2,1988.27,10.0,3578.89,32.9,2.5,2,1.363,Yes
MRD-101756,2025-09-16,C57940,Retail,Bengaluru,Bengaluru South,Mobile App,Credit Card,Home & Kitchen,1,3810.52,10.0,3429.47,18.3,2.0,5,1.985,No
MRD-104618,2025-09-16,C12936,Retail,Mumbai,Mumbai West,Marketplace,UPI,Apparel,1,990.0,15.0,841.5,39.1,3.3,5,1.155,No
MRD-102349,2025-09-16,C95730,Corporate,Bengaluru,Bengaluru South,Mobile App,UPI,Apparel,25,1337.73,10.2,30032.04,27.1,3.7,4,2.286,No
MRD-102352,2025-09-16,C67275,Retail,Bengaluru,Bengaluru South,Website,Debit Card,Home & Kitchen,1,1116.88,20.0,893.5,16.5,1.0,4,1.172,No
MRD-102208,2025-09-16,C92043,Retail,Mumbai,Mumbai West,Mobile App,UPI,Apparel,2,417.21,0.0,834.42,38.1,3.0,2,2.002,Yes
MRD-101209,2025-09-16,C42964,Retail,Bengaluru,Bengaluru South,Mobile App,Credit Card,Home & Kitchen,2,1040.32,5.0,1976.61,20.1,3.3,5,2.286,No
MRD-103183,2025-09-16,C16996,Corporate,Delhi NCR,Delhi NCR,Marketplace,Cash on Delivery,Apparel,28,659.28,11.4,16355.42,30.7,1.0,5,1.853,No
MRD-101372,2025-09-16,C41729,Retail,Mumbai,Mumbai West,Mobile App,Net Banking,Grocery,1,171.25,5.0,162.69,3.1,3.5,5,1.824,No
MRD-101963,2025-09-16,C40646,Retail,Delhi NCR,Delhi NCR,Marketplace,UPI,Apparel,3,988.36,5.0,2816.83,28.7,1.0,5,1.881,No
MRD-101192,2025-09-16,C82007,Retail,Bengaluru,Bengaluru South,Mobile App,Wallet,Electronics,2,8888.82,0.0,17777.64,7.4,3.6,3,1.6,No
MRD-103117,2025-09-16,C94548,Retail,Delhi NCR,Delhi NCR,Website,Credit Card,Home & Kitchen,1,1787.37,0.0,1787.37,19.5,1.4,3,1.885,No
MRD-101942,2025-09-16,C12022,Retail,Bengaluru,Bengaluru South,Mobile App,UPI,Apparel,1,1380.67,20.0,1104.54,29.6,2.4,5,1.052,No
MRD-100797,2025-09-17,C55975,Retail,Delhi NCR,Delhi NCR,Website,Debit Card,Grocery,2,153.46,0.0,306.92,2.0,4.1,4,2.105,No
MRD-104721,2025-09-17,C12010,Retail,Delhi NCR,Delhi NCR,Mobile App,Cash on Delivery,Apparel,4,1498.36,10.0,5394.1,36.7,5.3,5,1.679,No
MRD-102911,2025-09-17,C17477,Retail,Mumbai,Mumbai West,Mobile App,Credit Card,Electronics,2,13545.28,5.0,25736.03,8.5,3.3,2,1.781,No
MRD-100871,2025-09-17,C70928,Retail,Mumbai,Mumbai West,Mobile App,Cash on Delivery,Electronics,2,5280.06,10.0,9504.11,5.7,3.7,4,1.741,No
MRD-103418,2025-09-17,C88463,Retail,Bengaluru,Bengaluru South,Mobile App,Cash on Delivery,Electronics,1,5861.3,20.0,4689.04,5.2,1.4,5,1.743,No
MRD-100024,2025-09-17,C93339,Retail,Bengaluru,Bengaluru South,Mobile App,UPI,Home & Kitchen,1,1810.31,20.0,1448.25,16.0,3.4,2,1.833,Yes
MRD-103470,2025-09-17,C99795,Retail,Bengaluru,Bengaluru South,Website,Wallet,Electronics,2,12158.66,15.0,20669.72,11.0,5.3,5,1.401,No
MRD-102481,2025-09-17,C91985,Retail,Mumbai,Mumbai West,Mobile App,Debit Card,Home & Kitchen,1,2204.96,5.0,2094.71,19.9,2.5,1,1.138,No
MRD-104768,2025-09-17,C11471,Retail,Bengaluru,Bengaluru South,Mobile App,Cash on Delivery,Electronics,2,2054.77,0.0,4109.54,8.5,4.8,3,1.312,Yes
MRD-102503,2025-09-17,C93502,Retail,Mumbai,Mumbai West,Marketplace,Credit Card,Beauty,1,473.18,0.0,473.18,25.5,2.7,4,1.988,No
MRD-101045,2025-09-17,C24921,Retail,Mumbai,Mumbai West,Mobile App,UPI,Beauty,1,676.14,15.0,574.72,28.1,2.4,5,1.857,No
MRD-101732,2025-09-17,C89204,Retail,Bengaluru,Bengaluru South,Mobile App,UPI,Grocery,1,206.55,15.0,175.57,3.0,3.6,4,2.174,No
MRD-102718,2025-09-17,C24999,Retail,Mumbai,Mumbai West,Mobile App,Cash on Delivery,Home & Kitchen,3,1794.92,0.0,5384.76,17.2,4.0,4,1.939,No
MRD-102063,2025-09-18,C37033,Retail,Delhi NCR,Delhi NCR,Mobile App,Wallet,Home & Kitchen,1,1254.77,20.0,1003.82,23.1,1.5,5,1.201,No
MRD-102939,2025-09-18,C48665,Retail,Mumbai,Mumbai West,Website,Credit Card,Grocery,3,278.31,20.0,667.94,4.2,2.9,4,1.363,No
MRD-100716,2025-09-18,C31086,Retail,Bengaluru,Bengaluru South,Mobile App,UPI,Electronics,2,5127.36,5.0,9741.98,7.0,3.6,4,1.853,No
MRD-104284,2025-09-18,C38271,Retail,Bengaluru,Bengaluru South,Website,UPI,Electronics,1,3333.5,0.0,3333.5,7.5,3.4,5,2.122,Yes
MRD-100192,2025-09-18,C88356,Retail,Mumbai,Mumbai West,Mobile App,Cash on Delivery,Apparel,3,1607.77,20.0,3858.65,26.5,3.6,5,1.873,No
MRD-103708,2025-09-18,C95342,Retail,Bengaluru,Bengaluru South,Mobile App,Cash on Delivery,Home & Kitchen,2,2047.39,0.0,4094.78,22.6,1.0,5,1.311,No
MRD-103828,2025-09-18,C17381,Retail,Mumbai,Mumbai West,Website,Credit Card,Grocery,1,198.28,5.0,188.37,5.2,3.3,5,2.013,No
MRD-104557,2025-09-18,C24036,Retail,Bengaluru,Bengaluru South,Mobile App,UPI,Grocery,1,138.58,0.0,138.58,3.4,2.8,5,2.119,No
MRD-101441,2025-09-18,C58931,Retail,Bengaluru,Bengaluru South,Marketplace,Net Banking,Grocery,2,321.81,15.0,547.08,5.9,3.7,5,1.919,No
MRD-104404,2025-09-18,C59998,Retail,Bengaluru,Bengaluru South,Marketplace,Debit Card,Apparel,1,739.17,20.0,591.34,31.3,3.0,3,1.906,No
MRD-102292,2025-09-18,C88051,Retail,Delhi NCR,Delhi NCR,Mobile App,Wallet,Home & Kitchen,1,505.34,0.0,505.34,25.3,16.7,1,2.11,No
MRD-104508,2025-09-19,C90975,Retail,Mumbai,Mumbai West,Marketplace,UPI,Beauty,1,461.89,15.0,392.61,34.7,3.3,4,2.159,No
MRD-102144,2025-09-19,C52585,Corporate,Bengaluru,Bengaluru South,Marketplace,Cash on Delivery,Grocery,30,199.8,23.2,4603.39,3.4,3.6,4,1.401,Yes
MRD-101342,2025-09-19,C78379,Retail,Mumbai,Mumbai West,Website,Cash on Delivery,Grocery,2,296.83,5.0,563.98,3.6,2.4,2,1.4,Yes
MRD-101081,2025-09-19,C28721,Retail,Mumbai,Mumbai West,Marketplace,Credit Card,Apparel,1,1073.12,20.0,858.5,30.8,3.1,5,1.708,Yes
MRD-101915,2025-09-19,C32178,Retail,Delhi NCR,Delhi NCR,Mobile App,Credit Card,Home & Kitchen,2,2733.87,0.0,5467.74,14.3,4.3,2,1.509,No
MRD-100861,2025-09-19,C40861,Retail,Mumbai,Mumbai West,Mobile App,Debit Card,Beauty,1,853.1,20.0,682.48,20.6,2.4,4,2.079,No
MRD-100819,2025-09-19,C57679,Retail,Bengaluru,Bengaluru South,Website,UPI,Beauty,4,932.79,0.0,3731.16,24.3,4.0,4,1.767,No
MRD-100132,2025-09-19,C27861,Corporate,Delhi NCR,Delhi NCR,Mobile App,UPI,Grocery,26,299.38,9.2,7067.76,4.3,3.5,4,2.092,No
MRD-101234,2025-09-19,C45896,Retail,Bengaluru,Bengaluru South,Website,Cash on Delivery,Grocery,1,266.32,20.0,213.06,0.9,4.4,1,1.614,Yes
MRD-100370,2025-09-19,C73711,Retail,Delhi NCR,Delhi NCR,Mobile App,Net Banking,Home & Kitchen,3,1354.07,5.0,3859.1,27.0,3.5,5,1.912,No
MRD-102887,2025-09-19,C91869,Retail,Delhi NCR,Delhi NCR,Mobile App,Wallet,Grocery,2,125.62,0.0,251.24,3.3,1.1,1,2.133,No
MRD-101577,2025-09-19,C61417,Corporate,Bengaluru,Bengaluru South,Mobile App,Net Banking,Home & Kitchen,31,2873.08,13.7,76863.51,14.2,7.1,4,1.924,No
MRD-102204,2025-09-19,C31146,Retail,Delhi NCR,Delhi NCR,Mobile App,UPI,Electronics,1,1158.82,0.0,1158.82,10.8,6.0,5,1.102,No
MRD-102954,2025-09-19,C47196,Retail,Mumbai,Mumbai West,Mobile App,Credit Card,Apparel,1,591.27,0.0,591.27,24.5,3.5,5,2.205,No
MRD-101885,2025-09-20,C26956,Retail,Mumbai,Mumbai West,Mobile App,UPI,Grocery,2,251.07,0.0,502.14,3.6,3.1,1,0.851,No
MRD-102604,2025-09-20,C23626,Retail,Mumbai,Mumbai West,Mobile App,UPI,Home & Kitchen,2,2488.93,5.0,4728.97,20.0,4.2,3,2.086,No
MRD-101962,2025-09-20,C47113,Retail,Mumbai,Mumbai West,Website,Net Banking,Apparel,2,1443.41,20.0,2309.46,24.0,3.2,3,2.197,No
MRD-100665,2025-09-20,C94227,Retail,Bengaluru,Bengaluru South,Mobile App,UPI,Electronics,1,4408.66,10.0,3967.79,6.4,6.0,5,1.468,No
MRD-101072,2025-09-20,C84415,Retail,Mumbai,Mumbai West,Mobile App,Cash on Delivery,Beauty,1,1023.9,20.0,819.12,29.2,3.0,3,1.083,No
MRD-102767,2025-09-20,C53214,Retail,Mumbai,Mumbai West,Mobile App,UPI,Apparel,3,1240.27,0.0,3720.81,26.7,3.8,1,1.16,Yes
MRD-102723,2025-09-20,C13130,Retail,Mumbai,Mumbai West,Mobile App,Net Banking,Home & Kitchen,3,1240.01,0.0,3720.03,22.6,3.0,2,1.652,No
MRD-102146,2025-09-20,C17622,Retail,Mumbai,Mumbai West,Mobile App,UPI,Electronics,2,12362.75,5.0,23489.22,9.8,3.4,4,2.523,No
MRD-104271,2025-09-20,C37936,Retail,Mumbai,Mumbai West,Mobile App,Credit Card,Apparel,1,1988.13,0.0,1988.13,32.8,2.8,4,2.438,No
MRD-100514,2025-09-20,C32706,Corporate,Mumbai,Mumbai West,Mobile App,Credit Card,Apparel,18,1397.0,13.2,21826.73,34.8,3.8,1,1.656,No
MRD-101031,2025-09-20,C70575,Retail,Mumbai,Mumbai West,Mobile App,Debit Card,Beauty,2,407.56,0.0,815.12,22.7,2.5,5,2.07,No
MRD-101750,2025-09-20,C97078,Retail,Delhi NCR,Delhi NCR,Website,UPI,Apparel,2,1766.21,0.0,3532.42,25.8,2.8,1,1.645,No
MRD-104839,2025-09-20,C48682,Retail,Delhi NCR,Delhi NCR,Mobile App,Credit Card,Electronics,4,6809.82,0.0,27239.28,7.2,6.5,5,1.873,No
MRD-100511,2025-09-20,C61315,Retail,Bengaluru,Bengaluru South,Website,UPI,Grocery,1,281.13,5.0,267.07,5.7,5.3,4,1.688,No
MRD-102660,2025-09-20,C44452,Retail,Mumbai,Mumbai West,Website,UPI,Home & Kitchen,1,2298.16,0.0,2298.16,21.8,4.1,4,1.963,No
MRD-104338,2025-09-20,C23685,Corporate,Mumbai,Mumbai West,Mobile App,UPI,Electronics,21,5785.86,27.4,88211.22,8.2,3.4,5,1.325,No
MRD-101295,2025-09-20,C77571,Retail,Bengaluru,Bengaluru South,Mobile App,Credit Card,Grocery,2,219.03,0.0,438.06,2.3,2.8,4,2.129,No
MRD-100269,2025-09-20,C97510,Retail,Delhi NCR,Delhi NCR,Website,Credit Card,Grocery,3,223.75,0.0,671.25,3.9,1.1,5,2.118,No
MRD-101740,2025-09-20,C23854,Retail,Bengaluru,Bengaluru South,Website,UPI,Grocery,2,173.54,10.0,312.37,1.2,2.7,2,1.537,No
MRD-101800,2025-09-20,C58863,Retail,Bengaluru,Bengaluru South,Website,Credit Card,Apparel,3,2329.48,10.0,6289.6,34.6,3.2,4,2.231,No
MRD-100523,2025-09-21,C96611,Retail,Mumbai,Mumbai West,Website,UPI,Electronics,2,4374.12,0.0,8748.24,7.9,4.0,5,1.899,No
MRD-102752,2025-09-21,C52386,Retail,Bengaluru,Bengaluru South,Website,UPI,Grocery,2,191.31,20.0,306.1,5.5,4.6,5,2.156,No
MRD-103066,2025-09-21,C33966,Retail,Mumbai,Mumbai West,Mobile App,Cash on Delivery,Beauty,2,789.66,5.0,1500.35,35.3,3.0,2,2.175,No
MRD-100574,2025-09-21,C25055,Retail,Delhi NCR,Delhi NCR,Mobile App,Credit Card,Apparel,2,1135.39,0.0,2270.78,33.7,2.9,4,0.859,Yes
MRD-100443,2025-09-21,C80681,Retail,Delhi NCR,Delhi NCR,Marketplace,Credit Card,Grocery,1,145.53,0.0,145.53,3.7,1.7,4,2.012,No
MRD-102456,2025-09-21,C55903,Retail,Mumbai,Mumbai West,Mobile App,UPI,Electronics,1,16692.61,20.0,13354.09,6.6,3.0,2,2.051,No
MRD-100353,2025-09-21,C32869,Retail,Delhi NCR,Delhi NCR,Website,UPI,Home & Kitchen,3,1104.94,0.0,3314.82,14.8,2.9,5,1.653,No
MRD-102111,2025-09-21,C70915,Retail,Bengaluru,Bengaluru South,Mobile App,Net Banking,Apparel,6,1090.39,5.0,6215.22,29.5,1.9,4,0.799,No
MRD-101263,2025-09-21,C89615,Retail,Bengaluru,Bengaluru South,Mobile App,Net Banking,Grocery,1,236.01,0.0,236.01,3.1,3.5,3,1.324,No
MRD-101266,2025-09-22,C79995,Retail,Bengaluru,Bengaluru South,Website,Wallet,Grocery,2,185.95,0.0,371.9,1.3,5.0,5,1.647,No
MRD-101202,2025-09-22,C32434,Retail,Delhi NCR,Delhi NCR,Mobile App,UPI,Grocery,2,186.18,20.0,297.89,4.8,2.0,3,2.167,No
MRD-104577,2025-09-22,C75302,Retail,Delhi NCR,Delhi NCR,Mobile App,Cash on Delivery,Home & Kitchen,3,1492.22,0.0,4476.66,16.8,3.1,5,1.29,No
MRD-104061,2025-09-22,C13803,Corporate,Mumbai,Mumbai West,Website,Debit Card,Home & Kitchen,19,940.68,16.6,14906.02,13.4,3.8,5,1.909,No
MRD-104716,2025-09-22,C64055,Corporate,Bengaluru,Bengaluru South,Website,Credit Card,Electronics,27,6465.59,19.3,140878.74,8.3,4.2,5,2.86,No
MRD-104000,2025-09-22,C91190,Retail,Mumbai,Mumbai West,Mobile App,UPI,Grocery,1,164.11,20.0,131.29,5.8,2.6,5,2.041,No
MRD-102382,2025-09-22,C24848,Corporate,Mumbai,Mumbai West,Mobile App,Credit Card,Beauty,24,1145.84,9.5,24887.64,22.3,3.6,5,2.438,No
MRD-102059,2025-09-22,C64635,Retail,Bengaluru,Bengaluru South,Mobile App,Debit Card,Apparel,3,916.49,0.0,2749.47,27.8,1.1,4,1.261,No
MRD-104607,2025-09-22,C14837,Corporate,Mumbai,Mumbai West,Website,Net Banking,Electronics,38,3078.7,26.5,85988.09,6.8,3.3,4,1.877,Yes
MRD-102959,2025-09-23,C74016,Retail,Bengaluru,Bengaluru South,Mobile App,Cash on Delivery,Electronics,2,8625.99,10.0,15526.78,12.7,5.0,4,2.228,Yes
MRD-100869,2025-09-23,C96221,Retail,Bengaluru,Bengaluru South,Mobile App,UPI,Grocery,2,262.56,0.0,525.12,6.2,2.9,1,1.546,No
MRD-103157,2025-09-23,C91938,Retail,Bengaluru,Bengaluru South,Mobile App,UPI,Beauty,2,677.07,0.0,1354.14,26.1,3.3,2,2.001,No
MRD-103133,2025-09-23,C97007,Retail,Delhi NCR,Delhi NCR,Mobile App,UPI,Apparel,2,610.13,20.0,976.21,28.3,2.4,2,1.543,No
MRD-101774,2025-09-23,C80428,Retail,Bengaluru,Bengaluru South,Mobile App,UPI,Apparel,3,705.22,0.0,2115.66,30.7,1.0,5,1.604,No
MRD-102446,2025-09-23,C32577,Retail,Bengaluru,Bengaluru South,Mobile App,Cash on Delivery,Grocery,2,167.92,15.0,285.46,4.3,1.0,5,2.639,No
MRD-102819,2025-09-23,C44774,Retail,Delhi NCR,Delhi NCR,Website,UPI,Home & Kitchen,2,1797.7,15.0,3056.09,22.0,2.4,3,1.457,No
MRD-101432,2025-09-23,C43237,Retail,Mumbai,Mumbai West,Mobile App,UPI,Beauty,3,555.24,5.0,1582.43,23.0,3.1,5,1.571,No
MRD-102818,2025-09-23,C77218,Retail,Bengaluru,Bengaluru South,Mobile App,Cash on Delivery,Grocery,1,207.02,0.0,207.02,4.3,3.0,5,2.101,Yes
MRD-104625,2025-09-23,C63204,Retail,Delhi NCR,Delhi NCR,Website,Debit Card,Electronics,2,2066.31,0.0,4132.62,7.1,3.6,1,2.872,Yes
MRD-100235,2025-09-23,C92721,Retail,Mumbai,Mumbai West,Mobile App,Credit Card,Grocery,1,214.94,20.0,171.95,2.8,4.1,5,1.289,No
MRD-103681,2025-09-23,C70477,Retail,Bengaluru,Bengaluru South,Mobile App,Debit Card,Electronics,1,6024.69,5.0,5723.46,9.6,4.4,1,2.172,No
MRD-104585,2025-09-24,C50008,Corporate,Mumbai,Mumbai West,Mobile App,UPI,Apparel,25,503.55,23.1,9680.75,34.1,2.9,5,2.194,No
MRD-101278,2025-09-24,C81913,Corporate,Bengaluru,Bengaluru South,Mobile App,Credit Card,Apparel,31,1141.02,14.4,30278.11,32.5,1.0,1,2.416,Yes
MRD-102654,2025-09-24,C99808,Retail,Mumbai,Mumbai West,Website,Debit Card,Apparel,3,303.38,0.0,910.14,35.3,3.3,4,1.544,Yes
MRD-103085,2025-09-24,C76314,Retail,Mumbai,Mumbai West,Mobile App,UPI,Electronics,3,1824.98,15.0,4653.7,6.5,3.3,4,2.188,No
MRD-101802,2025-09-24,C20802,Retail,Mumbai,Mumbai West,Website,Net Banking,Electronics,2,6955.08,20.0,11128.13,6.3,3.2,5,1.959,No
MRD-104290,2025-09-24,C30285,Retail,Bengaluru,Bengaluru South,Website,UPI,Apparel,1,1285.28,0.0,1285.28,26.1,2.9,5,1.421,No
MRD-104166,2025-09-24,C88396,Corporate,Mumbai,Mumbai West,Website,Cash on Delivery,Grocery,26,297.84,13.1,6729.4,3.0,3.1,5,2.113,No
MRD-102232,2025-09-24,C78762,Retail,Bengaluru,Bengaluru South,Mobile App,UPI,Apparel,1,564.06,5.0,535.86,28.5,1.2,5,2.541,No
MRD-103665,2025-09-24,C20570,Retail,Delhi NCR,Delhi NCR,Website,UPI,Grocery,2,183.27,15.0,311.56,3.2,1.0,4,2.414,No
MRD-104619,2025-09-24,C88242,Retail,Mumbai,Mumbai West,Mobile App,Debit Card,Grocery,2,213.62,10.0,384.52,5.1,2.8,4,1.433,No
MRD-104848,2025-09-24,C55611,Retail,Delhi NCR,Delhi NCR,Website,Credit Card,Electronics,3,2732.4,0.0,8197.2,5.7,3.5,4,2.239,No
MRD-100697,2025-09-24,C44468,Retail,Delhi NCR,Delhi NCR,Mobile App,Credit Card,Apparel,3,672.26,0.0,2016.78,32.0,1.6,5,1.546,No
MRD-104481,2025-09-24,C47342,Retail,Bengaluru,Bengaluru South,Mobile App,Debit Card,Grocery,2,163.51,0.0,327.02,4.5,1.1,1,1.376,No
MRD-104706,2025-09-24,C80474,Corporate,Mumbai,Mumbai West,Mobile App,UPI,Apparel,23,962.3,11.6,19565.48,32.9,2.5,4,1.748,No
MRD-102593,2025-09-24,C43936,Retail,Delhi NCR,Delhi NCR,Website,Debit Card,Grocery,3,226.31,0.0,678.93,5.0,3.1,5,2.357,No
MRD-101405,2025-09-24,C86499,Retail,Bengaluru,Bengaluru South,Website,UPI,Electronics,3,2335.57,10.0,6306.04,9.3,2.8,4,1.739,No
MRD-100391,2025-09-24,C16805,Retail,Mumbai,Mumbai West,Mobile App,Credit Card,Beauty,3,673.53,15.0,1717.5,22.4,3.6,5,2.0,No
MRD-100392,2025-09-24,C69766,Retail,Delhi NCR,Delhi NCR,Marketplace,UPI,Apparel,2,998.62,10.0,1797.52,27.0,3.2,4,1.741,No
MRD-103475,2025-09-24,C35419,Retail,Bengaluru,Bengaluru South,Marketplace,UPI,Apparel,2,1225.1,5.0,2327.69,30.1,3.9,4,1.997,Yes
MRD-101126,2025-09-24,C90735,Retail,Delhi NCR,Delhi NCR,Marketplace,Cash on Delivery,Grocery,1,279.26,15.0,237.37,1.9,4.0,2,1.742,No
MRD-100578,2025-09-24,C68090,Retail,Mumbai,Mumbai West,Mobile App,UPI,Grocery,1,224.03,15.0,190.43,3.6,3.0,5,2.173,No
MRD-101124,2025-09-24,C39015,Retail,Mumbai,Mumbai West,Website,Debit Card,Grocery,3,130.49,15.0,332.75,2.8,3.2,5,2.208,No
MRD-100405,2025-09-25,C75836,Retail,Bengaluru,Bengaluru South,Website,UPI,Electronics,1,2829.53,0.0,2829.53,10.4,1.0,4,1.82,No
MRD-100599,2025-09-25,C55752,Retail,Bengaluru,Bengaluru South,Mobile App,Credit Card,Grocery,1,205.58,20.0,164.46,3.4,1.6,3,1.766,No
MRD-101320,2025-09-25,C95157,Retail,Mumbai,Mumbai West,Mobile App,UPI,Grocery,1,144.29,0.0,144.29,2.2,3.6,5,0.991,No
MRD-102480,2025-09-25,C99547,Corporate,Bengaluru,Bengaluru South,Mobile App,UPI,Electronics,23,2365.92,23.4,41682.78,9.5,3.5,5,1.991,No
MRD-100230,2025-09-25,C60113,Retail,Delhi NCR,Delhi NCR,Mobile App,UPI,Beauty,1,986.02,0.0,986.02,19.6,6.2,4,1.74,No
MRD-102729,2025-09-25,C93250,Retail,Mumbai,Mumbai West,Mobile App,UPI,Electronics,1,1886.5,0.0,1886.5,6.6,3.5,3,0.909,No
MRD-100367,2025-09-25,C75934,Retail,Bengaluru,Bengaluru South,Mobile App,Credit Card,Grocery,1,258.15,10.0,232.33,2.2,1.8,5,2.049,No
MRD-101165,2025-09-25,C44902,Retail,Mumbai,Mumbai West,Mobile App,Credit Card,Beauty,1,659.08,0.0,659.08,28.4,3.2,4,2.005,Yes
MRD-102727,2025-09-25,C27843,Retail,Bengaluru,Bengaluru South,Mobile App,UPI,Grocery,1,236.38,0.0,236.38,5.1,5.7,4,1.893,No
MRD-102639,2025-09-25,C67250,Corporate,Bengaluru,Bengaluru South,Website,UPI,Home & Kitchen,31,579.56,21.3,14139.53,18.0,5.1,1,2.003,No
MRD-101049,2025-09-25,C40548,Retail,Bengaluru,Bengaluru South,Mobile App,UPI,Grocery,2,239.91,0.0,479.82,3.7,4.2,5,1.071,No
MRD-103422,2025-09-25,C97565,Retail,Mumbai,Mumbai West,Mobile App,Wallet,Electronics,1,4813.92,20.0,3851.14,8.0,3.4,3,1.877,No
MRD-102586,2025-09-25,C68004,Corporate,Delhi NCR,Delhi NCR,Marketplace,Debit Card,Beauty,29,795.47,11.7,20369.6,28.1,1.0,4,1.764,No
MRD-104613,2025-09-25,C50793,Retail,Delhi NCR,Delhi NCR,Website,Credit Card,Apparel,2,781.72,0.0,1563.44,28.0,1.0,2,1.768,No
MRD-103626,2025-09-26,C22237,Retail,Delhi NCR,Delhi NCR,Mobile App,Debit Card,Home & Kitchen,1,2419.29,10.0,2177.36,18.2,3.3,1,2.227,No
MRD-101745,2025-09-26,C53487,Retail,Delhi NCR,Delhi NCR,Mobile App,Wallet,Apparel,1,884.29,15.0,751.65,35.0,5.8,5,1.544,Yes
MRD-102916,2025-09-26,C53386,Corporate,Bengaluru,Bengaluru South,Website,UPI,Apparel,19,1031.38,18.9,15892.53,42.4,3.4,4,1.752,No
MRD-104056,2025-09-26,C53198,Retail,Mumbai,Mumbai West,Website,UPI,Beauty,1,599.04,10.0,539.14,21.5,3.1,4,2.526,No
MRD-104927,2025-09-26,C74039,Retail,Mumbai,Mumbai West,Mobile App,UPI,Home & Kitchen,1,1622.01,0.0,1622.01,11.0,3.0,3,2.489,No
MRD-101211,2025-09-26,C13904,Retail,Delhi NCR,Delhi NCR,Mobile App,Credit Card,Home & Kitchen,2,1360.95,0.0,2721.9,20.4,2.0,4,1.574,No
MRD-100044,2025-09-26,C64658,Retail,Mumbai,Mumbai West,Mobile App,UPI,Grocery,1,274.77,20.0,219.82,3.2,2.4,4,0.981,No
MRD-103011,2025-09-26,C89550,Retail,Delhi NCR,Delhi NCR,Mobile App,UPI,Beauty,1,318.74,0.0,318.74,25.7,3.5,4,1.233,No
MRD-104167,2025-09-26,C36955,Retail,Mumbai,Mumbai West,Website,Credit Card,Apparel,1,728.03,5.0,691.63,19.0,2.8,5,2.161,No
MRD-102018,2025-09-26,C11041,Retail,Delhi NCR,Delhi NCR,Website,Credit Card,Beauty,2,642.8,5.0,1221.32,28.1,1.9,5,1.318,No
MRD-102085,2025-09-26,C68168,Retail,Mumbai,Mumbai West,Mobile App,Wallet,Electronics,2,2681.15,20.0,4289.84,11.7,2.3,4,1.627,No
MRD-103214,2025-09-26,C17270,Retail,Mumbai,Mumbai West,Mobile App,Wallet,Home & Kitchen,3,1286.17,15.0,3279.73,13.0,3.4,5,2.204,No
MRD-103901,2025-09-27,C97268,Retail,Mumbai,Mumbai West,Website,UPI,Electronics,1,2054.95,15.0,1746.71,10.4,2.9,4,2.262,No
MRD-104358,2025-09-27,C33036,Corporate,Mumbai,Mumbai West,Website,UPI,Beauty,18,718.28,19.9,10356.16,33.3,3.6,3,1.711,No
MRD-101642,2025-09-27,C21529,Retail,Mumbai,Mumbai West,Marketplace,Debit Card,Grocery,4,297.02,5.0,1128.68,3.8,2.7,1,1.997,Yes
MRD-104282,2025-09-27,C46762,Retail,Bengaluru,Bengaluru South,Website,Net Banking,Beauty,1,1074.14,0.0,1074.14,30.6,3.3,5,1.494,No
MRD-100211,2025-09-27,C49283,Retail,Delhi NCR,Delhi NCR,Mobile App,Debit Card,Beauty,1,623.05,0.0,623.05,17.6,6.1,4,1.968,No
MRD-104279,2025-09-27,C36385,Retail,Mumbai,Mumbai West,Marketplace,Debit Card,Apparel,1,1286.68,10.0,1158.01,29.2,3.2,4,1.355,No
MRD-101851,2025-09-27,C71727,Retail,Bengaluru,Bengaluru South,Mobile App,Cash on Delivery,Home & Kitchen,2,405.29,0.0,810.58,19.0,3.6,4,1.717,No
MRD-102032,2025-09-27,C29111,Retail,Bengaluru,Bengaluru South,Website,Debit Card,Electronics,1,6332.63,20.0,5066.1,9.3,2.2,5,1.312,No
MRD-103753,2025-09-27,C57305,Corporate,Delhi NCR,Delhi NCR,Website,Wallet,Apparel,17,968.22,21.3,12953.82,29.6,2.3,5,1.911,No
MRD-103827,2025-09-27,C50502,Corporate,Bengaluru,Bengaluru South,Mobile App,Cash on Delivery,Grocery,38,194.44,14.9,6287.8,3.5,1.0,5,2.168,No
MRD-100374,2025-09-27,C62718,Retail,Bengaluru,Bengaluru South,Website,Cash on Delivery,Grocery,5,242.09,0.0,1210.45,3.5,1.7,4,1.625,No
MRD-101349,2025-09-27,C75399,Retail,Bengaluru,Bengaluru South,Mobile App,Net Banking,Electronics,1,6972.21,10.0,6274.99,11.7,2.2,4,1.716,No
MRD-104162,2025-09-27,C70609,Corporate,Mumbai,Mumbai West,Website,UPI,Home & Kitchen,29,3372.41,20.3,77946.51,25.6,3.7,4,1.607,No
MRD-100826,2025-09-27,C86517,Retail,Mumbai,Mumbai West,Mobile App,Credit Card,Apparel,2,924.83,0.0,1849.66,33.6,2.2,3,1.554,No
MRD-100829,2025-09-27,C15359,Retail,Delhi NCR,Delhi NCR,Marketplace,UPI,Beauty,1,998.77,0.0,998.77,25.0,2.3,5,1.893,No
MRD-101360,2025-09-27,C99769,Retail,Mumbai,Mumbai West,Mobile App,Net Banking,Apparel,3,2027.88,5.0,5779.46,22.6,2.9,5,2.634,No
MRD-103474,2025-09-27,C75560,Retail,Bengaluru,Bengaluru South,Mobile App,Net Banking,Grocery,1,205.78,10.0,185.2,3.2,5.2,3,2.081,No
MRD-101807,2025-09-27,C85553,Retail,Mumbai,Mumbai West,Mobile App,Cash on Delivery,Home & Kitchen,1,2416.46,15.0,2053.99,16.8,3.1,4,2.298,No
MRD-103854,2025-09-28,C97100,Retail,Bengaluru,Bengaluru South,Mobile App,Cash on Delivery,Grocery,1,212.73,15.0,180.82,4.1,5.3,5,1.357,No
MRD-102527,2025-09-28,C46801,Retail,Mumbai,Mumbai West,Mobile App,UPI,Home & Kitchen,3,1468.01,5.0,4183.83,18.5,3.7,4,2.452,No
MRD-103139,2025-09-28,C79153,Retail,Bengaluru,Bengaluru South,Mobile App,Debit Card,Electronics,1,1023.93,0.0,1023.93,7.6,2.1,1,1.757,No
MRD-100536,2025-09-28,C37209,Retail,Delhi NCR,Delhi NCR,Website,Cash on Delivery,Apparel,2,237.63,0.0,475.26,29.5,4.3,1,1.781,No
MRD-102511,2025-09-28,C66465,Retail,Delhi NCR,Delhi NCR,Marketplace,Credit Card,Home & Kitchen,1,2891.38,0.0,2891.38,9.7,4.0,2,2.369,Yes
MRD-103518,2025-09-28,C95204,Retail,Mumbai,Mumbai West,Website,UPI,Home & Kitchen,1,849.99,20.0,679.99,17.6,3.7,4,1.95,No
MRD-101716,2025-09-28,C11986,Retail,Mumbai,Mumbai West,Mobile App,Credit Card,Beauty,1,812.7,0.0,812.7,30.3,3.5,5,0.982,No
MRD-101272,2025-09-29,C62634,Retail,Delhi NCR,Delhi NCR,Marketplace,Credit Card,Grocery,4,306.11,20.0,979.55,1.7,1.0,4,1.444,Yes
MRD-102019,2025-09-29,C97691,Retail,Delhi NCR,Delhi NCR,Mobile App,Credit Card,Grocery,2,306.21,10.0,551.18,3.8,1.2,5,1.601,No
MRD-104298,2025-09-29,C42870,Retail,Bengaluru,Bengaluru South,Mobile App,Cash on Delivery,Apparel,2,768.85,0.0,1537.7,34.7,4.2,4,1.91,No
MRD-102005,2025-09-29,C74716,Retail,Mumbai,Mumbai West,Website,UPI,Electronics,3,4262.24,15.0,10868.71,9.2,3.3,4,1.98,No
MRD-103548,2025-09-29,C67927,Retail,Bengaluru,Bengaluru South,Mobile App,Debit Card,Apparel,2,1366.33,5.0,2596.03,35.0,1.7,2,2.401,Yes
MRD-102681,2025-09-29,C67905,Retail,Mumbai,Mumbai West,Marketplace,UPI,Home & Kitchen,2,988.12,10.0,1778.62,10.9,3.0,4,1.985,No
MRD-102241,2025-09-29,C82118,Retail,Mumbai,Mumbai West,Website,Debit Card,Grocery,1,221.48,10.0,199.33,6.2,4.1,5,1.453,No
MRD-102595,2025-09-29,C14165,Retail,Bengaluru,Bengaluru South,Mobile App,Wallet,Grocery,2,149.95,5.0,284.9,3.4,2.8,4,2.353,No
MRD-100761,2025-09-29,C97389,Retail,Mumbai,Mumbai West,Website,Net Banking,Grocery,1,164.8,0.0,164.8,2.9,3.2,5,2.019,No
MRD-100623,2025-09-29,C58497,Retail,Mumbai,Mumbai West,Mobile App,Credit Card,Apparel,2,576.17,5.0,1094.72,34.0,3.7,3,1.55,No
MRD-104966,2025-09-29,C67791,Retail,Mumbai,Mumbai West,Marketplace,UPI,Grocery,2,206.61,0.0,413.22,5.2,2.5,4,1.563,No
MRD-101087,2025-09-30,C18863,Retail,Mumbai,Mumbai West,Mobile App,Debit Card,Electronics,2,6373.41,0.0,12746.82,7.7,3.4,3,2.243,No
MRD-101607,2025-09-30,C72347,Retail,Mumbai,Mumbai West,Mobile App,UPI,Apparel,3,640.87,0.0,1922.61,33.5,3.5,5,2.132,No
MRD-103317,2025-09-30,C89471,Retail,Delhi NCR,Delhi NCR,Mobile App,Credit Card,Apparel,2,882.68,10.0,1588.82,31.7,2.3,2,1.516,Yes
MRD-101243,2025-09-30,C82143,Retail,Delhi NCR,Delhi NCR,Mobile App,Net Banking,Home & Kitchen,2,1686.16,20.0,2697.86,19.2,1.6,4,1.516,No
MRD-102476,2025-09-30,C17919,Retail,Mumbai,Mumbai West,Mobile App,UPI,Electronics,2,7756.7,0.0,15513.4,9.6,2.4,1,2.179,Yes
MRD-103022,2025-09-30,C41552,Retail,Delhi NCR,Delhi NCR,Mobile App,Cash on Delivery,Electronics,1,4630.0,0.0,4630.0,7.5,3.5,3,2.307,Yes
MRD-103615,2025-09-30,C85738,Retail,Mumbai,Mumbai West,Mobile App,UPI,Apparel,2,1644.42,15.0,2795.51,35.1,3.4,5,2.006,No
MRD-101015,2025-09-30,C96937,Retail,Bengaluru,Bengaluru South,Mobile App,Debit Card,Apparel,3,796.34,10.0,2150.12,28.4,5.8,4,1.903,No
MRD-102479,2025-09-30,C36151,Corporate,Bengaluru,Bengaluru South,Mobile App,UPI,Electronics,29,4665.54,9.5,122447.1,6.0,2.0,4,2.245,No
MRD-100245,2025-09-30,C55185,Retail,Delhi NCR,Delhi NCR,Mobile App,Cash on Delivery,Grocery,2,169.03,15.0,287.35,4.3,1.0,4,2.209,No
MRD-100749,2025-09-30,C86204,Retail,Bengaluru,Bengaluru South,Website,UPI,Beauty,4,1474.13,5.0,5601.69,23.4,4.3,4,1.589,No
MRD-101820,2025-09-30,C80902,Retail,Delhi NCR,Delhi NCR,Website,Debit Card,Electronics,2,5761.88,0.0,11523.76,10.0,1.0,3,2.176,No
MRD-101590,2025-09-30,C87621,Retail,Bengaluru,Bengaluru South,Mobile App,UPI,Grocery,2,219.35,5.0,416.76,5.6,3.9,5,1.673,No
MRD-104463,2025-09-30,C16157,Retail,Bengaluru,Bengaluru South,Mobile App,Cash on Delivery,Apparel,3,1227.72,20.0,2946.53,31.2,3.6,4,0.956,No
MRD-100824,2025-10-01,C82480,Retail,Mumbai,Mumbai West,Website,Credit Card,Home & Kitchen,2,470.07,0.0,940.14,14.6,3.0,5,1.637,No
MRD-103161,2025-10-01,C49579,Retail,Bengaluru,Bengaluru South,Mobile App,Debit Card,Apparel,1,661.79,0.0,661.79,29.3,2.0,5,2.226,No
MRD-104611,2025-10-01,C54579,Retail,Mumbai,Mumbai West,Mobile App,Credit Card,Grocery,1,146.34,15.0,124.39,6.5,3.6,4,1.704,No
MRD-104371,2025-10-01,C40656,Retail,Bengaluru,Bengaluru South,Website,UPI,Home & Kitchen,1,2405.59,0.0,2405.59,13.7,1.0,2,1.393,No
MRD-102783,2025-10-01,C28995,Retail,Bengaluru,Bengaluru South,Mobile App,Credit Card,Home & Kitchen,2,6841.02,5.0,12997.94,21.4,4.3,5,2.298,No
MRD-102348,2025-10-01,C61717,Retail,Bengaluru,Bengaluru South,Mobile App,Debit Card,Grocery,1,236.51,5.0,224.68,3.3,1.5,3,1.572,No
MRD-100966,2025-10-01,C15584,Retail,Bengaluru,Bengaluru South,Mobile App,Cash on Delivery,Grocery,2,232.08,15.0,394.54,6.7,2.1,4,2.129,No
MRD-103605,2025-10-01,C72443,Corporate,Mumbai,Mumbai West,Website,Wallet,Electronics,27,3286.31,15.9,74622.24,6.9,4.0,1,2.197,No
MRD-102589,2025-10-01,C69816,Retail,Mumbai,Mumbai West,Mobile App,Credit Card,Beauty,2,614.76,0.0,1229.52,18.5,4.6,3,1.52,No
MRD-103283,2025-10-01,C34494,Retail,Bengaluru,Bengaluru South,Mobile App,UPI,Grocery,2,213.14,20.0,341.02,4.8,1.1,4,1.718,No
MRD-104588,2025-10-01,C50254,Retail,Mumbai,Mumbai West,Marketplace,UPI,Grocery,2,115.7,0.0,231.4,3.2,3.1,4,2.632,No
MRD-102350,2025-10-01,C12184,Retail,Mumbai,Mumbai West,Mobile App,UPI,Grocery,1,257.6,0.0,257.6,4.3,2.6,4,1.321,No
MRD-100203,2025-10-01,C33263,Retail,Mumbai,Mumbai West,Marketplace,UPI,Grocery,2,267.31,0.0,534.62,4.0,3.7,5,2.733,No
MRD-101078,2025-10-01,C10980,Retail,Mumbai,Mumbai West,Mobile App,Cash on Delivery,Beauty,1,835.5,5.0,793.72,27.1,2.4,1,2.372,No
MRD-101847,2025-10-01,C27561,Retail,Bengaluru,Bengaluru South,Marketplace,UPI,Grocery,2,229.36,0.0,458.72,3.8,3.6,4,1.923,No
MRD-100302,2025-10-01,C53243,Retail,Mumbai,Mumbai West,Mobile App,UPI,Apparel,3,2736.4,0.0,8209.2,39.3,3.8,2,1.747,No
MRD-104316,2025-10-02,C10971,Retail,Mumbai,Mumbai West,Mobile App,Net Banking,Beauty,1,725.46,15.0,616.64,23.7,3.8,4,1.63,No
MRD-100547,2025-10-02,C74314,Retail,Delhi NCR,Delhi NCR,Website,Credit Card,Grocery,4,114.48,0.0,457.92,3.3,1.6,5,1.815,No
MRD-102412,2025-10-02,C14431,Retail,Delhi NCR,Delhi NCR,Mobile App,UPI,Home & Kitchen,1,458.21,10.0,412.39,13.1,8.3,5,1.903,No
MRD-103235,2025-10-02,C35977,Retail,Bengaluru,Bengaluru South,Mobile App,Debit Card,Electronics,4,5079.57,0.0,20318.28,8.7,5.5,2,1.883,No
MRD-104948,2025-10-02,C93131,Retail,Mumbai,Mumbai West,Mobile App,Cash on Delivery,Grocery,2,204.58,5.0,388.7,6.5,3.6,4,2.354,No
MRD-104983,2025-10-02,C90536,Corporate,Mumbai,Mumbai West,Mobile App,UPI,Home & Kitchen,24,5019.17,10.0,108414.07,16.0,3.2,5,2.025,No
MRD-103705,2025-10-02,C62900,Retail,Bengaluru,Bengaluru South,Mobile App,Debit Card,Apparel,1,689.53,0.0,689.53,40.8,4.8,4,1.159,No
MRD-101373,2025-10-02,C61008,Retail,Bengaluru,Bengaluru South,Mobile App,UPI,Electronics,1,3380.34,10.0,3042.31,10.0,1.7,5,1.694,No
MRD-101277,2025-10-02,C42191,Retail,Mumbai,Mumbai West,Website,Credit Card,Apparel,3,552.46,0.0,1657.38,43.2,3.0,5,1.596,No
MRD-101384,2025-10-02,C53998,Retail,Bengaluru,Bengaluru South,Mobile App,Credit Card,Apparel,2,686.52,0.0,1373.04,28.0,2.6,5,0.827,No
MRD-104700,2025-10-02,C57715,Retail,Delhi NCR,Delhi NCR,Website,Credit Card,Electronics,3,10441.73,5.0,29758.93,4.7,3.3,2,1.942,No
MRD-102864,2025-10-02,C48075,Retail,Delhi NCR,Delhi NCR,Mobile App,Debit Card,Apparel,1,940.29,0.0,940.29,35.3,5.6,5,2.155,No
MRD-100078,2025-10-02,C13721,Retail,Bengaluru,Bengaluru South,Website,UPI,Grocery,3,282.57,10.0,762.94,3.5,2.4,1,1.956,No
MRD-104963,2025-10-02,C31656,Retail,Mumbai,Mumbai West,Marketplace,UPI,Home & Kitchen,2,1265.18,5.0,2403.84,18.0,2.6,5,2.563,No
MRD-104722,2025-10-02,C34384,Retail,Delhi NCR,Delhi NCR,Mobile App,Credit Card,Beauty,2,948.34,0.0,1896.68,22.2,2.9,5,1.899,No
MRD-104648,2025-10-03,C60481,Retail,Bengaluru,Bengaluru South,Mobile App,Cash on Delivery,Electronics,1,7592.86,20.0,6074.29,4.6,6.4,2,1.532,No
MRD-104705,2025-10-03,C55203,Retail,Delhi NCR,Delhi NCR,Mobile App,Debit Card,Grocery,1,167.57,10.0,150.81,2.2,1.0,4,2.08,No
MRD-102784,2025-10-03,C52163,Retail,Bengaluru,Bengaluru South,Website,UPI,Grocery,1,254.39,5.0,241.67,4.7,2.2,2,1.993,Yes
MRD-101110,2025-10-03,C58149,Retail,Mumbai,Mumbai West,Mobile App,UPI,Apparel,1,1248.98,0.0,1248.98,22.5,1.6,4,1.616,Yes
MRD-101829,2025-10-03,C99810,Retail,Bengaluru,Bengaluru South,Website,Cash on Delivery,Apparel,1,818.38,10.0,736.54,22.9,2.2,2,1.36,No
MRD-103144,2025-10-03,C69376,Retail,Mumbai,Mumbai West,Mobile App,UPI,Home & Kitchen,3,2033.05,0.0,6099.15,12.1,3.3,3,2.064,No
MRD-104785,2025-10-03,C15951,Retail,Bengaluru,Bengaluru South,Mobile App,Debit Card,Grocery,1,179.46,0.0,179.46,3.7,1.0,3,1.445,No
MRD-100359,2025-10-03,C28914,Retail,Mumbai,Mumbai West,Website,Credit Card,Apparel,1,547.74,15.0,465.58,24.2,4.5,4,1.873,No
MRD-103557,2025-10-03,C21219,Retail,Mumbai,Mumbai West,Mobile App,UPI,Beauty,2,744.5,20.0,1191.2,25.9,3.8,4,1.047,No
MRD-104519,2025-10-03,C22082,Corporate,Bengaluru,Bengaluru South,Mobile App,Debit Card,Grocery,31,222.42,20.7,5467.75,1.8,2.6,2,1.832,No
MRD-104263,2025-10-03,C21390,Retail,Bengaluru,Bengaluru South,Marketplace,UPI,Apparel,2,1986.3,0.0,3972.6,32.9,3.6,2,1.382,Yes
MRD-100492,2025-10-03,C19828,Retail,Mumbai,Mumbai West,Mobile App,UPI,Apparel,1,980.93,0.0,980.93,26.1,4.4,5,1.529,No
MRD-101469,2025-10-03,C13391,Retail,Bengaluru,Bengaluru South,Website,Wallet,Home & Kitchen,3,1293.54,0.0,3880.62,15.9,3.8,5,1.913,No
MRD-100457,2025-10-04,C75688,Corporate,Delhi NCR,Delhi NCR,Website,Cash on Delivery,Electronics,32,9417.04,16.8,250719.27,5.4,2.0,4,2.322,No
MRD-104363,2025-10-04,C48697,Retail,Mumbai,Mumbai West,Mobile App,Credit Card,Home & Kitchen,2,1794.12,0.0,3588.24,16.7,2.8,5,1.97,No
MRD-101013,2025-10-04,C78224,Retail,Mumbai,Mumbai West,Mobile App,UPI,Grocery,3,279.95,0.0,839.85,3.1,3.8,3,1.163,No
MRD-104872,2025-10-04,C57880,Retail,Delhi NCR,Delhi NCR,Mobile App,UPI,Grocery,1,348.72,15.0,296.41,4.4,2.3,2,1.475,No
MRD-103661,2025-10-04,C24252,Retail,Bengaluru,Bengaluru South,Mobile App,Debit Card,Grocery,2,194.62,20.0,311.39,4.6,3.4,4,1.692,No
MRD-102648,2025-10-04,C10311,Retail,Bengaluru,Bengaluru South,Mobile App,Debit Card,Home & Kitchen,3,802.13,20.0,1925.11,23.3,2.7,1,1.396,No
MRD-101291,2025-10-04,C84607,Retail,Bengaluru,Bengaluru South,Mobile App,Cash on Delivery,Electronics,1,6453.38,5.0,6130.71,8.4,1.5,4,1.795,No
MRD-100097,2025-10-04,C64112,Retail,Mumbai,Mumbai West,Mobile App,Credit Card,Electronics,1,3028.54,0.0,3028.54,8.9,3.2,5,1.705,No
MRD-100113,2025-10-04,C58854,Retail,Bengaluru,Bengaluru South,Mobile App,Cash on Delivery,Grocery,3,233.27,0.0,699.81,3.7,3.4,4,1.797,No
MRD-102175,2025-10-04,C47128,Retail,Delhi NCR,Delhi NCR,Website,UPI,Electronics,3,3154.93,0.0,9464.79,7.9,1.0,4,2.343,No
MRD-104288,2025-10-04,C73601,Retail,Bengaluru,Bengaluru South,Mobile App,Debit Card,Apparel,1,601.65,10.0,541.48,27.2,1.9,1,1.318,Yes
MRD-102792,2025-10-05,C24028,Retail,Mumbai,Mumbai West,Website,Debit Card,Apparel,1,705.53,0.0,705.53,30.1,3.0,4,1.749,No
MRD-104348,2025-10-05,C71458,Retail,Delhi NCR,Delhi NCR,Website,Credit Card,Beauty,2,1103.93,0.0,2207.86,26.2,1.0,3,1.659,No
MRD-102113,2025-10-05,C38183,Retail,Bengaluru,Bengaluru South,Mobile App,UPI,Grocery,2,267.08,0.0,534.16,4.1,1.9,3,2.301,No
MRD-102699,2025-10-05,C37592,Retail,Bengaluru,Bengaluru South,Website,UPI,Grocery,4,200.43,0.0,801.72,3.5,3.8,4,1.697,No
MRD-103643,2025-10-05,C13669,Retail,Bengaluru,Bengaluru South,Marketplace,Credit Card,Home & Kitchen,2,3101.65,0.0,6203.3,19.4,3.9,3,1.535,No
MRD-104323,2025-10-05,C21561,Retail,Delhi NCR,Delhi NCR,Mobile App,UPI,Grocery,2,276.14,5.0,524.67,4.0,6.9,4,1.465,Yes
MRD-101795,2025-10-05,C67832,Retail,Bengaluru,Bengaluru South,Mobile App,Credit Card,Electronics,1,3320.61,5.0,3154.58,9.4,1.0,5,2.871,No
MRD-100873,2025-10-05,C71889,Retail,Bengaluru,Bengaluru South,Mobile App,Cash on Delivery,Electronics,2,4138.56,0.0,8277.12,8.0,1.0,4,2.097,No
MRD-101028,2025-10-05,C90237,Retail,Bengaluru,Bengaluru South,Mobile App,UPI,Apparel,1,698.51,0.0,698.51,35.0,1.8,2,1.505,No
MRD-100770,2025-10-05,C49218,Retail,Mumbai,Mumbai West,Website,UPI,Apparel,3,1007.8,5.0,2872.23,35.7,4.0,3,0.916,No
MRD-100706,2025-10-05,C80286,Retail,Bengaluru,Bengaluru South,Mobile App,UPI,Electronics,3,3868.61,15.0,9864.96,9.2,5.4,1,1.797,Yes
MRD-101233,2025-10-05,C56513,Retail,Delhi NCR,Delhi NCR,Marketplace,UPI,Grocery,1,423.31,10.0,380.98,5.7,2.1,3,1.678,No
MRD-104091,2025-10-05,C40809,Corporate,Delhi NCR,Delhi NCR,Marketplace,Debit Card,Home & Kitchen,27,873.97,20.4,18783.36,7.4,1.0,5,1.469,No
MRD-100225,2025-10-05,C68341,Retail,Mumbai,Mumbai West,Website,UPI,Electronics,2,3051.78,15.0,5188.03,9.0,3.7,4,1.981,No
MRD-103298,2025-10-05,C91492,Corporate,Mumbai,Mumbai West,Mobile App,Cash on Delivery,Grocery,20,217.75,18.7,3540.62,4.6,3.7,4,1.665,No
MRD-104541,2025-10-06,C27499,Retail,Bengaluru,Bengaluru South,Mobile App,Credit Card,Apparel,1,908.62,5.0,863.19,38.7,5.1,5,1.394,No
MRD-101622,2025-10-06,C41059,Retail,Delhi NCR,Delhi NCR,Mobile App,UPI,Apparel,3,507.79,10.0,1371.03,29.1,3.0,5,2.543,Yes
MRD-101624,2025-10-06,C80408,Retail,Mumbai,Mumbai West,Website,Debit Card,Home & Kitchen,1,3719.51,0.0,3719.51,15.5,4.0,3,1.376,No
MRD-104766,2025-10-06,C56232,Retail,Bengaluru,Bengaluru South,Website,Net Banking,Home & Kitchen,2,1294.05,0.0,2588.1,20.8,1.6,5,3.213,Yes
MRD-101495,2025-10-06,C34056,Retail,Delhi NCR,Delhi NCR,Marketplace,UPI,Grocery,1,188.15,5.0,178.74,2.5,2.0,5,1.876,No
MRD-102169,2025-10-06,C70320,Retail,Mumbai,Mumbai West,Mobile App,UPI,Home & Kitchen,2,1560.71,0.0,3121.42,18.4,3.1,5,1.727,No
MRD-104712,2025-10-06,C88121,Retail,Mumbai,Mumbai West,Mobile App,UPI,Electronics,3,1096.98,10.0,2961.85,7.4,2.7,1,1.223,No
MRD-103944,2025-10-06,C79199,Retail,Bengaluru,Bengaluru South,Website,Cash on Delivery,Apparel,1,684.43,0.0,684.43,30.7,1.5,4,2.393,No
MRD-103284,2025-10-06,C74832,Retail,Delhi NCR,Delhi NCR,Mobile App,Credit Card,Apparel,2,1403.49,15.0,2385.93,37.0,7.3,2,1.887,Yes
MRD-102844,2025-10-06,C65104,Retail,Bengaluru,Bengaluru South,Website,UPI,Apparel,2,822.14,10.0,1479.85,33.1,1.6,4,1.989,No
MRD-104827,2025-10-06,C29894,Retail,Bengaluru,Bengaluru South,Mobile App,UPI,Beauty,3,1242.43,0.0,3727.29,26.0,3.0,5,1.343,No
MRD-103026,2025-10-06,C44361,Retail,Delhi NCR,Delhi NCR,Website,UPI,Beauty,1,864.71,5.0,821.47,21.7,2.9,1,2.019,No
MRD-100011,2025-10-06,C19812,Retail,Mumbai,Mumbai West,Website,Cash on Delivery,Grocery,1,369.36,10.0,332.42,2.8,3.6,5,2.123,Yes
MRD-102824,2025-10-06,C95579,Retail,Mumbai,Mumbai West,Marketplace,UPI,Beauty,1,1386.82,5.0,1317.48,19.0,2.6,3,1.84,No
MRD-100560,2025-10-06,C68521,Retail,Delhi NCR,Delhi NCR,Website,UPI,Apparel,2,1318.49,0.0,2636.98,28.6,1.0,4,2.065,No
MRD-101340,2025-10-06,C30314,Retail,Bengaluru,Bengaluru South,Mobile App,UPI,Electronics,1,7134.73,0.0,7134.73,10.3,2.9,5,2.575,No
MRD-103261,2025-10-07,C31816,Retail,Delhi NCR,Delhi NCR,Mobile App,Credit Card,Grocery,2,157.0,0.0,314.0,3.1,1.0,5,1.336,No
MRD-102161,2025-10-07,C92698,Retail,Mumbai,Mumbai West,Mobile App,Debit Card,Home & Kitchen,1,3609.4,20.0,2887.52,22.4,3.5,3,1.94,No
MRD-100083,2025-10-07,C16841,Retail,Delhi NCR,Delhi NCR,Mobile App,Credit Card,Apparel,2,2073.1,0.0,4146.2,26.3,3.3,4,1.343,No
MRD-100898,2025-10-07,C79177,Retail,Mumbai,Mumbai West,Mobile App,Credit Card,Electronics,1,2979.74,20.0,2383.79,8.9,2.5,4,1.172,No
MRD-103719,2025-10-07,C54723,Retail,Bengaluru,Bengaluru South,Mobile App,Debit Card,Electronics,5,5043.16,0.0,25215.8,5.6,7.7,4,1.378,No
MRD-101752,2025-10-07,C36695,Retail,Bengaluru,Bengaluru South,Marketplace,Cash on Delivery,Apparel,2,4150.22,0.0,8300.44,32.7,3.2,2,1.854,No
MRD-104116,2025-10-07,C39319,Retail,Delhi NCR,Delhi NCR,Marketplace,UPI,Home & Kitchen,1,1307.01,0.0,1307.01,14.2,4.4,4,2.987,Yes
MRD-101582,2025-10-07,C49744,Retail,Mumbai,Mumbai West,Mobile App,Debit Card,Beauty,2,1135.86,0.0,2271.72,31.1,2.7,4,0.999,No
MRD-100650,2025-10-07,C26756,Retail,Bengaluru,Bengaluru South,Mobile App,Cash on Delivery,Beauty,2,893.28,0.0,1786.56,26.5,3.8,4,2.193,No
MRD-103109,2025-10-07,C36128,Retail,Bengaluru,Bengaluru South,Mobile App,UPI,Electronics,2,7303.54,10.0,13146.37,13.8,2.5,1,1.824,Yes
MRD-103114,2025-10-07,C67874,Corporate,Delhi NCR,Delhi NCR,Mobile App,UPI,Beauty,29,734.34,15.0,18101.48,22.1,8.2,4,2.784,No
MRD-104355,2025-10-07,C38278,Retail,Delhi NCR,Delhi NCR,Mobile App,Credit Card,Apparel,1,645.2,15.0,548.42,40.4,1.0,4,1.763,No
MRD-104357,2025-10-07,C76620,Corporate,Mumbai,Mumbai West,Marketplace,UPI,Grocery,26,321.68,22.4,6490.22,6.0,3.0,2,2.054,No
MRD-100571,2025-10-07,C12440,Retail,Mumbai,Mumbai West,Website,Cash on Delivery,Grocery,2,208.86,0.0,417.72,2.9,4.0,2,1.453,No
MRD-100998,2025-10-07,C27868,Retail,Mumbai,Mumbai West,Mobile App,UPI,Grocery,1,191.83,15.0,163.06,1.9,2.9,1,2.137,Yes
MRD-103874,2025-10-08,C26006,Retail,Mumbai,Mumbai West,Mobile App,UPI,Beauty,2,965.69,5.0,1834.81,29.6,4.0,1,1.822,Yes
MRD-104321,2025-10-08,C51232,Retail,Mumbai,Mumbai West,Mobile App,Cash on Delivery,Grocery,1,232.21,0.0,232.21,6.1,3.2,3,2.332,No
MRD-104451,2025-10-08,C99723,Retail,Bengaluru,Bengaluru South,Mobile App,UPI,Grocery,3,206.2,5.0,587.67,3.7,3.2,2,1.956,No
MRD-100888,2025-10-08,C47536,Retail,Bengaluru,Bengaluru South,Marketplace,UPI,Electronics,3,5555.99,0.0,16667.97,7.6,2.0,4,1.904,No
MRD-101181,2025-10-08,C61537,Retail,Bengaluru,Bengaluru South,Mobile App,UPI,Apparel,1,1143.95,20.0,915.16,27.5,2.7,5,1.056,No
MRD-101037,2025-10-08,C39211,Retail,Delhi NCR,Delhi NCR,Marketplace,Credit Card,Electronics,2,3310.36,10.0,5958.65,8.8,3.0,5,2.462,No
MRD-103908,2025-10-08,C40116,Retail,Mumbai,Mumbai West,Mobile App,Debit Card,Grocery,1,211.45,0.0,211.45,4.3,2.8,5,1.382,No
MRD-101857,2025-10-08,C43285,Retail,Mumbai,Mumbai West,Mobile App,UPI,Grocery,2,277.37,0.0,554.74,3.0,3.4,5,1.705,Yes
MRD-102909,2025-10-08,C36915,Retail,Mumbai,Mumbai West,Mobile App,UPI,Grocery,2,292.85,5.0,556.42,2.8,3.2,1,1.905,Yes
MRD-102180,2025-10-08,C87318,Retail,Bengaluru,Bengaluru South,Mobile App,Debit Card,Apparel,1,743.43,0.0,743.43,35.2,3.0,1,1.912,No
MRD-100232,2025-10-08,C29934,Retail,Mumbai,Mumbai West,Mobile App,UPI,Home & Kitchen,3,2945.21,15.0,7510.29,15.6,3.2,4,1.922,No
MRD-101223,2025-10-08,C35698,Retail,Bengaluru,Bengaluru South,Mobile App,Credit Card,Apparel,2,591.73,15.0,1005.94,28.7,3.5,4,1.947,No
MRD-103729,2025-10-08,C12564,Retail,Mumbai,Mumbai West,Website,UPI,Apparel,1,826.86,0.0,826.86,34.6,3.0,3,1.558,Yes
MRD-101122,2025-10-08,C24419,Retail,Mumbai,Mumbai West,Mobile App,Cash on Delivery,Apparel,3,1630.07,15.0,4156.68,33.4,4.1,4,2.135,No
MRD-104529,2025-10-08,C29441,Retail,Mumbai,Mumbai West,Mobile App,Wallet,Electronics,1,4723.53,5.0,4487.35,7.6,3.6,4,1.813,No
MRD-102760,2025-10-08,C15197,Retail,Bengaluru,Bengaluru South,Marketplace,Debit Card,Grocery,1,294.82,0.0,294.82,3.5,1.2,5,2.334,No
MRD-104424,2025-10-08,C83524,Retail,Mumbai,Mumbai West,Marketplace,Cash on Delivery,Grocery,2,218.47,0.0,436.94,5.2,3.2,1,1.867,No
MRD-104178,2025-10-09,C58687,Retail,Bengaluru,Bengaluru South,Marketplace,Cash on Delivery,Electronics,2,3082.85,0.0,6165.7,5.8,1.0,5,1.901,No
MRD-102549,2025-10-09,C62116,Retail,Mumbai,Mumbai West,Mobile App,UPI,Electronics,2,2453.0,0.0,4906.0,9.6,2.5,5,1.76,No
MRD-103398,2025-10-09,C24966,Retail,Delhi NCR,Delhi NCR,Mobile App,UPI,Grocery,1,297.2,20.0,237.76,5.5,1.3,4,2.309,No
MRD-100343,2025-10-09,C98252,Corporate,Delhi NCR,Delhi NCR,Mobile App,Cash on Delivery,Apparel,22,489.74,11.4,9546.01,38.4,3.9,1,1.96,No
MRD-102868,2025-10-09,C59535,Corporate,Mumbai,Mumbai West,Mobile App,UPI,Grocery,31,216.02,8.7,6114.01,3.7,3.0,4,1.51,No
MRD-101777,2025-10-09,C72239,Corporate,Bengaluru,Bengaluru South,Marketplace,Cash on Delivery,Grocery,21,226.65,25.5,3545.94,4.4,4.4,5,1.8,No
MRD-103374,2025-10-09,C64436,Retail,Bengaluru,Bengaluru South,Mobile App,Debit Card,Beauty,1,897.43,0.0,897.43,26.2,1.9,4,1.554,No
MRD-104089,2025-10-09,C22001,Retail,Delhi NCR,Delhi NCR,Marketplace,UPI,Home & Kitchen,2,782.45,5.0,1486.66,14.8,2.8,4,1.767,No
MRD-103160,2025-10-09,C42329,Retail,Bengaluru,Bengaluru South,Marketplace,Net Banking,Beauty,3,686.79,0.0,2060.37,23.2,6.4,4,1.416,No
MRD-104106,2025-10-09,C73729,Retail,Bengaluru,Bengaluru South,Mobile App,UPI,Electronics,2,3628.08,20.0,5804.93,8.7,4.9,5,1.557,No
MRD-100677,2025-10-09,C48064,Retail,Delhi NCR,Delhi NCR,Website,Credit Card,Electronics,2,5554.72,0.0,11109.44,9.0,1.9,4,1.552,No
MRD-102663,2025-10-09,C18020,Retail,Bengaluru,Bengaluru South,Marketplace,Net Banking,Home & Kitchen,1,2787.15,15.0,2369.08,17.5,3.0,5,1.692,No
MRD-101482,2025-10-09,C67489,Retail,Mumbai,Mumbai West,Mobile App,Cash on Delivery,Electronics,3,3453.92,0.0,10361.76,6.0,3.2,1,2.48,Yes
MRD-102889,2025-10-09,C39327,Retail,Mumbai,Mumbai West,Website,Credit Card,Electronics,1,5473.73,5.0,5200.04,11.9,3.5,4,2.199,No
MRD-101439,2025-10-09,C54289,Retail,Mumbai,Mumbai West,Marketplace,Debit Card,Home & Kitchen,2,888.68,10.0,1599.62,19.1,3.7,5,1.454,No
MRD-102620,2025-10-09,C16323,Retail,Mumbai,Mumbai West,Mobile App,Wallet,Grocery,4,142.85,0.0,571.4,2.4,3.3,5,1.341,No
MRD-103826,2025-10-09,C24744,Retail,Mumbai,Mumbai West,Mobile App,UPI,Electronics,3,3200.16,10.0,8640.43,7.2,3.1,5,1.863,No
MRD-101629,2025-10-10,C10027,Retail,Bengaluru,Bengaluru South,Website,UPI,Electronics,2,2880.57,15.0,4896.97,4.1,6.5,3,1.779,No
MRD-101111,2025-10-10,C44301,Retail,Mumbai,Mumbai West,Website,UPI,Home & Kitchen,2,4902.42,5.0,9314.6,21.5,3.3,4,1.553,No
MRD-103695,2025-10-10,C56527,Corporate,Delhi NCR,Delhi NCR,Mobile App,Net Banking,Home & Kitchen,29,1250.7,15.5,30648.4,20.9,1.0,5,2.274,No
MRD-104027,2025-10-10,C85940,Retail,Mumbai,Mumbai West,Mobile App,Credit Card,Apparel,3,1710.01,10.0,4617.03,29.4,3.6,3,1.71,No
MRD-100432,2025-10-10,C35335,Retail,Delhi NCR,Delhi NCR,Mobile App,Net Banking,Home & Kitchen,2,471.93,20.0,755.09,22.8,2.8,4,1.717,No
MRD-101508,2025-10-10,C94696,Retail,Delhi NCR,Delhi NCR,Mobile App,UPI,Grocery,2,227.33,0.0,454.66,2.2,3.1,4,2.186,No
MRD-101587,2025-10-10,C54523,Retail,Bengaluru,Bengaluru South,Marketplace,Cash on Delivery,Beauty,1,799.14,0.0,799.14,14.1,3.3,4,0.655,No
MRD-101244,2025-10-10,C38264,Retail,Mumbai,Mumbai West,Website,Net Banking,Electronics,1,4585.53,5.0,4356.25,6.3,3.0,4,2.602,No
MRD-103591,2025-10-10,C96628,Retail,Mumbai,Mumbai West,Mobile App,UPI,Apparel,1,541.28,0.0,541.28,25.6,2.4,4,2.429,No
MRD-100549,2025-10-10,C93346,Retail,Mumbai,Mumbai West,Website,Credit Card,Electronics,1,1497.65,20.0,1198.12,8.0,3.6,4,2.1,No
MRD-104125,2025-10-10,C72197,Retail,Delhi NCR,Delhi NCR,Marketplace,Debit Card,Home & Kitchen,3,3776.97,0.0,11330.91,21.7,2.4,5,1.516,Yes
MRD-103810,2025-10-10,C85320,Corporate,Mumbai,Mumbai West,Marketplace,Credit Card,Grocery,26,228.92,16.7,4957.95,2.5,3.0,4,1.496,No
MRD-102230,2025-10-10,C97175,Corporate,Bengaluru,Bengaluru South,Mobile App,Credit Card,Electronics,31,5532.62,20.6,136179.91,7.6,4.6,5,2.539,No
MRD-103785,2025-10-10,C41163,Retail,Mumbai,Mumbai West,Mobile App,Credit Card,Grocery,1,180.01,0.0,180.01,2.3,3.4,5,2.156,No
MRD-100943,2025-10-11,C71000,Retail,Delhi NCR,Delhi NCR,Mobile App,Debit Card,Apparel,2,1711.13,5.0,3251.15,35.8,2.1,5,1.469,No
MRD-101070,2025-10-11,C64607,Retail,Mumbai,Mumbai West,Mobile App,UPI,Grocery,1,274.64,10.0,247.18,1.7,3.8,3,1.569,No
MRD-101387,2025-10-11,C84889,Retail,Mumbai,Mumbai West,Mobile App,Cash on Delivery,Grocery,1,281.83,20.0,225.46,3.1,3.6,4,1.811,No
MRD-104664,2025-10-11,C48897,Retail,Delhi NCR,Delhi NCR,Mobile App,Credit Card,Apparel,2,1028.95,15.0,1749.22,32.3,1.9,5,1.818,Yes
MRD-102647,2025-10-11,C95208,Retail,Bengaluru,Bengaluru South,Marketplace,UPI,Home & Kitchen,2,2138.6,20.0,3421.76,23.2,1.0,2,2.489,No
MRD-100972,2025-10-11,C71832,Retail,Mumbai,Mumbai West,Website,UPI,Apparel,5,1225.89,10.0,5516.51,30.5,2.5,3,1.876,Yes
MRD-102990,2025-10-11,C88925,Retail,Mumbai,Mumbai West,Website,Credit Card,Apparel,2,1630.14,5.0,3097.27,26.3,4.2,4,1.793,Yes
MRD-103818,2025-10-11,C32656,Retail,Bengaluru,Bengaluru South,Mobile App,UPI,Beauty,2,609.39,20.0,975.02,23.3,3.1,5,1.367,No
MRD-104123,2025-10-11,C50708,Retail,Bengaluru,Bengaluru South,Mobile App,UPI,Grocery,3,136.4,0.0,409.2,4.1,2.8,2,1.921,No
MRD-102345,2025-10-11,C70993,Retail,Bengaluru,Bengaluru South,Mobile App,UPI,Electronics,2,1822.43,0.0,3644.86,8.0,5.5,4,1.856,No
MRD-101376,2025-10-12,C24061,Retail,Bengaluru,Bengaluru South,Marketplace,UPI,Grocery,1,204.45,0.0,204.45,3.7,3.0,2,1.653,Yes
MRD-101417,2025-10-12,C28300,Retail,Delhi NCR,Delhi NCR,Mobile App,UPI,Grocery,1,300.38,0.0,300.38,4.7,4.6,3,2.081,No
MRD-101602,2025-10-12,C36020,Retail,Mumbai,Mumbai West,Mobile App,Debit Card,Home & Kitchen,3,883.01,0.0,2649.03,20.6,4.0,4,1.446,No
MRD-102717,2025-10-12,C43605,Corporate,Bengaluru,Bengaluru South,Mobile App,UPI,Electronics,28,1322.05,19.2,29910.06,6.7,2.9,4,1.335,No
MRD-100064,2025-10-12,C23367,Corporate,Mumbai,Mumbai West,Mobile App,Net Banking,Grocery,30,252.75,13.3,6574.03,5.2,2.8,4,1.982,No
MRD-100227,2025-10-12,C40414,Retail,Delhi NCR,Delhi NCR,Website,UPI,Home & Kitchen,1,717.95,0.0,717.95,24.2,5.4,4,1.358,No
MRD-101678,2025-10-12,C24377,Retail,Mumbai,Mumbai West,Website,Cash on Delivery,Grocery,2,166.92,20.0,267.07,3.7,3.7,1,2.19,No
MRD-103490,2025-10-12,C66925,Retail,Mumbai,Mumbai West,Website,Credit Card,Grocery,5,223.82,20.0,895.28,2.9,3.9,5,1.33,No
MRD-103018,2025-10-12,C26944,Retail,Bengaluru,Bengaluru South,Website,Credit Card,Grocery,1,183.57,5.0,174.39,4.7,4.8,4,1.934,No
MRD-104102,2025-10-13,C87741,Retail,Mumbai,Mumbai West,Website,Credit Card,Grocery,1,308.87,20.0,247.1,2.4,3.5,4,1.061,No
MRD-103091,2025-10-13,C48665,Retail,Bengaluru,Bengaluru South,Mobile App,Credit Card,Home & Kitchen,3,1912.08,10.0,5162.62,17.3,1.2,5,2.074,No
MRD-104255,2025-10-13,C42173,Retail,Delhi NCR,Delhi NCR,Mobile App,Credit Card,Apparel,3,746.94,15.0,1904.7,37.7,1.0,5,1.22,Yes
MRD-103935,2025-10-13,C38800,Retail,Mumbai,Mumbai West,Website,Credit Card,Grocery,3,173.17,0.0,519.51,7.3,2.8,5,1.752,No
MRD-104647,2025-10-13,C96259,Retail,Delhi NCR,Delhi NCR,Marketplace,UPI,Home & Kitchen,1,3104.35,0.0,3104.35,15.9,1.4,2,2.22,No
MRD-103645,2025-10-13,C23532,Retail,Mumbai,Mumbai West,Mobile App,Cash on Delivery,Home & Kitchen,2,1757.3,10.0,3163.14,21.0,3.7,4,1.817,No
MRD-104308,2025-10-13,C96338,Retail,Bengaluru,Bengaluru South,Mobile App,UPI,Beauty,2,414.96,5.0,788.42,27.5,5.1,3,1.929,No
MRD-102764,2025-10-13,C50246,Retail,Delhi NCR,Delhi NCR,Mobile App,Debit Card,Apparel,1,347.08,15.0,295.02,30.6,1.0,5,1.209,No
MRD-104759,2025-10-13,C21802,Retail,Delhi NCR,Delhi NCR,Marketplace,UPI,Grocery,1,205.18,10.0,184.66,5.8,1.0,5,2.604,No
MRD-100358,2025-10-13,C48869,Retail,Bengaluru,Bengaluru South,Website,Credit Card,Apparel,2,553.6,0.0,1107.2,42.4,4.0,5,2.332,No
MRD-102443,2025-10-13,C83599,Retail,Delhi NCR,Delhi NCR,Website,Cash on Delivery,Grocery,1,285.05,10.0,256.54,4.3,20.6,1,1.744,No
MRD-101769,2025-10-13,C92023,Retail,Delhi NCR,Delhi NCR,Mobile App,Cash on Delivery,Apparel,3,571.92,0.0,1715.76,31.4,3.3,4,0.837,No
MRD-101546,2025-10-13,C39090,Retail,Mumbai,Mumbai West,Mobile App,Cash on Delivery,Electronics,1,4123.76,10.0,3711.38,7.3,3.1,5,1.23,No
MRD-101248,2025-10-13,C46906,Retail,Mumbai,Mumbai West,Website,UPI,Grocery,3,281.47,0.0,844.41,1.0,3.8,1,1.885,No
MRD-104413,2025-10-14,C29627,Retail,Mumbai,Mumbai West,Mobile App,Cash on Delivery,Electronics,2,3092.15,20.0,4947.44,9.3,3.6,5,1.17,No
MRD-104941,2025-10-14,C88676,Retail,Bengaluru,Bengaluru South,Mobile App,UPI,Grocery,2,225.43,20.0,360.69,3.3,1.4,4,1.801,No
MRD-103798,2025-10-14,C21634,Retail,Bengaluru,Bengaluru South,Mobile App,UPI,Apparel,2,952.89,15.0,1619.91,26.5,1.0,5,2.216,No
MRD-100847,2025-10-14,C10229,Retail,Bengaluru,Bengaluru South,Mobile App,UPI,Electronics,2,1440.41,5.0,2736.78,6.7,2.1,5,1.81,No
MRD-103996,2025-10-14,C92831,Retail,Mumbai,Mumbai West,Mobile App,UPI,Grocery,2,246.58,20.0,394.53,2.4,3.9,4,1.355,No
MRD-102152,2025-10-14,C25368,Corporate,Bengaluru,Bengaluru South,Website,Credit Card,Home & Kitchen,30,1513.3,8.5,41540.08,25.0,3.9,1,1.742,No
MRD-104159,2025-10-14,C70529,Retail,Mumbai,Mumbai West,Mobile App,Cash on Delivery,Electronics,2,5625.03,5.0,10687.56,10.7,3.3,5,1.733,Yes
MRD-103052,2025-10-14,C96617,Retail,Bengaluru,Bengaluru South,Mobile App,UPI,Apparel,2,626.57,0.0,1253.14,31.4,4.2,2,1.863,No
MRD-103103,2025-10-14,C25144,Retail,Bengaluru,Bengaluru South,Mobile App,Cash on Delivery,Apparel,1,976.28,0.0,976.28,34.4,3.3,4,1.506,No
MRD-103769,2025-10-14,C59187,Retail,Delhi NCR,Delhi NCR,Mobile App,Credit Card,Home & Kitchen,2,880.37,0.0,1760.74,24.1,1.0,4,1.718,No
MRD-101667,2025-10-15,C97230,Corporate,Delhi NCR,Delhi NCR,Mobile App,Cash on Delivery,Grocery,24,186.51,14.2,3840.61,4.0,2.3,5,1.125,No
MRD-104863,2025-10-15,C74951,Retail,Delhi NCR,Delhi NCR,Mobile App,Cash on Delivery,Apparel,3,1333.24,0.0,3999.72,31.4,2.4,2,2.296,Yes
MRD-100842,2025-10-15,C19882,Retail,Delhi NCR,Delhi NCR,Mobile App,UPI,Apparel,1,1367.26,0.0,1367.26,26.7,1.0,5,1.89,Yes
MRD-100774,2025-10-15,C83354,Retail,Delhi NCR,Delhi NCR,Marketplace,Credit Card,Electronics,2,8495.09,10.0,15291.16,9.1,4.0,1,1.337,Yes
MRD-101765,2025-10-15,C96679,Retail,Mumbai,Mumbai West,Website,Credit Card,Apparel,3,1112.02,20.0,2668.85,42.7,3.3,5,1.608,No
MRD-103461,2025-10-15,C74705,Retail,Delhi NCR,Delhi NCR,Marketplace,UPI,Home & Kitchen,3,2393.8,10.0,6463.26,17.0,7.2,4,2.539,No
MRD-102004,2025-10-15,C97557,Retail,Bengaluru,Bengaluru South,Mobile App,UPI,Beauty,1,871.92,0.0,871.92,27.7,3.5,4,1.818,No
MRD-104066,2025-10-15,C58697,Retail,Bengaluru,Bengaluru South,Mobile App,UPI,Electronics,2,4030.82,0.0,8061.64,10.3,3.6,5,1.599,No
MRD-100925,2025-10-15,C99526,Retail,Delhi NCR,Delhi NCR,Mobile App,Credit Card,Electronics,2,2332.0,0.0,4664.0,4.8,5.9,5,1.698,No
MRD-102810,2025-10-15,C33949,Retail,Delhi NCR,Delhi NCR,Mobile App,Credit Card,Beauty,2,612.76,0.0,1225.52,25.9,1.0,4,0.966,No
MRD-100654,2025-10-15,C60641,Retail,Mumbai,Mumbai West,Mobile App,Credit Card,Beauty,2,886.95,20.0,1419.12,30.6,2.6,1,1.095,No
MRD-102228,2025-10-16,C69611,Retail,Delhi NCR,Delhi NCR,Marketplace,UPI,Grocery,6,192.11,0.0,1152.66,4.3,2.3,3,2.444,No
MRD-104472,2025-10-16,C61201,Corporate,Bengaluru,Bengaluru South,Mobile App,Debit Card,Apparel,27,1146.99,26.9,22638.14,27.2,2.0,4,1.573,Yes
MRD-100315,2025-10-16,C62410,Retail,Delhi NCR,Delhi NCR,Mobile App,UPI,Grocery,2,228.67,15.0,388.74,2.3,3.8,5,1.555,No
MRD-100143,2025-10-16,C42487,Retail,Bengaluru,Bengaluru South,Website,Net Banking,Grocery,1,212.2,0.0,212.2,3.9,5.7,4,1.676,No
MRD-104368,2025-10-16,C72435,Retail,Mumbai,Mumbai West,Marketplace,Credit Card,Home & Kitchen,2,2127.51,15.0,3616.77,14.6,2.9,5,1.914,No
MRD-100785,2025-10-16,C78619,Retail,Mumbai,Mumbai West,Mobile App,UPI,Apparel,2,1058.78,0.0,2117.56,21.6,3.3,4,1.321,No
MRD-103105,2025-10-16,C78852,Retail,Bengaluru,Bengaluru South,Mobile App,Credit Card,Beauty,2,686.41,15.0,1166.9,21.6,5.3,5,1.708,No
MRD-102800,2025-10-16,C33494,Corporate,Mumbai,Mumbai West,Mobile App,UPI,Electronics,22,5779.99,23.2,97658.71,9.0,3.4,4,2.084,No
MRD-102693,2025-10-16,C53948,Retail,Delhi NCR,Delhi NCR,Mobile App,UPI,Electronics,2,6593.46,20.0,10549.54,8.4,2.7,4,2.053,No
MRD-102256,2025-10-16,C82996,Retail,Mumbai,Mumbai West,Website,Cash on Delivery,Grocery,2,221.43,0.0,442.86,4.8,3.7,2,2.103,No
MRD-100427,2025-10-16,C45617,Retail,Delhi NCR,Delhi NCR,Marketplace,Cash on Delivery,Beauty,2,634.99,0.0,1269.98,28.3,1.0,3,2.539,No
MRD-103561,2025-10-16,C34272,Retail,Bengaluru,Bengaluru South,Website,Credit Card,Grocery,1,244.61,0.0,244.61,5.3,2.8,2,2.522,No
MRD-102500,2025-10-16,C98426,Retail,Delhi NCR,Delhi NCR,Mobile App,UPI,Electronics,3,7599.83,0.0,22799.49,6.8,3.1,3,1.178,No
MRD-103970,2025-10-16,C56252,Retail,Mumbai,Mumbai West,Mobile App,UPI,Grocery,3,287.53,15.0,733.2,3.5,3.6,5,1.793,No
MRD-101985,2025-10-16,C49237,Retail,Delhi NCR,Delhi NCR,Mobile App,UPI,Grocery,2,211.94,0.0,423.88,4.0,4.5,4,2.19,No
MRD-101731,2025-10-16,C23333,Retail,Delhi NCR,Delhi NCR,Website,Cash on Delivery,Grocery,2,225.95,0.0,451.9,3.8,4.4,1,1.764,No
MRD-102255,2025-10-16,C83263,Retail,Mumbai,Mumbai West,Mobile App,UPI,Home & Kitchen,1,1049.36,0.0,1049.36,16.0,3.6,4,1.408,No
MRD-102030,2025-10-16,C72311,Retail,Bengaluru,Bengaluru South,Mobile App,Debit Card,Home & Kitchen,1,1499.92,5.0,1424.92,16.8,1.4,3,1.853,No
MRD-102547,2025-10-17,C77728,Retail,Bengaluru,Bengaluru South,Mobile App,UPI,Home & Kitchen,1,1383.81,15.0,1176.24,23.9,3.9,2,1.725,No
MRD-100960,2025-10-17,C89580,Retail,Bengaluru,Bengaluru South,Website,Net Banking,Grocery,2,199.08,20.0,318.53,2.2,4.4,2,1.422,No
MRD-104854,2025-10-17,C16798,Corporate,Delhi NCR,Delhi NCR,Mobile App,UPI,Home & Kitchen,29,2348.57,24.9,51149.51,15.8,2.8,4,2.582,No
MRD-102741,2025-10-17,C75679,Retail,Mumbai,Mumbai West,Website,Wallet,Apparel,2,712.18,0.0,1424.36,36.5,4.1,3,2.091,Yes
MRD-102965,2025-10-17,C19539,Retail,Delhi NCR,Delhi NCR,Mobile App,Cash on Delivery,Home & Kitchen,4,1447.38,0.0,5789.52,13.2,4.5,5,2.458,No
MRD-103939,2025-10-17,C78193,Corporate,Mumbai,Mumbai West,Mobile App,UPI,Electronics,20,2507.4,25.2,37510.7,3.8,4.0,5,1.672,No
MRD-102774,2025-10-17,C95372,Retail,Bengaluru,Bengaluru South,Website,UPI,Apparel,2,599.97,10.0,1079.95,31.9,3.0,5,1.092,No
MRD-103479,2025-10-17,C11966,Retail,Bengaluru,Bengaluru South,Marketplace,Wallet,Grocery,1,135.23,20.0,108.18,4.7,2.5,4,1.274,No
MRD-100257,2025-10-17,C32828,Retail,Delhi NCR,Delhi NCR,Mobile App,Cash on Delivery,Apparel,4,571.99,10.0,2059.16,29.0,1.0,4,2.304,Yes
MRD-104500,2025-10-17,C87306,Retail,Delhi NCR,Delhi NCR,Marketplace,Net Banking,Beauty,2,675.69,10.0,1216.24,22.6,2.9,3,1.754,No
MRD-100583,2025-10-17,C44422,Retail,Delhi NCR,Delhi NCR,Mobile App,UPI,Electronics,2,3636.59,10.0,6545.86,9.1,6.3,4,1.598,No
MRD-100562,2025-10-17,C59479,Retail,Delhi NCR,Delhi NCR,Mobile App,Credit Card,Electronics,1,8367.02,0.0,8367.02,6.8,1.0,5,2.694,No
MRD-104832,2025-10-17,C23493,Retail,Bengaluru,Bengaluru South,Mobile App,Credit Card,Grocery,1,362.01,0.0,362.01,3.4,3.4,4,1.914,No
MRD-100655,2025-10-17,C53406,Retail,Bengaluru,Bengaluru South,Mobile App,UPI,Grocery,1,209.09,0.0,209.09,4.4,1.0,2,1.995,No
MRD-100881,2025-10-18,C96892,Retail,Mumbai,Mumbai West,Website,UPI,Apparel,3,1940.16,0.0,5820.48,31.6,3.4,3,2.269,No
MRD-104621,2025-10-18,C50131,Retail,Delhi NCR,Delhi NCR,Mobile App,Credit Card,Grocery,2,159.96,0.0,319.92,4.3,1.0,5,2.312,No
MRD-100023,2025-10-18,C32393,Retail,Mumbai,Mumbai West,Mobile App,UPI,Electronics,2,475.92,20.0,761.47,3.2,3.4,2,1.861,No
MRD-102475,2025-10-18,C48597,Retail,Delhi NCR,Delhi NCR,Website,Net Banking,Grocery,1,312.42,0.0,312.42,4.2,3.7,4,0.638,No
MRD-101617,2025-10-18,C57331,Retail,Bengaluru,Bengaluru South,Website,UPI,Grocery,3,242.3,20.0,581.52,4.7,3.1,3,1.047,No
MRD-101351,2025-10-19,C30586,Retail,Bengaluru,Bengaluru South,Mobile App,UPI,Grocery,2,196.95,0.0,393.9,1.4,1.0,1,2.071,No
MRD-104429,2025-10-19,C56714,Retail,Bengaluru,Bengaluru South,Website,Credit Card,Apparel,1,1337.12,5.0,1270.26,38.3,2.8,4,2.003,No
MRD-100111,2025-10-19,C77677,Retail,Mumbai,Mumbai West,Mobile App,Credit Card,Electronics,1,8578.55,0.0,8578.55,6.8,3.7,4,2.035,No
MRD-104440,2025-10-19,C58612,Retail,Bengaluru,Bengaluru South,Mobile App,Credit Card,Grocery,1,210.25,0.0,210.25,5.5,5.5,1,1.922,No
MRD-102845,2025-10-19,C91082,Retail,Delhi NCR,Delhi NCR,Website,UPI,Electronics,3,4279.76,15.0,10913.39,8.5,2.4,4,1.657,No
MRD-103585,2025-10-19,C13889,Retail,Bengaluru,Bengaluru South,Website,UPI,Electronics,3,3222.52,10.0,8700.8,9.1,1.0,5,1.65,No
MRD-103301,2025-10-19,C83286,Corporate,Mumbai,Mumbai West,Mobile App,Debit Card,Apparel,24,688.65,14.1,14197.21,33.6,3.2,4,1.448,No
MRD-104615,2025-10-19,C52986,Retail,Bengaluru,Bengaluru South,Mobile App,Wallet,Apparel,1,1868.78,0.0,1868.78,32.8,2.6,4,1.408,No
MRD-103089,2025-10-19,C49833,Corporate,Delhi NCR,Delhi NCR,Website,Credit Card,Electronics,20,2836.77,11.5,50210.83,8.1,2.8,5,2.117,No
MRD-104053,2025-10-19,C55842,Retail,Mumbai,Mumbai West,Mobile App,Cash on Delivery,Grocery,3,236.53,10.0,638.63,4.8,3.5,5,1.945,No
MRD-102399,2025-10-19,C15924,Retail,Mumbai,Mumbai West,Mobile App,UPI,Home & Kitchen,2,4511.79,20.0,7218.86,12.1,2.7,1,1.663,No
MRD-103038,2025-10-19,C40413,Retail,Bengaluru,Bengaluru South,Website,Debit Card,Electronics,1,1590.73,20.0,1272.58,12.0,2.3,5,0.94,No
MRD-101493,2025-10-20,C67743,Retail,Mumbai,Mumbai West,Mobile App,Net Banking,Electronics,2,3474.58,0.0,6949.16,5.9,4.1,4,1.863,No
MRD-100015,2025-10-20,C89154,Retail,Bengaluru,Bengaluru South,Mobile App,Cash on Delivery,Apparel,1,490.28,0.0,490.28,31.5,5.5,5,2.367,No
MRD-104870,2025-10-20,C94437,Corporate,Delhi NCR,Delhi NCR,Mobile App,Credit Card,Beauty,35,1147.32,9.7,36261.05,23.5,4.6,4,2.11,No
MRD-102649,2025-10-20,C69008,Corporate,Bengaluru,Bengaluru South,Mobile App,Cash on Delivery,Home & Kitchen,24,853.17,21.3,16114.67,14.6,3.4,4,1.727,No
MRD-100331,2025-10-20,C27615,Retail,Mumbai,Mumbai West,Website,Credit Card,Electronics,1,1205.05,15.0,1024.29,7.2,3.8,2,1.646,Yes
MRD-100570,2025-10-20,C91132,Retail,Mumbai,Mumbai West,Website,UPI,Home & Kitchen,2,2567.21,20.0,4107.54,16.2,3.7,4,1.53,No
MRD-100215,2025-10-20,C88422,Retail,Bengaluru,Bengaluru South,Mobile App,UPI,Electronics,1,2097.52,20.0,1678.02,8.1,3.4,2,1.889,No
MRD-100193,2025-10-20,C69350,Retail,Delhi NCR,Delhi NCR,Mobile App,Debit Card,Grocery,3,189.36,15.0,482.87,2.0,4.5,5,1.181,No
MRD-103330,2025-10-20,C24229,Retail,Bengaluru,Bengaluru South,Website,Cash on Delivery,Beauty,2,853.88,0.0,1707.76,26.5,1.0,5,1.766,No
MRD-101688,2025-10-20,C99623,Retail,Delhi NCR,Delhi NCR,Mobile App,UPI,Beauty,1,1167.83,0.0,1167.83,18.3,1.6,4,1.362,No
MRD-104865,2025-10-20,C26742,Retail,Delhi NCR,Delhi NCR,Mobile App,UPI,Electronics,2,2248.58,15.0,3822.59,10.9,3.0,4,1.798,No
MRD-102779,2025-10-21,C47556,Retail,Mumbai,Mumbai West,Mobile App,Credit Card,Apparel,2,459.5,0.0,919.0,31.5,3.1,5,2.026,No
MRD-103116,2025-10-21,C57626,Retail,Bengaluru,Bengaluru South,Mobile App,UPI,Home & Kitchen,1,4099.25,20.0,3279.4,19.9,6.2,4,2.62,No
MRD-100205,2025-10-21,C13161,Retail,Delhi NCR,Delhi NCR,Mobile App,UPI,Apparel,2,2165.94,0.0,4331.88,34.5,5.0,4,2.387,Yes
MRD-100606,2025-10-21,C19483,Retail,Bengaluru,Bengaluru South,Mobile App,UPI,Apparel,2,1062.75,10.0,1912.95,31.6,3.4,5,1.851,No
MRD-103481,2025-10-21,C86075,Retail,Mumbai,Mumbai West,Mobile App,Cash on Delivery,Grocery,4,204.85,0.0,819.4,7.3,3.5,4,1.654,No
MRD-100005,2025-10-21,C44860,Retail,Delhi NCR,Delhi NCR,Mobile App,Net Banking,Apparel,3,1427.83,0.0,4283.49,26.4,2.4,4,2.181,No
MRD-101775,2025-10-21,C59176,Retail,Mumbai,Mumbai West,Mobile App,Debit Card,Home & Kitchen,1,2402.54,15.0,2042.16,11.5,2.6,5,2.391,No
MRD-102928,2025-10-21,C23080,Retail,Delhi NCR,Delhi NCR,Mobile App,UPI,Apparel,2,520.09,0.0,1040.18,22.7,3.0,4,2.056,No
MRD-104398,2025-10-21,C65716,Retail,Delhi NCR,Delhi NCR,Marketplace,UPI,Apparel,3,637.3,0.0,1911.9,35.8,4.0,4,2.404,No
MRD-101933,2025-10-21,C94900,Retail,Mumbai,Mumbai West,Website,Debit Card,Electronics,1,6493.21,15.0,5519.23,8.6,3.3,4,2.154,No
MRD-104256,2025-10-21,C19162,Retail,Delhi NCR,Delhi NCR,Mobile App,Cash on Delivery,Apparel,1,1491.46,0.0,1491.46,25.6,18.0,2,1.86,No
MRD-104725,2025-10-21,C46256,Retail,Delhi NCR,Delhi NCR,Website,UPI,Grocery,3,261.67,10.0,706.51,5.4,1.0,5,0.908,No
MRD-101477,2025-10-21,C60384,Retail,Mumbai,Mumbai West,Website,UPI,Beauty,2,1275.02,0.0,2550.04,26.7,3.9,4,1.659,No
MRD-103262,2025-10-21,C42490,Corporate,Mumbai,Mumbai West,Website,UPI,Apparel,22,729.12,12.1,14099.72,33.1,3.3,5,1.89,Yes
MRD-101409,2025-10-21,C13068,Retail,Delhi NCR,Delhi NCR,Mobile App,Cash on Delivery,Apparel,2,1953.49,5.0,3711.63,32.4,4.2,2,2.031,Yes
MRD-103314,2025-10-21,C42440,Retail,Mumbai,Mumbai West,Website,Credit Card,Electronics,2,2348.78,15.0,3992.93,8.3,2.5,5,2.101,No
MRD-102548,2025-10-22,C27375,Retail,Mumbai,Mumbai West,Mobile App,UPI,Apparel,1,1612.34,10.0,1451.11,26.0,3.5,3,1.596,No
MRD-103130,2025-10-22,C26378,Retail,Mumbai,Mumbai West,Website,Credit Card,Home & Kitchen,2,1872.58,0.0,3745.16,20.6,4.0,2,2.058,Yes
MRD-102786,2025-10-22,C51498,Retail,Mumbai,Mumbai West,Mobile App,Net Banking,Electronics,2,4193.15,0.0,8386.3,8.9,3.4,4,1.802,No
MRD-102229,2025-10-22,C55222,Retail,Delhi NCR,Delhi NCR,Marketplace,UPI,Grocery,3,206.45,10.0,557.42,4.4,4.1,3,1.571,Yes
MRD-100728,2025-10-22,C67007,Retail,Mumbai,Mumbai West,Website,Debit Card,Apparel,2,857.93,0.0,1715.86,30.4,3.3,5,1.664,No
MRD-101084,2025-10-22,C97123,Corporate,Bengaluru,Bengaluru South,Marketplace,Debit Card,Electronics,28,6137.92,22.8,132677.28,9.7,5.0,4,2.077,No
MRD-102621,2025-10-23,C34727,Retail,Delhi NCR,Delhi NCR,Mobile App,Net Banking,Home & Kitchen,2,1407.87,20.0,2252.59,17.7,1.4,4,1.571,No
MRD-101444,2025-10-23,C67374,Retail,Mumbai,Mumbai West,Mobile App,Credit Card,Apparel,3,709.99,0.0,2129.97,37.8,3.1,4,1.852,Yes
MRD-101928,2025-10-23,C62047,Retail,Delhi NCR,Delhi NCR,Website,UPI,Electronics,1,3785.62,0.0,3785.62,6.2,1.0,1,1.955,No
MRD-101639,2025-10-23,C99315,Retail,Bengaluru,Bengaluru South,Mobile App,Wallet,Home & Kitchen,1,909.6,0.0,909.6,14.1,2.3,3,1.666,No
MRD-102386,2025-10-23,C21575,Retail,Mumbai,Mumbai West,Marketplace,UPI,Apparel,3,1410.1,0.0,4230.3,31.0,3.2,3,1.884,No
MRD-101026,2025-10-23,C67410,Retail,Mumbai,Mumbai West,Mobile App,UPI,Home & Kitchen,2,1176.52,20.0,1882.43,16.0,4.0,3,1.928,No
MRD-102322,2025-10-23,C52599,Retail,Bengaluru,Bengaluru South,Marketplace,Debit Card,Home & Kitchen,4,1870.85,20.0,5986.72,11.4,2.5,2,1.528,Yes
MRD-101238,2025-10-23,C55174,Retail,Bengaluru,Bengaluru South,Website,UPI,Grocery,2,269.78,5.0,512.58,2.1,1.9,3,1.832,No
MRD-103118,2025-10-23,C95591,Retail,Bengaluru,Bengaluru South,Mobile App,Debit Card,Apparel,2,1181.89,15.0,2009.21,37.4,2.5,2,1.683,No
MRD-101600,2025-10-23,C61620,Retail,Delhi NCR,Delhi NCR,Mobile App,Credit Card,Apparel,1,762.66,5.0,724.53,36.7,1.8,1,2.228,No
MRD-104749,2025-10-23,C56557,Retail,Bengaluru,Bengaluru South,Website,UPI,Electronics,3,2901.29,10.0,7833.48,8.9,4.8,5,1.284,Yes
MRD-103326,2025-10-24,C82434,Retail,Bengaluru,Bengaluru South,Mobile App,Debit Card,Grocery,1,317.63,15.0,269.99,3.0,6.2,4,1.55,No
MRD-104232,2025-10-24,C83491,Retail,Mumbai,Mumbai West,Mobile App,UPI,Grocery,1,314.89,0.0,314.89,4.5,2.1,4,2.164,No
MRD-102281,2025-10-24,C62834,Retail,Bengaluru,Bengaluru South,Mobile App,UPI,Grocery,1,247.07,5.0,234.72,5.4,3.1,5,1.405,No
MRD-102089,2025-10-24,C56757,Corporate,Bengaluru,Bengaluru South,Mobile App,UPI,Grocery,30,192.9,22.9,4461.78,2.1,3.9,3,1.918,No
MRD-104822,2025-10-24,C63536,Retail,Delhi NCR,Delhi NCR,Marketplace,Debit Card,Electronics,2,3853.58,5.0,7321.8,8.9,5.2,4,1.637,No
MRD-101180,2025-10-24,C80794,Retail,Bengaluru,Bengaluru South,Mobile App,Credit Card,Apparel,2,948.86,0.0,1897.72,39.1,7.3,1,1.139,No
MRD-101880,2025-10-24,C58968,Retail,Bengaluru,Bengaluru South,Website,Cash on Delivery,Home & Kitchen,2,1554.81,0.0,3109.62,21.0,4.5,5,1.861,No
MRD-104997,2025-10-24,C93334,Retail,Bengaluru,Bengaluru South,Marketplace,Debit Card,Grocery,5,207.78,0.0,1038.9,5.3,2.6,2,1.577,No
MRD-104522,2025-10-24,C42264,Retail,Bengaluru,Bengaluru South,Website,Cash on Delivery,Apparel,1,885.06,0.0,885.06,26.3,1.3,1,1.654,No
MRD-104600,2025-10-24,C87302,Retail,Mumbai,Mumbai West,Mobile App,UPI,Electronics,1,11058.59,0.0,11058.59,5.6,3.6,5,1.968,No
MRD-103499,2025-10-24,C26099,Retail,Bengaluru,Bengaluru South,Marketplace,UPI,Electronics,1,4635.59,10.0,4172.03,10.8,4.2,3,1.998,No
MRD-100109,2025-10-24,C51314,Retail,Mumbai,Mumbai West,Mobile App,Cash on Delivery,Electronics,3,2028.51,0.0,6085.53,8.1,3.4,4,0.972,No
MRD-104369,2025-10-25,C36538,Retail,Delhi NCR,Delhi NCR,Website,UPI,Grocery,1,201.92,5.0,191.82,4.4,1.0,4,1.501,No
MRD-102831,2025-10-25,C22049,Retail,Delhi NCR,Delhi NCR,Website,Wallet,Grocery,3,258.46,15.0,659.07,1.4,1.0,1,1.204,No
MRD-103158,2025-10-25,C79504,Retail,Mumbai,Mumbai West,Mobile App,UPI,Grocery,1,225.73,5.0,214.44,4.8,3.7,4,1.768,No
MRD-101742,2025-10-25,C98739,Retail,Bengaluru,Bengaluru South,Mobile App,Credit Card,Home & Kitchen,2,1151.48,0.0,2302.96,17.4,4.0,5,2.134,No
MRD-103634,2025-10-25,C95239,Retail,Bengaluru,Bengaluru South,Marketplace,UPI,Apparel,1,661.94,5.0,628.84,34.8,4.8,3,1.593,No
MRD-100890,2025-10-25,C57241,Retail,Delhi NCR,Delhi NCR,Mobile App,Credit Card,Apparel,2,1222.12,5.0,2322.03,31.8,2.3,2,2.23,Yes
MRD-101830,2025-10-25,C25357,Retail,Mumbai,Mumbai West,Mobile App,Cash on Delivery,Home & Kitchen,1,2039.13,5.0,1937.17,13.6,2.4,5,1.395,No
MRD-104028,2025-10-25,C71746,Retail,Bengaluru,Bengaluru South,Mobile App,Credit Card,Apparel,3,1399.06,20.0,3357.74,38.2,2.0,5,2.548,No
MRD-103730,2025-10-25,C62739,Corporate,Bengaluru,Bengaluru South,Website,UPI,Electronics,34,6224.69,24.8,159152.87,8.8,2.2,4,2.111,No
MRD-100664,2025-10-25,C99931,Retail,Bengaluru,Bengaluru South,Mobile App,Cash on Delivery,Apparel,4,569.69,0.0,2278.76,27.2,1.8,5,2.307,No
MRD-102463,2025-10-25,C57792,Retail,Bengaluru,Bengaluru South,Mobile App,Credit Card,Electronics,3,1856.23,0.0,5568.69,8.5,6.9,3,2.013,No
MRD-104408,2025-10-25,C39186,Retail,Bengaluru,Bengaluru South,Website,UPI,Electronics,1,2338.62,20.0,1870.9,10.5,1.2,4,1.866,No
MRD-101395,2025-10-25,C91630,Retail,Bengaluru,Bengaluru South,Mobile App,Wallet,Apparel,2,1057.4,0.0,2114.8,18.5,3.0,5,1.933,Yes
MRD-101001,2025-10-25,C74978,Corporate,Delhi NCR,Delhi NCR,Mobile App,UPI,Electronics,28,3427.16,25.5,71490.56,11.5,2.5,4,2.052,No
MRD-102435,2025-10-26,C58088,Retail,Delhi NCR,Delhi NCR,Website,Cash on Delivery,Electronics,2,5667.43,0.0,11334.86,9.6,6.3,4,1.66,No
MRD-102709,2025-10-26,C38877,Retail,Mumbai,Mumbai West,Marketplace,Cash on Delivery,Home & Kitchen,3,1793.53,20.0,4304.47,20.5,3.2,4,2.193,No
MRD-102839,2025-10-26,C18166,Retail,Bengaluru,Bengaluru South,Mobile App,Credit Card,Grocery,4,205.31,20.0,656.99,5.5,3.9,1,2.202,No
MRD-100362,2025-10-26,C13939,Retail,Mumbai,Mumbai West,Website,UPI,Home & Kitchen,1,804.86,15.0,684.13,16.3,2.3,2,2.183,No
MRD-100659,2025-10-26,C57633,Corporate,Delhi NCR,Delhi NCR,Mobile App,Credit Card,Home & Kitchen,30,1631.19,25.2,36603.9,18.4,2.9,5,1.164,No
MRD-102570,2025-10-26,C27267,Retail,Bengaluru,Bengaluru South,Website,Cash on Delivery,Grocery,2,231.23,0.0,462.46,4.9,5.7,2,2.079,Yes
MRD-101888,2025-10-26,C24925,Retail,Mumbai,Mumbai West,Mobile App,UPI,Grocery,1,121.94,0.0,121.94,3.4,3.2,4,1.784,No
MRD-103762,2025-10-27,C50123,Corporate,Mumbai,Mumbai West,Mobile App,Debit Card,Electronics,28,1990.53,14.2,47820.49,3.4,2.7,3,2.073,No
MRD-102259,2025-10-27,C68124,Retail,Bengaluru,Bengaluru South,Mobile App,Wallet,Electronics,2,7814.46,15.0,13284.58,10.9,3.6,2,2.89,No
MRD-102375,2025-10-27,C99199,Retail,Bengaluru,Bengaluru South,Website,Debit Card,Grocery,3,300.97,5.0,857.76,5.4,1.0,3,3.031,No
MRD-102246,2025-10-27,C12078,Retail,Mumbai,Mumbai West,Marketplace,UPI,Apparel,1,1327.41,20.0,1061.93,19.2,4.1,4,1.292,No
MRD-103642,2025-10-27,C95049,Retail,Mumbai,Mumbai West,Marketplace,Debit Card,Home & Kitchen,1,2245.07,0.0,2245.07,20.7,2.4,5,1.158,No
MRD-103747,2025-10-27,C31649,Corporate,Delhi NCR,Delhi NCR,Mobile App,Cash on Delivery,Home & Kitchen,27,2037.98,21.7,43084.94,16.6,1.0,5,2.627,No
MRD-103822,2025-10-27,C20460,Retail,Bengaluru,Bengaluru South,Website,Debit Card,Home & Kitchen,2,2196.21,0.0,4392.42,12.0,4.4,1,1.581,Yes
MRD-101550,2025-10-27,C66758,Retail,Delhi NCR,Delhi NCR,Mobile App,UPI,Grocery,1,218.05,0.0,218.05,1.4,8.6,4,1.739,No
MRD-104943,2025-10-27,C58562,Retail,Delhi NCR,Delhi NCR,Website,UPI,Home & Kitchen,3,688.07,0.0,2064.21,19.7,2.8,5,1.408,No
MRD-101450,2025-10-27,C76552,Retail,Delhi NCR,Delhi NCR,Mobile App,Net Banking,Beauty,1,1026.63,0.0,1026.63,22.3,4.6,3,1.827,No
MRD-100332,2025-10-27,C97570,Retail,Bengaluru,Bengaluru South,Website,UPI,Apparel,3,1081.32,0.0,3243.96,23.1,5.0,1,1.575,Yes
MRD-102577,2025-10-27,C16616,Retail,Mumbai,Mumbai West,Website,Net Banking,Home & Kitchen,4,1006.07,15.0,3420.64,16.0,3.1,4,1.884,No
MRD-101440,2025-10-27,C41149,Retail,Mumbai,Mumbai West,Mobile App,Debit Card,Apparel,4,621.2,10.0,2236.32,33.1,3.1,5,2.415,No
MRD-104135,2025-10-27,C63861,Retail,Delhi NCR,Delhi NCR,Mobile App,UPI,Electronics,2,3561.89,10.0,6411.4,7.4,2.1,4,1.699,No
MRD-101436,2025-10-27,C51335,Retail,Mumbai,Mumbai West,Mobile App,UPI,Grocery,2,205.29,0.0,410.58,4.5,2.7,4,2.213,No
MRD-102695,2025-10-27,C89632,Retail,Bengaluru,Bengaluru South,Marketplace,Net Banking,Apparel,1,835.75,0.0,835.75,25.8,3.6,5,1.484,Yes
MRD-104223,2025-10-27,C12518,Retail,Bengaluru,Bengaluru South,Mobile App,Cash on Delivery,Apparel,1,830.63,15.0,706.04,38.8,4.8,2,1.417,No
MRD-104993,2025-10-27,C20685,Retail,Bengaluru,Bengaluru South,Mobile App,Cash on Delivery,Grocery,3,203.46,0.0,610.38,2.7,4.6,5,1.193,No
MRD-103308,2025-10-27,C41317,Retail,Mumbai,Mumbai West,Mobile App,Debit Card,Apparel,1,1134.85,20.0,907.88,32.8,2.9,5,1.227,No
MRD-102410,2025-10-28,C54189,Retail,Mumbai,Mumbai West,Mobile App,Cash on Delivery,Beauty,1,691.66,0.0,691.66,28.6,2.2,4,1.035,No
MRD-104062,2025-10-28,C85148,Retail,Mumbai,Mumbai West,Mobile App,Cash on Delivery,Grocery,3,227.8,20.0,546.72,5.1,3.3,4,2.313,No
MRD-100577,2025-10-28,C66607,Retail,Bengaluru,Bengaluru South,Mobile App,Cash on Delivery,Home & Kitchen,1,2184.43,0.0,2184.43,13.1,1.0,5,2.639,No
MRD-102891,2025-10-28,C27327,Retail,Mumbai,Mumbai West,Marketplace,UPI,Apparel,1,1318.87,0.0,1318.87,33.9,3.0,5,2.41,No
MRD-102924,2025-10-28,C31638,Retail,Mumbai,Mumbai West,Mobile App,UPI,Grocery,1,201.98,15.0,171.68,5.5,2.9,3,1.691,No
MRD-102401,2025-10-28,C75498,Retail,Delhi NCR,Delhi NCR,Mobile App,Net Banking,Electronics,2,3826.86,20.0,6122.98,6.4,1.0,5,1.532,No
MRD-104823,2025-10-28,C30025,Retail,Delhi NCR,Delhi NCR,Mobile App,Cash on Delivery,Grocery,1,269.82,5.0,256.33,5.8,2.5,5,1.064,No
MRD-102121,2025-10-28,C82752,Retail,Delhi NCR,Delhi NCR,Mobile App,UPI,Electronics,1,5270.29,0.0,5270.29,7.2,9.9,4,2.291,No
MRD-100784,2025-10-28,C23096,Retail,Mumbai,Mumbai West,Marketplace,Credit Card,Apparel,2,1531.46,10.0,2756.63,30.9,3.1,2,1.741,No
MRD-104911,2025-10-28,C76070,Retail,Delhi NCR,Delhi NCR,Marketplace,Credit Card,Grocery,2,124.95,20.0,199.92,5.1,2.6,5,2.4,No
MRD-100017,2025-10-28,C50486,Retail,Mumbai,Mumbai West,Marketplace,Cash on Delivery,Grocery,4,194.23,5.0,738.07,7.2,3.2,5,1.955,No
MRD-104633,2025-10-28,C99827,Retail,Mumbai,Mumbai West,Mobile App,UPI,Beauty,1,712.87,0.0,712.87,23.9,3.3,2,1.831,Yes
MRD-102263,2025-10-28,C66366,Retail,Delhi NCR,Delhi NCR,Website,Cash on Delivery,Apparel,2,1190.38,20.0,1904.61,35.5,2.3,1,2.368,No
MRD-103592,2025-10-29,C42798,Retail,Delhi NCR,Delhi NCR,Website,Credit Card,Apparel,2,409.48,0.0,818.96,27.6,3.5,4,2.286,No
MRD-100712,2025-10-29,C85303,Retail,Mumbai,Mumbai West,Mobile App,UPI,Apparel,1,665.25,20.0,532.2,28.4,3.4,5,2.841,No
MRD-103856,2025-10-29,C40959,Retail,Bengaluru,Bengaluru South,Website,Debit Card,Electronics,1,2265.59,15.0,1925.75,8.4,5.1,4,2.577,No
MRD-101429,2025-10-29,C11982,Retail,Delhi NCR,Delhi NCR,Website,Debit Card,Home & Kitchen,1,3772.3,20.0,3017.84,18.0,25.2,1,1.416,Yes
MRD-103084,2025-10-29,C94369,Retail,Bengaluru,Bengaluru South,Mobile App,UPI,Home & Kitchen,2,993.2,0.0,1986.4,13.1,1.4,4,1.678,No
MRD-103276,2025-10-29,C83270,Retail,Mumbai,Mumbai West,Website,UPI,Home & Kitchen,1,1705.62,5.0,1620.34,13.2,3.0,3,2.277,No
MRD-101844,2025-10-29,C29405,Corporate,Delhi NCR,Delhi NCR,Mobile App,UPI,Grocery,31,162.67,10.7,4503.19,3.0,1.0,4,1.585,No
MRD-100929,2025-10-29,C26284,Retail,Delhi NCR,Delhi NCR,Mobile App,UPI,Electronics,3,4406.85,15.0,11237.47,5.0,1.0,2,1.009,No
MRD-100742,2025-10-29,C16649,Corporate,Mumbai,Mumbai West,Mobile App,Cash on Delivery,Grocery,28,205.02,8.7,5241.13,5.2,3.9,4,0.734,No
MRD-102860,2025-10-29,C14403,Retail,Bengaluru,Bengaluru South,Mobile App,Credit Card,Home & Kitchen,1,3159.39,0.0,3159.39,14.5,2.3,4,1.798,No
MRD-103427,2025-10-29,C80929,Retail,Bengaluru,Bengaluru South,Mobile App,Debit Card,Apparel,1,316.87,10.0,285.18,31.0,5.0,4,1.757,No
MRD-101555,2025-10-29,C85432,Retail,Delhi NCR,Delhi NCR,Mobile App,Debit Card,Grocery,1,165.41,0.0,165.41,3.4,3.0,5,1.816,No
MRD-102606,2025-10-29,C78192,Retail,Delhi NCR,Delhi NCR,Mobile App,Net Banking,Apparel,1,955.97,15.0,812.57,36.9,5.3,1,1.418,No
MRD-100412,2025-10-29,C36914,Retail,Delhi NCR,Delhi NCR,Marketplace,Cash on Delivery,Electronics,3,6211.71,0.0,18635.13,9.2,2.9,5,2.286,No
MRD-104868,2025-10-29,C58275,Retail,Bengaluru,Bengaluru South,Mobile App,Cash on Delivery,Electronics,3,17274.95,20.0,41459.88,5.7,1.4,3,2.494,No
MRD-104143,2025-10-29,C92584,Retail,Delhi NCR,Delhi NCR,Mobile App,UPI,Electronics,1,3085.03,15.0,2622.28,4.4,4.5,2,1.216,Yes
MRD-104967,2025-10-29,C72163,Retail,Mumbai,Mumbai West,Mobile App,UPI,Grocery,1,170.65,0.0,170.65,3.2,2.5,3,2.414,No
MRD-102587,2025-10-29,C30640,Retail,Delhi NCR,Delhi NCR,Marketplace,UPI,Apparel,4,1450.51,20.0,4641.63,25.0,1.0,4,2.371,No
MRD-103870,2025-10-30,C49730,Retail,Bengaluru,Bengaluru South,Website,Credit Card,Home & Kitchen,3,1386.99,5.0,3952.92,15.9,3.3,2,2.136,Yes
MRD-101596,2025-10-30,C60671,Retail,Delhi NCR,Delhi NCR,Marketplace,Debit Card,Grocery,2,234.15,5.0,444.88,2.8,3.1,5,2.534,No
MRD-101430,2025-10-30,C78506,Corporate,Bengaluru,Bengaluru South,Marketplace,Debit Card,Home & Kitchen,28,3442.0,14.6,82305.1,18.4,3.7,3,1.976,No
MRD-104525,2025-10-30,C77688,Retail,Bengaluru,Bengaluru South,Website,UPI,Apparel,1,2025.86,0.0,2025.86,30.8,3.8,5,1.623,No
MRD-101256,2025-10-30,C24877,Retail,Bengaluru,Bengaluru South,Mobile App,Debit Card,Apparel,4,1303.09,0.0,5212.36,25.2,3.6,5,1.629,No
MRD-101527,2025-10-30,C96597,Retail,Mumbai,Mumbai West,Mobile App,Credit Card,Grocery,2,194.86,0.0,389.72,6.4,3.0,4,2.024,No
MRD-101287,2025-10-30,C78148,Corporate,Delhi NCR,Delhi NCR,Mobile App,UPI,Electronics,26,11154.62,25.9,214904.91,9.2,1.0,5,2.17,No
MRD-104750,2025-10-30,C78161,Retail,Mumbai,Mumbai West,Mobile App,UPI,Apparel,1,1039.84,5.0,987.85,34.2,3.0,5,1.555,No
MRD-102935,2025-10-30,C38067,Corporate,Mumbai,Mumbai West,Mobile App,UPI,Grocery,26,241.7,24.8,4725.72,1.7,2.8,1,2.093,Yes
MRD-104257,2025-10-30,C64427,Retail,Bengaluru,Bengaluru South,Website,Debit Card,Home & Kitchen,2,1023.92,0.0,2047.84,15.2,4.9,5,0.873,No
MRD-103743,2025-10-31,C83374,Retail,Bengaluru,Bengaluru South,Mobile App,Cash on Delivery,Grocery,1,246.69,15.0,209.69,4.5,2.2,3,2.348,No
MRD-102996,2025-10-31,C98479,Retail,Mumbai,Mumbai West,Mobile App,UPI,Beauty,1,1085.4,0.0,1085.4,24.4,2.6,5,2.562,No
MRD-102994,2025-10-31,C11737,Corporate,Delhi NCR,Delhi NCR,Marketplace,Debit Card,Home & Kitchen,29,1439.99,25.8,30985.7,16.8,1.0,4,2.083,No
MRD-104086,2025-10-31,C26047,Retail,Mumbai,Mumbai West,Marketplace,Credit Card,Apparel,2,418.29,0.0,836.58,23.8,3.3,5,1.621,No
MRD-104978,2025-10-31,C69215,Retail,Delhi NCR,Delhi NCR,Website,Cash on Delivery,Grocery,1,218.1,0.0,218.1,4.9,2.8,4,1.49,No
MRD-101171,2025-10-31,C56039,Corporate,Mumbai,Mumbai West,Mobile App,UPI,Apparel,28,499.3,21.5,10974.61,32.0,4.4,4,1.872,No
MRD-104094,2025-10-31,C63387,Retail,Mumbai,Mumbai West,Website,UPI,Apparel,1,1088.95,0.0,1088.95,28.2,3.1,4,1.419,No
MRD-103869,2025-10-31,C99897,Retail,Delhi NCR,Delhi NCR,Mobile App,Debit Card,Apparel,2,897.04,10.0,1614.67,30.1,2.1,4,1.962,No
MRD-103046,2025-10-31,C87822,Retail,Mumbai,Mumbai West,Website,UPI,Grocery,2,167.62,5.0,318.48,3.9,3.1,4,1.336,No
MRD-100085,2025-10-31,C97535,Retail,Bengaluru,Bengaluru South,Mobile App,Credit Card,Grocery,1,321.39,0.0,321.39,4.7,2.7,1,0.836,No
MRD-103310,2025-10-31,C57381,Retail,Delhi NCR,Delhi NCR,Mobile App,UPI,Apparel,3,717.98,0.0,2153.94,29.4,4.3,3,1.908,No
MRD-100345,2025-10-31,C86289,Retail,Bengaluru,Bengaluru South,Mobile App,UPI,Grocery,3,303.92,0.0,911.76,4.2,2.2,1,1.76,No
MRD-102544,2025-10-31,C83874,Corporate,Mumbai,Mumbai West,Mobile App,Cash on Delivery,Grocery,25,205.91,21.8,4025.54,3.2,1.8,4,1.847,No
MRD-104305,2025-10-31,C52080,Corporate,Delhi NCR,Delhi NCR,Mobile App,Credit Card,Grocery,25,245.4,24.7,4619.66,2.1,3.5,5,2.217,No
MRD-103829,2025-10-31,C71067,Retail,Mumbai,Mumbai West,Website,Debit Card,Electronics,1,2304.0,0.0,2304.0,4.4,3.3,4,2.202,No
MRD-100152,2025-10-31,C19470,Retail,Mumbai,Mumbai West,Website,UPI,Apparel,1,861.63,5.0,818.55,39.4,3.2,5,2.749,No
MRD-103903,2025-10-31,C13593,Retail,Mumbai,Mumbai West,Mobile App,Debit Card,Apparel,1,481.03,5.0,456.98,34.9,3.0,3,1.932,No
MRD-103813,2025-10-31,C94333,Retail,Bengaluru,Bengaluru South,Website,Net Banking,Grocery,1,144.91,5.0,137.66,3.9,1.0,5,1.47,No
MRD-104869,2025-10-31,C77265,Retail,Bengaluru,Bengaluru South,Website,Debit Card,Grocery,2,188.02,10.0,338.44,8.2,3.5,5,1.741,No
MRD-100221,2025-10-31,C60214,Retail,Mumbai,Mumbai West,Website,Credit Card,Beauty,2,1394.95,0.0,2789.9,29.6,3.3,4,0.893,No
MRD-103613,2025-10-31,C55889,Retail,Delhi NCR,Delhi NCR,Mobile App,Credit Card,Electronics,2,1247.86,10.0,2246.15,7.6,3.9,5,1.802,No
MRD-100080,2025-10-31,C36341,Retail,Delhi NCR,Delhi NCR,Website,UPI,Apparel,2,2983.72,0.0,5967.44,29.4,1.1,2,1.79,No
MRD-102427,2025-11-01,C74862,Retail,Bengaluru,Bengaluru South,Mobile App,UPI,Apparel,2,764.78,10.0,1376.6,31.8,1.1,4,2.072,No
MRD-104238,2025-11-01,C35260,Corporate,Bengaluru,Bengaluru South,Mobile App,UPI,Grocery,26,154.27,9.5,3629.97,4.6,5.5,3,2.411,No
MRD-103647,2025-11-01,C40980,Retail,Mumbai,Mumbai West,Website,Cash on Delivery,Beauty,1,742.1,10.0,667.89,21.6,3.0,2,2.105,Yes
MRD-102453,2025-11-01,C17534,Retail,Bengaluru,Bengaluru South,Mobile App,UPI,Electronics,1,2736.59,0.0,2736.59,8.5,1.0,4,1.683,No
MRD-100399,2025-11-01,C15420,Retail,Delhi NCR,Delhi NCR,Website,UPI,Beauty,1,936.32,0.0,936.32,34.5,2.2,4,1.635,No
MRD-101923,2025-11-01,C35945,Retail,Mumbai,Mumbai West,Marketplace,Credit Card,Electronics,1,3216.44,20.0,2573.15,8.8,2.9,2,2.469,No
MRD-101413,2025-11-01,C27979,Retail,Mumbai,Mumbai West,Mobile App,UPI,Grocery,3,236.11,20.0,566.66,5.4,3.5,4,2.29,No
MRD-103519,2025-11-01,C66928,Retail,Delhi NCR,Delhi NCR,Website,Cash on Delivery,Apparel,1,554.27,0.0,554.27,38.2,3.4,1,2.25,Yes
MRD-101178,2025-11-01,C70563,Retail,Delhi NCR,Delhi NCR,Marketplace,UPI,Grocery,2,253.72,15.0,431.32,1.8,2.5,4,1.959,No
MRD-100789,2025-11-01,C10185,Corporate,Bengaluru,Bengaluru South,Website,Credit Card,Grocery,25,207.82,23.9,3953.78,3.0,4.4,1,2.532,Yes
MRD-104151,2025-11-01,C34923,Retail,Mumbai,Mumbai West,Website,UPI,Grocery,2,168.52,5.0,320.19,2.7,3.1,4,2.205,No
MRD-100805,2025-11-01,C35293,Retail,Delhi NCR,Delhi NCR,Website,UPI,Grocery,2,190.94,15.0,324.6,0.5,1.0,4,1.595,No
MRD-101891,2025-11-01,C97786,Retail,Mumbai,Mumbai West,Website,UPI,Apparel,1,927.01,0.0,927.01,28.8,2.4,5,0.478,No
MRD-101982,2025-11-01,C51325,Retail,Bengaluru,Bengaluru South,Marketplace,UPI,Apparel,1,2035.68,20.0,1628.54,31.0,6.2,5,1.413,No
MRD-103531,2025-11-01,C36495,Retail,Mumbai,Mumbai West,Mobile App,Net Banking,Electronics,2,6368.11,20.0,10188.98,10.1,2.4,5,1.384,No
MRD-101293,2025-11-01,C38730,Retail,Bengaluru,Bengaluru South,Website,UPI,Apparel,2,1456.11,15.0,2475.39,36.9,1.0,1,2.259,Yes
MRD-104572,2025-11-01,C94764,Retail,Mumbai,Mumbai West,Mobile App,Net Banking,Apparel,1,469.05,20.0,375.24,37.6,3.9,5,2.007,No
MRD-104511,2025-11-01,C66217,Retail,Bengaluru,Bengaluru South,Marketplace,UPI,Grocery,2,200.59,15.0,341.0,4.2,5.2,2,1.461,Yes
MRD-100704,2025-11-01,C96130,Retail,Mumbai,Mumbai West,Mobile App,Net Banking,Home & Kitchen,2,782.87,15.0,1330.88,16.1,3.1,2,2.413,No
MRD-101840,2025-11-02,C85929,Retail,Mumbai,Mumbai West,Mobile App,Debit Card,Apparel,1,1448.77,0.0,1448.77,31.3,3.4,5,2.357,Yes
MRD-101675,2025-11-02,C54860,Retail,Mumbai,Mumbai West,Website,Cash on Delivery,Home & Kitchen,2,982.45,5.0,1866.66,18.8,3.5,2,2.124,Yes
MRD-102118,2025-11-02,C39171,Retail,Delhi NCR,Delhi NCR,Mobile App,UPI,Grocery,1,244.94,20.0,195.95,2.7,1.0,5,1.644,No
MRD-103486,2025-11-02,C61621,Retail,Bengaluru,Bengaluru South,Mobile App,Debit Card,Electronics,1,3068.3,0.0,3068.3,10.9,4.7,2,1.891,Yes
MRD-104254,2025-11-02,C70344,Retail,Mumbai,Mumbai West,Mobile App,Debit Card,Electronics,2,3420.44,15.0,5814.75,8.5,3.0,5,1.728,No
MRD-101920,2025-11-02,C45219,Corporate,Bengaluru,Bengaluru South,Mobile App,Cash on Delivery,Electronics,40,3065.77,23.1,94303.09,9.1,1.8,2,2.136,No
MRD-100395,2025-11-02,C76333,Corporate,Bengaluru,Bengaluru South,Marketplace,Credit Card,Apparel,23,742.24,16.0,14340.08,27.6,2.4,4,2.386,No
MRD-104018,2025-11-02,C11377,Retail,Mumbai,Mumbai West,Website,Debit Card,Electronics,2,2540.08,20.0,4064.13,6.0,2.5,1,1.506,Yes
MRD-102635,2025-11-02,C11960,Retail,Mumbai,Mumbai West,Mobile App,Credit Card,Apparel,2,1140.28,0.0,2280.56,28.4,3.1,2,1.836,Yes
MRD-102900,2025-11-02,C52440,Retail,Delhi NCR,Delhi NCR,Mobile App,Net Banking,Home & Kitchen,1,3020.73,0.0,3020.73,22.8,5.9,4,1.531,No
MRD-102867,2025-11-02,C70235,Retail,Delhi NCR,Delhi NCR,Website,UPI,Home & Kitchen,3,1943.96,0.0,5831.88,19.3,1.0,4,2.156,No
MRD-100906,2025-11-02,C10747,Retail,Bengaluru,Bengaluru South,Marketplace,Credit Card,Beauty,2,815.97,0.0,1631.94,25.2,3.6,4,2.074,No
MRD-102625,2025-11-02,C83182,Retail,Mumbai,Mumbai West,Marketplace,UPI,Apparel,1,1165.39,15.0,990.58,33.3,3.2,3,1.413,No
MRD-100012,2025-11-02,C15688,Corporate,Bengaluru,Bengaluru South,Marketplace,UPI,Electronics,32,2417.72,24.8,58180.01,11.6,3.2,4,2.417,No
MRD-102128,2025-11-02,C27501,Retail,Bengaluru,Bengaluru South,Website,Credit Card,Grocery,2,249.99,10.0,449.98,3.1,1.8,5,1.812,No
MRD-102434,2025-11-03,C40583,Retail,Mumbai,Mumbai West,Mobile App,Cash on Delivery,Grocery,1,227.8,10.0,205.02,4.4,3.6,4,1.852,No
MRD-103654,2025-11-03,C88606,Retail,Bengaluru,Bengaluru South,Marketplace,Credit Card,Grocery,2,163.21,5.0,310.1,2.9,2.5,1,2.136,Yes
MRD-101219,2025-11-03,C70345,Corporate,Delhi NCR,Delhi NCR,Website,Credit Card,Apparel,26,634.16,15.4,13948.98,30.2,5.9,5,1.571,No
MRD-100050,2025-11-03,C84719,Retail,Bengaluru,Bengaluru South,Website,UPI,Electronics,1,4385.29,0.0,4385.29,9.7,3.1,5,1.216,No
MRD-103692,2025-11-03,C75170,Retail,Delhi NCR,Delhi NCR,Mobile App,Wallet,Apparel,2,966.87,5.0,1837.05,35.8,3.1,5,1.812,Yes
MRD-103683,2025-11-03,C29463,Retail,Delhi NCR,Delhi NCR,Marketplace,UPI,Home & Kitchen,1,1944.67,0.0,1944.67,18.2,4.5,5,1.942,No
MRD-102071,2025-11-03,C14715,Retail,Delhi NCR,Delhi NCR,Mobile App,Cash on Delivery,Apparel,1,1166.32,0.0,1166.32,41.0,4.0,5,2.032,No
MRD-102098,2025-11-03,C48866,Retail,Bengaluru,Bengaluru South,Website,Credit Card,Grocery,1,348.01,15.0,295.81,1.7,3.6,5,1.862,No
MRD-104923,2025-11-03,C72906,Retail,Delhi NCR,Delhi NCR,Website,Cash on Delivery,Apparel,3,2034.02,15.0,5186.75,32.2,3.7,1,1.537,No
MRD-100424,2025-11-03,C91650,Retail,Delhi NCR,Delhi NCR,Mobile App,Debit Card,Grocery,1,202.84,5.0,192.7,3.8,3.5,4,1.956,No
MRD-102525,2025-11-03,C65814,Retail,Delhi NCR,Delhi NCR,Mobile App,UPI,Home & Kitchen,2,1402.16,0.0,2804.32,17.6,2.6,4,1.961,No
MRD-101533,2025-11-04,C39167,Corporate,Mumbai,Mumbai West,Mobile App,Net Banking,Grocery,22,188.39,18.9,3361.25,4.2,3.3,5,2.25,No
MRD-101835,2025-11-04,C12847,Retail,Delhi NCR,Delhi NCR,Marketplace,UPI,Electronics,3,4099.99,0.0,12299.97,8.6,2.1,2,1.521,No
MRD-100445,2025-11-04,C17286,Retail,Delhi NCR,Delhi NCR,Mobile App,UPI,Apparel,2,1598.82,0.0,3197.64,31.2,3.4,5,1.924,No
MRD-104274,2025-11-04,C21209,Retail,Mumbai,Mumbai West,Mobile App,Credit Card,Electronics,2,4375.62,20.0,7000.99,6.1,4.3,3,1.121,No
MRD-103938,2025-11-04,C57124,Retail,Bengaluru,Bengaluru South,Website,UPI,Grocery,1,314.5,0.0,314.5,6.5,3.5,2,1.034,No
MRD-101118,2025-11-04,C21896,Retail,Bengaluru,Bengaluru South,Website,UPI,Electronics,2,9740.14,15.0,16558.24,7.7,1.3,2,1.979,No
MRD-100437,2025-11-04,C72459,Retail,Delhi NCR,Delhi NCR,Mobile App,Credit Card,Grocery,2,181.38,0.0,362.76,3.3,3.2,5,1.822,No
MRD-104494,2025-11-04,C48366,Retail,Mumbai,Mumbai West,Mobile App,Cash on Delivery,Home & Kitchen,1,807.91,0.0,807.91,19.8,3.2,4,2.182,No
MRD-102471,2025-11-04,C80527,Retail,Mumbai,Mumbai West,Website,UPI,Home & Kitchen,1,2948.53,0.0,2948.53,16.8,2.2,5,1.723,No
MRD-100067,2025-11-04,C57241,Retail,Bengaluru,Bengaluru South,Mobile App,Wallet,Home & Kitchen,1,1288.31,0.0,1288.31,9.4,2.8,5,1.919,No
MRD-103039,2025-11-04,C41040,Corporate,Mumbai,Mumbai West,Website,Credit Card,Home & Kitchen,25,1976.14,24.0,37546.66,19.6,3.3,4,2.339,No
MRD-102423,2025-11-04,C70848,Retail,Delhi NCR,Delhi NCR,Marketplace,Credit Card,Home & Kitchen,2,592.01,20.0,947.22,7.4,1.0,4,2.485,No
MRD-102055,2025-11-04,C85641,Retail,Bengaluru,Bengaluru South,Website,Credit Card,Home & Kitchen,1,1707.19,10.0,1536.47,14.5,2.2,5,2.394,No
MRD-101625,2025-11-05,C40984,Retail,Bengaluru,Bengaluru South,Mobile App,Wallet,Apparel,2,1119.82,0.0,2239.64,30.8,2.3,5,2.038,No
MRD-100863,2025-11-05,C24969,Retail,Mumbai,Mumbai West,Website,Cash on Delivery,Electronics,3,5792.64,15.0,14771.23,11.4,3.4,5,2.24,No
MRD-102659,2025-11-05,C21514,Retail,Mumbai,Mumbai West,Website,Cash on Delivery,Beauty,2,434.02,0.0,868.04,31.1,2.9,2,1.713,No
MRD-100859,2025-11-05,C45024,Retail,Mumbai,Mumbai West,Marketplace,UPI,Home & Kitchen,2,3402.51,20.0,5444.02,26.6,2.7,5,2.233,No
MRD-100171,2025-11-05,C93154,Retail,Delhi NCR,Delhi NCR,Mobile App,UPI,Electronics,2,7696.24,20.0,12313.98,7.7,1.0,4,1.483,No
MRD-101155,2025-11-05,C30314,Retail,Mumbai,Mumbai West,Mobile App,UPI,Apparel,4,906.75,20.0,2901.6,34.0,2.2,2,1.995,Yes
MRD-104050,2025-11-05,C33214,Retail,Bengaluru,Bengaluru South,Marketplace,Credit Card,Grocery,2,213.9,0.0,427.8,3.2,5.1,2,2.5,No
MRD-104386,2025-11-05,C97393,Retail,Bengaluru,Bengaluru South,Mobile App,Cash on Delivery,Grocery,1,300.51,0.0,300.51,4.4,4.2,4,2.046,No
MRD-100491,2025-11-05,C83462,Corporate,Bengaluru,Bengaluru South,Mobile App,UPI,Electronics,39,23737.42,10.5,828554.65,6.2,1.0,4,0.945,No
MRD-103852,2025-11-05,C13560,Retail,Delhi NCR,Delhi NCR,Marketplace,UPI,Beauty,1,846.02,10.0,761.42,20.3,1.0,2,2.062,No
MRD-102608,2025-11-05,C93615,Retail,Bengaluru,Bengaluru South,Mobile App,UPI,Apparel,2,761.95,0.0,1523.9,37.2,1.7,5,2.116,Yes
MRD-104849,2025-11-05,C18117,Retail,Mumbai,Mumbai West,Mobile App,Cash on Delivery,Home & Kitchen,3,1144.0,5.0,3260.4,17.6,3.6,4,2.541,No
MRD-100444,2025-11-06,C13289,Retail,Mumbai,Mumbai West,Mobile App,UPI,Home & Kitchen,3,1024.64,5.0,2920.22,20.4,2.6,1,1.813,No
MRD-104634,2025-11-06,C70922,Retail,Delhi NCR,Delhi NCR,Website,Debit Card,Electronics,2,5741.71,20.0,9186.74,7.3,3.4,3,2.046,No
MRD-102245,2025-11-06,C15806,Retail,Mumbai,Mumbai West,Mobile App,UPI,Grocery,1,177.57,10.0,159.81,4.8,3.4,1,1.418,No
MRD-103736,2025-11-06,C49820,Retail,Bengaluru,Bengaluru South,Mobile App,UPI,Apparel,3,1536.74,15.0,3918.69,24.1,2.2,4,2.142,No
MRD-100892,2025-11-06,C21951,Retail,Delhi NCR,Delhi NCR,Mobile App,Wallet,Home & Kitchen,1,2447.74,15.0,2080.58,17.9,2.0,5,1.422,No
MRD-102022,2025-11-06,C52939,Retail,Mumbai,Mumbai West,Mobile App,Debit Card,Apparel,2,844.41,15.0,1435.5,34.1,2.6,4,2.457,No
MRD-102934,2025-11-06,C75513,Retail,Bengaluru,Bengaluru South,Mobile App,Cash on Delivery,Grocery,2,161.69,10.0,291.04,1.7,2.9,4,1.959,No
MRD-101581,2025-11-06,C25326,Retail,Mumbai,Mumbai West,Website,Credit Card,Apparel,1,2757.65,15.0,2344.0,31.8,3.6,5,1.645,No
MRD-104193,2025-11-06,C60840,Retail,Bengaluru,Bengaluru South,Website,Credit Card,Grocery,2,136.09,5.0,258.57,2.4,1.1,4,2.182,Yes
MRD-100390,2025-11-06,C71968,Retail,Delhi NCR,Delhi NCR,Mobile App,Credit Card,Home & Kitchen,4,1822.29,0.0,7289.16,16.2,1.0,5,2.101,No
MRD-102861,2025-11-06,C47309,Retail,Bengaluru,Bengaluru South,Mobile App,UPI,Grocery,2,341.2,5.0,648.28,5.8,1.6,5,1.612,No
MRD-100569,2025-11-07,C98065,Retail,Delhi NCR,Delhi NCR,Website,Cash on Delivery,Electronics,4,1627.49,20.0,5207.97,10.7,3.6,5,2.017,No
MRD-101142,2025-11-07,C81880,Retail,Bengaluru,Bengaluru South,Marketplace,UPI,Apparel,2,1444.39,0.0,2888.78,29.4,3.2,5,1.812,Yes
MRD-101240,2025-11-07,C63066,Retail,Delhi NCR,Delhi NCR,Mobile App,UPI,Grocery,1,301.41,10.0,271.27,4.5,5.6,5,1.808,No
MRD-103057,2025-11-07,C95358,Corporate,Bengaluru,Bengaluru South,Mobile App,UPI,Electronics,24,3438.38,8.5,75506.82,12.7,5.1,2,2.216,No
MRD-101640,2025-11-07,C30363,Retail,Bengaluru,Bengaluru South,Mobile App,Wallet,Grocery,2,238.25,15.0,405.02,3.1,1.8,4,1.629,No
MRD-104956,2025-11-07,C17507,Corporate,Delhi NCR,Delhi NCR,Mobile App,Debit Card,Grocery,28,164.26,26.1,3398.87,4.6,3.2,4,1.384,No
MRD-102177,2025-11-07,C84557,Corporate,Delhi NCR,Delhi NCR,Website,UPI,Apparel,25,1090.81,18.8,22143.44,35.3,6.0,5,1.732,No
MRD-103483,2025-11-07,C32101,Retail,Delhi NCR,Delhi NCR,Mobile App,Cash on Delivery,Beauty,1,1145.74,5.0,1088.45,26.2,1.0,5,1.754,No
MRD-103540,2025-11-07,C88838,Retail,Delhi NCR,Delhi NCR,Mobile App,UPI,Grocery,1,248.31,15.0,211.06,6.0,2.8,5,1.16,No
MRD-102655,2025-11-07,C16616,Retail,Mumbai,Mumbai West,Website,Cash on Delivery,Apparel,2,556.41,5.0,1057.18,36.6,3.7,5,1.812,No
MRD-104681,2025-11-07,C18569,Retail,Mumbai,Mumbai West,Mobile App,Wallet,Apparel,1,402.9,10.0,362.61,31.9,4.2,5,1.463,Yes
MRD-104074,2025-11-07,C53321,Retail,Mumbai,Mumbai West,Mobile App,UPI,Beauty,2,827.75,10.0,1489.95,24.8,2.8,5,1.617,No
MRD-100586,2025-11-07,C46777,Retail,Bengaluru,Bengaluru South,Website,Credit Card,Electronics,2,4632.57,20.0,7412.11,7.6,2.5,5,1.831,Yes
MRD-104072,2025-11-07,C43150,Retail,Mumbai,Mumbai West,Website,UPI,Grocery,2,261.98,5.0,497.76,4.6,2.3,5,1.405,No
MRD-101609,2025-11-07,C37175,Retail,Bengaluru,Bengaluru South,Marketplace,UPI,Beauty,2,751.83,15.0,1278.11,27.1,2.0,1,1.703,No
MRD-103378,2025-11-07,C24466,Retail,Bengaluru,Bengaluru South,Marketplace,Credit Card,Electronics,3,3458.66,20.0,8300.78,7.7,1.3,4,1.507,No
MRD-103752,2025-11-07,C53068,Retail,Mumbai,Mumbai West,Website,UPI,Grocery,2,242.88,15.0,412.9,4.7,3.2,2,2.514,No
MRD-104010,2025-11-08,C95659,Retail,Bengaluru,Bengaluru South,Website,UPI,Electronics,5,8736.56,15.0,37130.38,9.1,1.0,4,2.296,No
MRD-102357,2025-11-08,C23431,Retail,Bengaluru,Bengaluru South,Website,Net Banking,Apparel,1,669.57,0.0,669.57,31.5,1.6,1,2.222,Yes
MRD-100222,2025-11-08,C83815,Retail,Bengaluru,Bengaluru South,Website,UPI,Beauty,2,969.7,0.0,1939.4,25.2,2.7,1,2.024,Yes
MRD-104388,2025-11-08,C65999,Retail,Mumbai,Mumbai West,Marketplace,Wallet,Home & Kitchen,2,890.22,0.0,1780.44,19.8,3.3,5,1.958,No
MRD-104663,2025-11-08,C25043,Retail,Bengaluru,Bengaluru South,Website,Net Banking,Beauty,1,568.66,10.0,511.79,27.5,3.9,5,2.034,No
MRD-103457,2025-11-08,C18834,Retail,Delhi NCR,Delhi NCR,Mobile App,UPI,Beauty,1,889.67,20.0,711.74,30.4,7.6,4,1.644,No
MRD-103789,2025-11-08,C35795,Retail,Bengaluru,Bengaluru South,Mobile App,Debit Card,Electronics,1,2125.76,0.0,2125.76,11.4,1.0,1,1.935,Yes
MRD-101579,2025-11-08,C38118,Retail,Mumbai,Mumbai West,Mobile App,UPI,Electronics,1,1676.9,20.0,1341.52,4.2,2.1,3,2.427,No
MRD-102899,2025-11-08,C87389,Corporate,Bengaluru,Bengaluru South,Mobile App,UPI,Grocery,28,174.03,20.4,3878.78,4.4,3.2,2,1.508,No
MRD-101098,2025-11-08,C84150,Corporate,Mumbai,Mumbai West,Website,UPI,Apparel,29,1037.86,13.8,25944.42,31.0,2.7,4,1.35,No
MRD-101796,2025-11-09,C91382,Retail,Mumbai,Mumbai West,Mobile App,Debit Card,Apparel,2,1627.56,0.0,3255.12,27.7,3.9,4,1.805,Yes
MRD-104567,2025-11-09,C76605,Retail,Delhi NCR,Delhi NCR,Mobile App,UPI,Electronics,2,4010.68,5.0,7620.29,4.8,3.8,3,1.793,No
MRD-102687,2025-11-09,C14180,Corporate,Bengaluru,Bengaluru South,Mobile App,Wallet,Grocery,29,273.69,14.4,6794.08,4.8,6.3,4,1.676,No
MRD-102849,2025-11-09,C76415,Retail,Bengaluru,Bengaluru South,Mobile App,Wallet,Grocery,3,251.41,20.0,603.38,2.4,4.2,2,1.498,No
MRD-104030,2025-11-09,C46361,Corporate,Bengaluru,Bengaluru South,Mobile App,UPI,Grocery,30,167.57,24.8,3780.38,3.7,5.3,3,1.485,No
MRD-104206,2025-11-09,C19827,Retail,Bengaluru,Bengaluru South,Mobile App,Cash on Delivery,Electronics,1,2171.12,20.0,1736.9,10.1,2.6,5,2.553,No
MRD-104893,2025-11-09,C13186,Retail,Delhi NCR,Delhi NCR,Mobile App,Net Banking,Grocery,2,165.16,5.0,313.8,4.1,3.2,4,2.383,No
MRD-100675,2025-11-09,C47490,Retail,Bengaluru,Bengaluru South,Website,Credit Card,Electronics,1,1799.67,15.0,1529.72,6.4,1.0,5,2.12,No
MRD-101073,2025-11-09,C81512,Retail,Bengaluru,Bengaluru South,Mobile App,UPI,Electronics,2,4221.27,0.0,8442.54,6.1,54.6,2,2.212,No
MRD-101631,2025-11-09,C99425,Retail,Mumbai,Mumbai West,Mobile App,UPI,Apparel,2,1052.24,0.0,2104.48,25.5,3.1,2,1.513,No
MRD-104334,2025-11-09,C36914,Retail,Bengaluru,Bengaluru South,Mobile App,Debit Card,Beauty,2,575.34,0.0,1150.68,26.5,2.8,5,1.54,No
MRD-101792,2025-11-09,C26719,Retail,Mumbai,Mumbai West,Website,Cash on Delivery,Home & Kitchen,3,1024.51,0.0,3073.53,22.6,3.0,2,1.836,No
MRD-101398,2025-11-09,C83755,Retail,Mumbai,Mumbai West,Mobile App,Credit Card,Home & Kitchen,2,3085.2,0.0,6170.4,9.4,3.6,5,1.858,No
MRD-102326,2025-11-10,C55644,Retail,Delhi NCR,Delhi NCR,Mobile App,UPI,Grocery,4,362.28,15.0,1231.75,4.3,4.3,4,1.682,No
MRD-104549,2025-11-10,C27942,Retail,Delhi NCR,Delhi NCR,Mobile App,UPI,Grocery,2,303.14,5.0,575.97,5.2,13.1,2,2.102,No
MRD-100162,2025-11-10,C32645,Corporate,Bengaluru,Bengaluru South,Mobile App,UPI,Apparel,27,578.01,22.6,12079.25,22.8,2.8,4,2.282,No
MRD-101043,2025-11-10,C35414,Retail,Delhi NCR,Delhi NCR,Mobile App,UPI,Grocery,1,197.46,0.0,197.46,5.7,2.9,5,0.912,No
MRD-100720,2025-11-10,C66309,Retail,Delhi NCR,Delhi NCR,Mobile App,Wallet,Grocery,1,198.86,0.0,198.86,4.3,1.0,4,2.797,No
MRD-100635,2025-11-10,C36646,Retail,Mumbai,Mumbai West,Mobile App,UPI,Home & Kitchen,2,887.63,15.0,1508.97,23.0,3.4,4,1.903,No
MRD-101060,2025-11-10,C63529,Retail,Mumbai,Mumbai West,Website,Debit Card,Grocery,1,256.6,0.0,256.6,6.0,3.4,4,1.574,No
MRD-101794,2025-11-10,C49283,Retail,Delhi NCR,Delhi NCR,Mobile App,UPI,Home & Kitchen,1,1626.0,10.0,1463.4,11.9,1.0,3,1.644,No
MRD-101366,2025-11-10,C99380,Retail,Bengaluru,Bengaluru South,Mobile App,UPI,Grocery,1,245.99,20.0,196.79,1.1,3.6,5,1.416,No
MRD-104755,2025-11-10,C22320,Retail,Mumbai,Mumbai West,Mobile App,UPI,Home & Kitchen,2,1155.19,0.0,2310.38,17.8,3.7,5,1.485,No
MRD-100173,2025-11-10,C63161,Corporate,Bengaluru,Bengaluru South,Mobile App,UPI,Electronics,28,2804.39,21.6,61561.97,14.2,3.6,5,2.13,No
MRD-102165,2025-11-11,C19492,Retail,Bengaluru,Bengaluru South,Website,Debit Card,Apparel,1,867.14,5.0,823.78,35.1,4.1,5,2.306,No
MRD-102269,2025-11-11,C96534,Corporate,Delhi NCR,Delhi NCR,Mobile App,UPI,Apparel,33,803.2,9.1,24093.59,36.6,4.2,3,1.376,Yes
MRD-102014,2025-11-11,C82684,Retail,Bengaluru,Bengaluru South,Mobile App,UPI,Electronics,1,553.58,20.0,442.86,8.9,2.4,4,1.426,No
MRD-102195,2025-11-11,C97120,Retail,Mumbai,Mumbai West,Mobile App,UPI,Grocery,1,219.68,5.0,208.7,3.6,3.7,3,2.342,No
MRD-100684,2025-11-11,C62962,Corporate,Delhi NCR,Delhi NCR,Marketplace,Cash on Delivery,Grocery,25,187.16,16.9,3888.25,6.7,3.7,4,2.209,No
MRD-101817,2025-11-11,C53892,Retail,Bengaluru,Bengaluru South,Marketplace,Debit Card,Beauty,2,654.41,5.0,1243.38,25.4,2.5,5,1.726,No
MRD-103503,2025-11-11,C10621,Retail,Bengaluru,Bengaluru South,Mobile App,Credit Card,Home & Kitchen,1,2200.18,0.0,2200.18,14.9,3.2,3,1.804,No
MRD-102268,2025-11-12,C79074,Retail,Mumbai,Mumbai West,Mobile App,Cash on Delivery,Electronics,1,2375.13,5.0,2256.37,6.5,3.4,4,2.106,No
MRD-100781,2025-11-12,C50578,Retail,Delhi NCR,Delhi NCR,Website,UPI,Electronics,2,9913.18,10.0,17843.72,3.6,2.3,4,2.565,No
MRD-100739,2025-11-12,C32869,Retail,Bengaluru,Bengaluru South,Mobile App,UPI,Home & Kitchen,1,1238.59,0.0,1238.59,11.4,5.2,3,2.168,No
MRD-100678,2025-11-12,C27008,Retail,Bengaluru,Bengaluru South,Mobile App,Credit Card,Home & Kitchen,3,539.17,5.0,1536.63,20.6,2.8,4,2.007,No
MRD-100672,2025-11-12,C11218,Corporate,Mumbai,Mumbai West,Mobile App,UPI,Grocery,35,202.96,23.5,5434.25,3.4,3.6,4,2.308,No
MRD-103209,2025-11-12,C45438,Retail,Mumbai,Mumbai West,Website,Credit Card,Grocery,2,227.82,10.0,410.08,4.2,3.8,4,1.95,No
MRD-100036,2025-11-12,C38740,Retail,Bengaluru,Bengaluru South,Mobile App,UPI,Grocery,2,264.69,0.0,529.38,2.1,1.2,5,2.102,No
MRD-100468,2025-11-12,C48881,Retail,Mumbai,Mumbai West,Mobile App,Debit Card,Electronics,1,3604.7,5.0,3424.46,8.5,3.4,5,1.432,No
MRD-104528,2025-11-12,C55889,Retail,Delhi NCR,Delhi NCR,Marketplace,UPI,Grocery,2,249.43,0.0,498.86,2.1,1.0,5,2.484,No
MRD-103976,2025-11-12,C73932,Retail,Bengaluru,Bengaluru South,Website,UPI,Apparel,2,704.41,0.0,1408.82,28.0,3.2,2,1.95,No
MRD-100513,2025-11-12,C72528,Retail,Delhi NCR,Delhi NCR,Mobile App,UPI,Apparel,1,2006.11,10.0,1805.5,29.7,2.4,4,1.914,No
MRD-102991,2025-11-12,C54334,Corporate,Mumbai,Mumbai West,Mobile App,UPI,Apparel,26,1088.84,23.1,21770.27,34.4,3.5,4,2.473,No
MRD-101411,2025-11-12,C30832,Corporate,Mumbai,Mumbai West,Mobile App,Debit Card,Home & Kitchen,36,1620.65,19.5,46966.44,22.3,3.4,5,2.394,No
MRD-101856,2025-11-12,C16822,Retail,Mumbai,Mumbai West,Mobile App,Net Banking,Grocery,1,272.02,0.0,272.02,2.0,3.5,2,2.665,Yes
MRD-103862,2025-11-13,C63695,Retail,Delhi NCR,Delhi NCR,Website,UPI,Grocery,2,211.06,0.0,422.12,3.7,2.6,1,1.989,No
MRD-100414,2025-11-13,C78508,Retail,Delhi NCR,Delhi NCR,Mobile App,Net Banking,Grocery,4,186.27,10.0,670.57,6.3,3.1,5,2.31,No
MRD-100887,2025-11-13,C42744,Retail,Delhi NCR,Delhi NCR,Website,Credit Card,Home & Kitchen,1,975.43,15.0,829.12,17.5,1.0,4,1.369,No
MRD-100922,2025-11-13,C98611,Retail,Delhi NCR,Delhi NCR,Mobile App,UPI,Apparel,2,1905.29,0.0,3810.58,40.2,2.4,4,1.608,No
MRD-104405,2025-11-13,C43578,Retail,Delhi NCR,Delhi NCR,Website,Cash on Delivery,Home & Kitchen,1,958.19,0.0,958.19,17.8,4.8,5,1.759,No
MRD-102895,2025-11-13,C14728,Retail,Mumbai,Mumbai West,Marketplace,UPI,Grocery,1,144.79,5.0,137.55,5.1,3.4,3,1.265,No
MRD-103765,2025-11-13,C80943,Retail,Bengaluru,Bengaluru South,Mobile App,UPI,Grocery,1,251.58,20.0,201.26,3.6,5.1,5,1.146,No
MRD-103750,2025-11-13,C90372,Retail,Mumbai,Mumbai West,Mobile App,UPI,Apparel,3,877.24,0.0,2631.72,39.5,3.6,1,1.888,No
MRD-104241,2025-11-13,C64935,Retail,Mumbai,Mumbai West,Mobile App,UPI,Home & Kitchen,3,1381.88,15.0,3523.79,20.4,4.3,5,2.482,No
MRD-104327,2025-11-13,C13727,Retail,Bengaluru,Bengaluru South,Mobile App,UPI,Grocery,1,177.5,0.0,177.5,5.9,1.8,4,1.422,No
MRD-102626,2025-11-13,C17246,Corporate,Mumbai,Mumbai West,Mobile App,Net Banking,Apparel,28,1255.26,21.9,27450.03,34.7,3.2,5,1.908,No
MRD-104225,2025-11-13,C66964,Corporate,Bengaluru,Bengaluru South,Mobile App,UPI,Home & Kitchen,25,1792.09,25.1,33556.89,20.9,1.1,5,2.111,No
MRD-100727,2025-11-13,C50445,Corporate,Mumbai,Mumbai West,Mobile App,Cash on Delivery,Grocery,34,300.39,14.1,8773.19,1.5,3.2,3,1.632,No
MRD-104566,2025-11-13,C19071,Retail,Mumbai,Mumbai West,Mobile App,UPI,Electronics,2,2493.95,15.0,4239.71,11.0,3.8,4,0.729,No
MRD-102267,2025-11-13,C53293,Corporate,Bengaluru,Bengaluru South,Mobile App,UPI,Grocery,25,190.16,21.8,3717.63,1.9,1.3,1,1.752,No
MRD-102308,2025-11-13,C82890,Retail,Mumbai,Mumbai West,Marketplace,Cash on Delivery,Home & Kitchen,3,1785.23,0.0,5355.69,18.3,3.9,1,2.388,No
MRD-104515,2025-11-13,C11096,Retail,Bengaluru,Bengaluru South,Mobile App,Debit Card,Apparel,2,1240.79,10.0,2233.42,28.3,3.9,4,1.715,No
MRD-103197,2025-11-13,C92882,Retail,Delhi NCR,Delhi NCR,Website,Net Banking,Home & Kitchen,1,1139.22,5.0,1082.26,21.5,2.3,5,1.978,No
MRD-101109,2025-11-14,C55645,Retail,Bengaluru,Bengaluru South,Mobile App,Debit Card,Apparel,2,1115.64,15.0,1896.59,28.5,2.9,1,1.716,No
MRD-100153,2025-11-14,C53740,Retail,Bengaluru,Bengaluru South,Mobile App,UPI,Grocery,1,173.3,5.0,164.64,3.0,3.3,4,1.835,Yes
MRD-101239,2025-11-14,C72151,Retail,Mumbai,Mumbai West,Website,UPI,Apparel,1,1191.21,5.0,1131.65,30.3,3.0,5,1.385,No
MRD-104711,2025-11-14,C85015,Retail,Mumbai,Mumbai West,Mobile App,Credit Card,Grocery,1,260.93,0.0,260.93,7.0,3.7,5,2.146,Yes
MRD-101189,2025-11-14,C34028,Corporate,Mumbai,Mumbai West,Mobile App,Credit Card,Apparel,29,1397.24,27.7,29295.93,27.2,3.3,5,1.455,No
MRD-100096,2025-11-14,C11516,Retail,Bengaluru,Bengaluru South,Mobile App,Credit Card,Apparel,1,1083.88,20.0,867.1,33.3,2.1,4,1.354,No
MRD-101931,2025-11-14,C21077,Retail,Bengaluru,Bengaluru South,Mobile App,Cash on Delivery,Apparel,1,677.52,5.0,643.64,27.4,1.2,5,1.216,Yes
MRD-102088,2025-11-14,C46923,Retail,Mumbai,Mumbai West,Mobile App,UPI,Apparel,2,873.67,0.0,1747.34,24.5,3.6,2,1.501,Yes
MRD-100440,2025-11-14,C16534,Retail,Delhi NCR,Delhi NCR,Mobile App,UPI,Grocery,2,215.25,20.0,344.4,3.8,4.6,4,1.784,No
MRD-101895,2025-11-14,C87055,Retail,Mumbai,Mumbai West,Mobile App,UPI,Electronics,3,1299.47,20.0,3118.73,8.4,2.6,2,1.967,No
MRD-101881,2025-11-14,C40790,Retail,Bengaluru,Bengaluru South,Website,Wallet,Grocery,2,239.09,5.0,454.27,5.7,2.2,4,1.675,No
MRD-101719,2025-11-14,C83312,Retail,Mumbai,Mumbai West,Marketplace,UPI,Home & Kitchen,5,2873.18,0.0,14365.9,22.2,4.3,5,1.383,No
MRD-100715,2025-11-14,C65428,Retail,Bengaluru,Bengaluru South,Mobile App,Debit Card,Home & Kitchen,1,536.84,0.0,536.84,22.2,3.6,4,1.929,No
MRD-103429,2025-11-14,C97195,Retail,Mumbai,Mumbai West,Mobile App,UPI,Home & Kitchen,2,1398.51,0.0,2797.02,13.5,3.3,1,2.097,No
MRD-101687,2025-11-14,C86650,Corporate,Mumbai,Mumbai West,Website,UPI,Apparel,28,1305.47,20.5,29059.76,39.5,3.0,5,1.811,No
MRD-100051,2025-11-15,C90278,Retail,Mumbai,Mumbai West,Website,UPI,Grocery,4,256.74,15.0,872.92,1.7,4.2,4,1.909,No
MRD-102132,2025-11-15,C19592,Retail,Bengaluru,Bengaluru South,Website,Debit Card,Apparel,1,798.72,0.0,798.72,29.5,2.8,4,2.107,No
MRD-102766,2025-11-15,C28425,Retail,Mumbai,Mumbai West,Website,Cash on Delivery,Apparel,1,1676.81,0.0,1676.81,35.8,3.3,4,2.025,No
MRD-100368,2025-11-15,C16042,Retail,Bengaluru,Bengaluru South,Mobile App,UPI,Electronics,3,777.98,0.0,2333.94,7.7,1.6,2,2.144,Yes
MRD-102574,2025-11-15,C91125,Retail,Mumbai,Mumbai West,Mobile App,Net Banking,Apparel,4,1316.01,0.0,5264.04,36.3,3.6,2,1.774,Yes
MRD-103350,2025-11-15,C83841,Corporate,Mumbai,Mumbai West,Mobile App,Cash on Delivery,Grocery,26,111.41,20.7,2297.05,1.8,3.8,2,1.746,No
MRD-102485,2025-11-15,C88158,Retail,Bengaluru,Bengaluru South,Mobile App,UPI,Home & Kitchen,4,1508.73,10.0,5431.43,13.0,3.8,5,2.008,No
MRD-100927,2025-11-15,C64588,Corporate,Mumbai,Mumbai West,Mobile App,Net Banking,Home & Kitchen,30,4709.93,13.8,121798.79,8.4,3.1,1,2.04,No
MRD-104174,2025-11-15,C82002,Retail,Mumbai,Mumbai West,Mobile App,Credit Card,Grocery,2,359.33,20.0,574.93,3.9,3.4,3,2.493,No
MRD-104720,2025-11-15,C33448,Retail,Bengaluru,Bengaluru South,Mobile App,UPI,Apparel,2,655.72,5.0,1245.87,31.1,2.1,2,1.28,Yes
MRD-100149,2025-11-15,C29621,Retail,Bengaluru,Bengaluru South,Mobile App,UPI,Apparel,1,1002.13,0.0,1002.13,20.8,1.9,1,2.472,No
MRD-104597,2025-11-15,C84798,Corporate,Delhi NCR,Delhi NCR,Mobile App,Debit Card,Grocery,28,240.5,21.8,5265.99,4.8,3.3,5,1.977,No
MRD-102714,2025-11-15,C27324,Retail,Mumbai,Mumbai West,Mobile App,UPI,Apparel,1,1112.07,0.0,1112.07,28.9,2.8,5,1.892,No
MRD-104349,2025-11-16,C74879,Retail,Mumbai,Mumbai West,Mobile App,Credit Card,Apparel,2,1041.92,0.0,2083.84,37.0,3.2,3,1.946,No
MRD-102993,2025-11-16,C92092,Retail,Bengaluru,Bengaluru South,Website,Credit Card,Electronics,1,5967.89,0.0,5967.89,10.6,5.2,5,2.118,No
MRD-103973,2025-11-16,C98514,Retail,Delhi NCR,Delhi NCR,Website,UPI,Apparel,1,546.16,5.0,518.85,31.8,1.0,3,2.16,No
MRD-102298,2025-11-16,C19521,Retail,Mumbai,Mumbai West,Website,UPI,Electronics,1,6740.78,5.0,6403.74,9.1,3.2,5,1.695,Yes
MRD-103202,2025-11-16,C86500,Retail,Delhi NCR,Delhi NCR,Marketplace,UPI,Apparel,2,400.37,0.0,800.74,43.4,1.0,3,2.4,Yes
MRD-100179,2025-11-16,C22185,Retail,Delhi NCR,Delhi NCR,Website,Debit Card,Electronics,2,1358.83,0.0,2717.66,3.5,1.0,5,1.957,No
MRD-104898,2025-11-16,C96814,Retail,Bengaluru,Bengaluru South,Marketplace,UPI,Electronics,1,5095.58,0.0,5095.58,5.8,2.4,1,2.714,No
MRD-103726,2025-11-16,C83474,Retail,Bengaluru,Bengaluru South,Mobile App,UPI,Home & Kitchen,2,781.89,0.0,1563.78,15.1,3.3,2,1.492,Yes
MRD-104347,2025-11-16,C52073,Retail,Bengaluru,Bengaluru South,Marketplace,Credit Card,Electronics,1,4788.8,0.0,4788.8,7.6,2.6,2,2.159,No
MRD-103225,2025-11-16,C29303,Retail,Mumbai,Mumbai West,Mobile App,UPI,Electronics,2,8519.57,15.0,14483.27,6.6,3.9,1,1.696,No
MRD-102543,2025-11-16,C54265,Retail,Mumbai,Mumbai West,Website,Credit Card,Home & Kitchen,2,845.84,15.0,1437.93,16.5,3.2,2,1.485,No
MRD-103808,2025-11-16,C90734,Retail,Mumbai,Mumbai West,Marketplace,UPI,Grocery,4,300.18,0.0,1200.72,4.2,3.5,4,1.553,No
MRD-104912,2025-11-16,C94343,Retail,Delhi NCR,Delhi NCR,Mobile App,UPI,Beauty,1,1039.5,5.0,987.52,23.3,2.5,2,2.361,No
MRD-104651,2025-11-16,C25688,Retail,Bengaluru,Bengaluru South,Mobile App,UPI,Home & Kitchen,2,2366.33,0.0,4732.66,16.7,1.0,5,2.057,No
MRD-103694,2025-11-16,C39521,Retail,Mumbai,Mumbai West,Mobile App,Debit Card,Home & Kitchen,5,612.55,10.0,2756.48,17.7,3.0,4,1.921,Yes
MRD-104842,2025-11-16,C93312,Retail,Delhi NCR,Delhi NCR,Mobile App,UPI,Beauty,1,643.71,5.0,611.52,20.2,4.0,3,1.798,No
MRD-104264,2025-11-16,C38089,Retail,Delhi NCR,Delhi NCR,Mobile App,Wallet,Grocery,2,267.68,15.0,455.06,3.9,2.9,5,1.403,No
MRD-100202,2025-11-16,C79216,Retail,Bengaluru,Bengaluru South,Website,Wallet,Electronics,2,3579.88,0.0,7159.76,7.5,6.4,4,1.309,No
MRD-104702,2025-11-17,C71784,Retail,Mumbai,Mumbai West,Website,UPI,Apparel,2,897.3,0.0,1794.6,35.4,2.2,3,3.021,Yes
MRD-102316,2025-11-17,C25114,Retail,Mumbai,Mumbai West,Website,UPI,Apparel,1,601.56,10.0,541.4,26.9,2.6,4,2.21,Yes
MRD-102108,2025-11-17,C30754,Retail,Bengaluru,Bengaluru South,Website,UPI,Apparel,2,876.25,10.0,1577.25,31.5,4.9,5,1.487,No
MRD-103581,2025-11-17,C76134,Retail,Mumbai,Mumbai West,Mobile App,Debit Card,Grocery,2,235.88,20.0,377.41,5.3,3.0,2,1.592,No
MRD-101945,2025-11-17,C34962,Retail,Bengaluru,Bengaluru South,Mobile App,UPI,Electronics,2,9857.17,15.0,16757.19,8.9,1.7,5,2.107,No
MRD-100885,2025-11-17,C81260,Retail,Delhi NCR,Delhi NCR,Website,UPI,Apparel,2,1056.83,0.0,2113.66,30.6,5.0,1,1.593,Yes
MRD-100933,2025-11-17,C54957,Retail,Delhi NCR,Delhi NCR,Mobile App,UPI,Electronics,1,3734.94,15.0,3174.7,5.0,1.0,5,2.752,No
MRD-102815,2025-11-17,C46815,Retail,Bengaluru,Bengaluru South,Website,Credit Card,Electronics,2,5188.7,20.0,8301.92,5.0,5.6,5,1.635,No
MRD-104345,2025-11-17,C43750,Retail,Bengaluru,Bengaluru South,Mobile App,Credit Card,Grocery,4,338.55,0.0,1354.2,5.1,1.9,1,1.817,No
MRD-104976,2025-11-17,C74289,Retail,Delhi NCR,Delhi NCR,Mobile App,UPI,Apparel,1,507.78,0.0,507.78,32.1,3.2,1,1.594,No
MRD-103329,2025-11-17,C27165,Retail,Mumbai,Mumbai West,Website,Net Banking,Grocery,3,145.62,10.0,393.17,1.2,2.8,2,1.117,No
MRD-100035,2025-11-17,C60546,Retail,Mumbai,Mumbai West,Mobile App,Credit Card,Apparel,2,1028.23,0.0,2056.46,36.6,3.7,4,1.495,No
MRD-101601,2025-11-17,C57407,Retail,Bengaluru,Bengaluru South,Mobile App,Credit Card,Apparel,4,1732.07,5.0,6581.87,34.5,5.7,5,2.27,No
MRD-103093,2025-11-17,C33226,Retail,Mumbai,Mumbai West,Mobile App,Credit Card,Grocery,2,273.63,0.0,547.26,4.7,3.3,4,1.115,No
MRD-104471,2025-11-18,C12122,Retail,Delhi NCR,Delhi NCR,Website,Net Banking,Home & Kitchen,2,1257.56,0.0,2515.12,12.6,4.2,5,1.734,No
MRD-103888,2025-11-18,C83502,Retail,Delhi NCR,Delhi NCR,Mobile App,UPI,Home & Kitchen,3,1096.7,0.0,3290.1,18.9,1.0,5,1.883,Yes
MRD-103918,2025-11-18,C80090,Retail,Mumbai,Mumbai West,Website,Debit Card,Beauty,3,681.94,15.0,1738.95,22.4,3.7,4,2.077,No
MRD-104419,2025-11-18,C11127,Retail,Mumbai,Mumbai West,Mobile App,Wallet,Grocery,1,115.44,20.0,92.35,1.7,2.7,4,1.581,No
MRD-103834,2025-11-18,C44016,Retail,Delhi NCR,Delhi NCR,Mobile App,Credit Card,Apparel,1,572.35,5.0,543.73,44.5,6.1,5,1.928,No
MRD-102509,2025-11-18,C31744,Retail,Mumbai,Mumbai West,Mobile App,Credit Card,Electronics,2,1524.16,10.0,2743.49,9.6,2.4,5,1.759,No
MRD-104454,2025-11-18,C88944,Retail,Mumbai,Mumbai West,Mobile App,UPI,Grocery,4,174.91,20.0,559.71,2.6,3.1,5,0.76,No
MRD-101359,2025-11-18,C43292,Retail,Delhi NCR,Delhi NCR,Website,Wallet,Electronics,2,4834.28,20.0,7734.85,7.9,2.6,2,1.674,No
MRD-104669,2025-11-18,C39851,Retail,Bengaluru,Bengaluru South,Website,Debit Card,Apparel,3,715.69,20.0,1717.66,23.7,4.0,5,1.069,Yes
MRD-102430,2025-11-18,C95081,Retail,Mumbai,Mumbai West,Mobile App,UPI,Electronics,1,4821.75,0.0,4821.75,11.8,3.5,1,1.936,Yes
MRD-104248,2025-11-18,C94222,Retail,Delhi NCR,Delhi NCR,Website,UPI,Apparel,2,1294.12,20.0,2070.59,33.2,3.9,5,1.571,No
MRD-104859,2025-11-18,C75422,Retail,Bengaluru,Bengaluru South,Mobile App,Cash on Delivery,Apparel,2,2340.83,0.0,4681.66,43.5,2.4,5,2.25,No
MRD-104602,2025-11-18,C86266,Retail,Mumbai,Mumbai West,Marketplace,Cash on Delivery,Beauty,2,685.78,0.0,1371.56,29.9,3.7,4,1.973,No
MRD-100970,2025-11-18,C13000,Retail,Mumbai,Mumbai West,Mobile App,UPI,Apparel,3,2321.95,0.0,6965.85,31.8,3.3,1,1.49,Yes
MRD-102572,2025-11-18,C63060,Corporate,Mumbai,Mumbai West,Website,Cash on Delivery,Apparel,30,1107.29,18.5,27073.24,36.0,3.2,4,1.752,No
MRD-101057,2025-11-19,C20840,Retail,Mumbai,Mumbai West,Marketplace,Credit Card,Apparel,2,2068.46,20.0,3309.54,33.5,3.6,5,1.225,No
MRD-102691,2025-11-19,C63676,Retail,Bengaluru,Bengaluru South,Website,Credit Card,Home & Kitchen,1,5130.08,15.0,4360.57,20.9,2.8,1,1.787,No
MRD-102745,2025-11-19,C95433,Retail,Mumbai,Mumbai West,Marketplace,Net Banking,Electronics,1,1930.45,5.0,1833.93,6.5,3.2,4,2.499,No
MRD-103700,2025-11-19,C92887,Corporate,Bengaluru,Bengaluru South,Marketplace,Credit Card,Grocery,22,293.99,25.3,4831.43,5.9,7.8,1,1.008,No
MRD-100969,2025-11-19,C27298,Retail,Bengaluru,Bengaluru South,Website,UPI,Apparel,2,510.15,10.0,918.27,26.1,1.9,4,1.746,No
MRD-103848,2025-11-19,C13662,Retail,Mumbai,Mumbai West,Mobile App,UPI,Home & Kitchen,2,1229.17,20.0,1966.67,19.5,3.1,1,1.198,Yes
MRD-102802,2025-11-19,C94767,Corporate,Mumbai,Mumbai West,Mobile App,UPI,Beauty,31,676.8,18.9,17015.43,28.1,2.2,4,1.71,No
MRD-103666,2025-11-19,C63240,Retail,Mumbai,Mumbai West,Mobile App,UPI,Beauty,2,985.59,10.0,1774.06,28.8,3.1,5,2.232,No
MRD-100743,2025-11-19,C94978,Retail,Mumbai,Mumbai West,Website,Credit Card,Grocery,3,214.32,0.0,642.96,2.9,2.8,1,2.497,No
MRD-104571,2025-11-19,C91057,Retail,Mumbai,Mumbai West,Mobile App,UPI,Beauty,3,479.76,10.0,1295.35,20.5,3.7,4,2.533,No
MRD-104884,2025-11-19,C34648,Retail,Mumbai,Mumbai West,Website,Debit Card,Apparel,3,1007.15,0.0,3021.45,38.6,4.2,3,2.741,No
MRD-103773,2025-11-19,C94162,Retail,Bengaluru,Bengaluru South,Website,Cash on Delivery,Grocery,2,229.67,20.0,367.47,5.7,2.6,4,2.026,No
MRD-102002,2025-11-19,C93818,Corporate,Delhi NCR,Delhi NCR,Website,UPI,Electronics,39,3365.58,17.1,108812.57,7.0,3.2,2,1.808,No
MRD-102265,2025-11-19,C39585,Retail,Bengaluru,Bengaluru South,Website,Debit Card,Beauty,2,1759.31,15.0,2990.83,24.5,4.3,5,1.975,No
MRD-101603,2025-11-19,C37068,Retail,Delhi NCR,Delhi NCR,Mobile App,Debit Card,Grocery,2,226.37,10.0,407.47,4.7,4.3,1,1.732,No
MRD-101662,2025-11-20,C36451,Retail,Delhi NCR,Delhi NCR,Mobile App,UPI,Home & Kitchen,1,1589.73,0.0,1589.73,16.2,1.1,3,2.99,No
MRD-100644,2025-11-20,C59676,Corporate,Mumbai,Mumbai West,Website,Net Banking,Beauty,31,434.79,21.9,10526.7,22.0,3.8,5,2.407,No
MRD-103672,2025-11-20,C94152,Corporate,Mumbai,Mumbai West,Mobile App,UPI,Apparel,22,718.63,20.0,12647.89,34.7,2.2,4,1.893,No
MRD-100850,2025-11-20,C49014,Retail,Bengaluru,Bengaluru South,Mobile App,Credit Card,Electronics,1,4633.06,0.0,4633.06,8.6,2.0,5,2.589,Yes
MRD-101093,2025-11-20,C75953,Retail,Bengaluru,Bengaluru South,Marketplace,UPI,Grocery,2,205.03,0.0,410.06,5.5,2.4,4,1.014,No
MRD-104693,2025-11-20,C77277,Retail,Mumbai,Mumbai West,Mobile App,Credit Card,Home & Kitchen,2,2581.22,5.0,4904.32,23.1,3.3,2,1.561,No
MRD-101838,2025-11-20,C28138,Retail,Bengaluru,Bengaluru South,Mobile App,UPI,Electronics,3,851.66,5.0,2427.23,6.7,8.8,2,2.011,No
MRD-102031,2025-11-20,C89390,Retail,Mumbai,Mumbai West,Website,Debit Card,Home & Kitchen,1,1765.35,0.0,1765.35,12.9,4.1,3,1.72,No
MRD-104808,2025-11-20,C94667,Retail,Mumbai,Mumbai West,Mobile App,Debit Card,Beauty,2,1253.65,0.0,2507.3,26.8,3.8,4,1.378,No
MRD-104513,2025-11-21,C48140,Retail,Mumbai,Mumbai West,Mobile App,Credit Card,Home & Kitchen,2,884.54,0.0,1769.08,18.1,2.6,4,1.905,No
MRD-100782,2025-11-21,C93458,Retail,Bengaluru,Bengaluru South,Marketplace,Wallet,Home & Kitchen,1,1060.92,0.0,1060.92,16.1,4.1,4,1.873,No
MRD-103600,2025-11-21,C62788,Corporate,Mumbai,Mumbai West,Mobile App,Cash on Delivery,Electronics,37,7565.34,20.7,221974.64,8.8,3.5,3,1.917,No
MRD-104996,2025-11-21,C45318,Retail,Delhi NCR,Delhi NCR,Website,UPI,Electronics,1,2268.88,0.0,2268.88,10.0,3.3,1,3.055,Yes
MRD-103075,2025-11-21,C32447,Retail,Mumbai,Mumbai West,Website,Debit Card,Grocery,2,321.34,0.0,642.68,2.9,2.7,3,1.257,No
MRD-102361,2025-11-21,C81199,Retail,Delhi NCR,Delhi NCR,Website,Cash on Delivery,Apparel,1,753.17,0.0,753.17,39.0,5.5,4,2.062,No
MRD-100787,2025-11-21,C76014,Retail,Mumbai,Mumbai West,Mobile App,UPI,Home & Kitchen,3,4060.28,10.0,10962.76,19.9,3.9,5,1.816,No
MRD-101967,2025-11-21,C19017,Retail,Delhi NCR,Delhi NCR,Website,Cash on Delivery,Apparel,3,498.04,10.0,1344.71,26.6,1.9,1,1.697,Yes
MRD-101106,2025-11-21,C53422,Retail,Bengaluru,Bengaluru South,Marketplace,UPI,Grocery,3,248.68,0.0,746.04,6.4,4.7,4,2.634,No
MRD-100914,2025-11-21,C12682,Retail,Mumbai,Mumbai West,Website,Credit Card,Electronics,3,5528.89,15.0,14098.67,6.9,4.5,2,2.253,No
MRD-103417,2025-11-21,C94640,Retail,Bengaluru,Bengaluru South,Mobile App,Debit Card,Grocery,2,210.3,20.0,336.48,3.0,3.9,4,1.955,No
MRD-104087,2025-11-22,C68520,Retail,Delhi NCR,Delhi NCR,Website,Cash on Delivery,Electronics,1,3850.37,10.0,3465.33,9.5,3.9,4,2.302,No
MRD-103612,2025-11-22,C54610,Retail,Mumbai,Mumbai West,Website,UPI,Grocery,1,230.52,5.0,218.99,5.5,2.3,5,1.77,No
MRD-101279,2025-11-22,C27235,Retail,Bengaluru,Bengaluru South,Mobile App,Debit Card,Grocery,2,200.06,10.0,360.11,3.8,4.8,1,1.532,No
MRD-100108,2025-11-22,C45161,Retail,Delhi NCR,Delhi NCR,Mobile App,UPI,Electronics,2,15962.12,10.0,28731.82,5.8,4.8,4,1.144,No
MRD-101981,2025-11-22,C59577,Retail,Bengaluru,Bengaluru South,Marketplace,Cash on Delivery,Home & Kitchen,1,1879.22,20.0,1503.38,20.5,3.6,4,1.668,Yes
MRD-104417,2025-11-22,C87288,Retail,Mumbai,Mumbai West,Mobile App,Net Banking,Beauty,2,441.86,20.0,706.98,26.0,3.1,4,2.352,No
MRD-104518,2025-11-22,C58794,Retail,Mumbai,Mumbai West,Mobile App,Credit Card,Beauty,1,562.34,10.0,506.11,28.6,3.9,5,1.625,No
MRD-103784,2025-11-22,C80844,Corporate,Mumbai,Mumbai West,Website,UPI,Home & Kitchen,27,2658.04,10.3,64375.07,17.7,3.4,5,2.422,No
MRD-103278,2025-11-22,C48256,Retail,Mumbai,Mumbai West,Mobile App,Net Banking,Apparel,1,944.99,15.0,803.24,38.7,3.7,1,2.52,No
MRD-102095,2025-11-22,C77011,Retail,Mumbai,Mumbai West,Mobile App,UPI,Grocery,3,303.26,0.0,909.78,6.3,3.4,5,2.488,No
MRD-104632,2025-11-22,C87495,Retail,Bengaluru,Bengaluru South,Marketplace,Credit Card,Apparel,2,1111.72,0.0,2223.44,36.3,3.3,4,2.154,No
MRD-104342,2025-11-22,C45749,Retail,Delhi NCR,Delhi NCR,Mobile App,UPI,Electronics,1,17571.17,0.0,17571.17,9.5,1.4,2,1.501,No
MRD-100243,2025-11-22,C73324,Retail,Bengaluru,Bengaluru South,Website,Credit Card,Apparel,2,3264.27,20.0,5222.83,33.0,2.0,4,2.256,Yes
MRD-100165,2025-11-22,C56114,Retail,Mumbai,Mumbai West,Marketplace,Net Banking,Apparel,1,1227.74,10.0,1104.97,32.9,3.6,3,1.996,No
MRD-102215,2025-11-22,C40959,Corporate,Mumbai,Mumbai West,Website,Debit Card,Grocery,37,337.62,17.1,10355.82,2.9,3.1,4,2.201,No
MRD-100150,2025-11-22,C16110,Retail,Delhi NCR,Delhi NCR,Marketplace,UPI,Electronics,3,3614.01,0.0,10842.03,7.4,3.1,1,2.267,No
MRD-100470,2025-11-22,C61958,Corporate,Mumbai,Mumbai West,Website,Cash on Delivery,Home & Kitchen,22,1350.13,11.8,26197.92,21.3,2.7,5,0.953,No
MRD-103017,2025-11-22,C18747,Retail,Delhi NCR,Delhi NCR,Website,Credit Card,Home & Kitchen,2,1519.39,15.0,2582.96,20.9,2.1,3,2.011,No
MRD-104913,2025-11-22,C59415,Retail,Mumbai,Mumbai West,Mobile App,Cash on Delivery,Beauty,2,1006.36,10.0,1811.45,18.1,2.8,4,1.707,No
MRD-100439,2025-11-22,C92223,Corporate,Bengaluru,Bengaluru South,Marketplace,Credit Card,Grocery,38,338.04,10.9,11445.36,5.2,1.0,4,1.856,Yes
MRD-104851,2025-11-23,C52317,Retail,Bengaluru,Bengaluru South,Mobile App,UPI,Apparel,2,1106.69,0.0,2213.38,31.5,2.3,3,2.48,No
MRD-104164,2025-11-23,C28699,Retail,Delhi NCR,Delhi NCR,Mobile App,Credit Card,Home & Kitchen,2,1671.02,0.0,3342.04,12.7,6.0,4,1.959,No
MRD-104616,2025-11-23,C24547,Retail,Delhi NCR,Delhi NCR,Mobile App,Debit Card,Electronics,4,7253.22,0.0,29012.88,8.6,1.6,5,2.308,No
MRD-104051,2025-11-23,C51800,Corporate,Mumbai,Mumbai West,Website,Debit Card,Electronics,28,6294.95,20.8,139596.81,8.9,3.5,5,2.297,No
MRD-100133,2025-11-23,C86433,Corporate,Bengaluru,Bengaluru South,Mobile App,Debit Card,Grocery,20,283.31,16.5,4731.28,4.2,3.7,3,1.504,No
MRD-102744,2025-11-23,C29026,Retail,Mumbai,Mumbai West,Website,UPI,Grocery,2,184.58,5.0,350.7,2.3,3.0,4,2.186,No
MRD-104908,2025-11-23,C67234,Retail,Mumbai,Mumbai West,Website,Cash on Delivery,Home & Kitchen,2,1288.77,0.0,2577.54,12.2,4.0,4,1.589,No
MRD-100683,2025-11-23,C19633,Retail,Delhi NCR,Delhi NCR,Website,UPI,Grocery,3,165.82,15.0,422.84,8.6,1.0,2,1.549,No
MRD-103149,2025-11-23,C20565,Retail,Bengaluru,Bengaluru South,Website,UPI,Apparel,1,937.3,5.0,890.44,21.6,4.0,3,1.776,No
MRD-100999,2025-11-23,C73717,Corporate,Bengaluru,Bengaluru South,Website,UPI,Grocery,20,249.14,26.0,3687.27,3.2,4.8,1,2.205,Yes
MRD-104962,2025-11-23,C71451,Retail,Mumbai,Mumbai West,Mobile App,UPI,Beauty,3,857.09,10.0,2314.14,21.9,3.7,5,2.445,No
MRD-100073,2025-11-23,C51332,Retail,Bengaluru,Bengaluru South,Mobile App,UPI,Beauty,3,507.69,10.0,1370.76,30.0,5.4,5,1.503,No
MRD-103400,2025-11-23,C21041,Retail,Mumbai,Mumbai West,Website,Credit Card,Grocery,1,196.85,5.0,187.01,4.1,2.5,4,1.386,No
MRD-104110,2025-11-23,C71670,Retail,Mumbai,Mumbai West,Website,Cash on Delivery,Electronics,1,4419.26,15.0,3756.37,9.6,3.0,3,1.451,No
MRD-103047,2025-11-23,C85032,Retail,Bengaluru,Bengaluru South,Mobile App,Credit Card,Home & Kitchen,1,475.28,5.0,451.52,12.7,1.4,4,2.744,No
MRD-100928,2025-11-23,C90281,Retail,Mumbai,Mumbai West,Mobile App,UPI,Electronics,4,6175.38,20.0,19761.22,10.9,4.3,5,1.943,No
MRD-103728,2025-11-23,C54605,Retail,Delhi NCR,Delhi NCR,Mobile App,Credit Card,Grocery,3,138.78,0.0,416.34,8.2,6.1,5,1.234,No
MRD-103207,2025-11-24,C79479,Corporate,Delhi NCR,Delhi NCR,Website,Credit Card,Grocery,27,442.45,27.2,8696.8,3.2,1.2,5,1.281,No
MRD-104904,2025-11-24,C40541,Corporate,Delhi NCR,Delhi NCR,Website,UPI,Grocery,24,220.25,23.5,4043.79,4.4,35.2,1,1.086,No
MRD-102573,2025-11-24,C48288,Retail,Bengaluru,Bengaluru South,Mobile App,Debit Card,Apparel,1,963.87,10.0,867.48,32.3,6.6,5,1.097,No
MRD-104370,2025-11-24,C23032,Corporate,Mumbai,Mumbai West,Website,Cash on Delivery,Apparel,33,548.87,23.8,13801.89,26.5,2.2,4,1.998,No
MRD-101580,2025-11-24,C91641,Retail,Delhi NCR,Delhi NCR,Mobile App,Credit Card,Grocery,2,278.04,15.0,472.67,1.6,3.2,4,1.47,No
MRD-104002,2025-11-24,C68379,Retail,Mumbai,Mumbai West,Mobile App,UPI,Apparel,2,627.41,0.0,1254.82,34.1,3.1,1,2.463,Yes
MRD-101784,2025-11-24,C61342,Retail,Bengaluru,Bengaluru South,Mobile App,Wallet,Apparel,2,865.12,0.0,1730.24,41.3,4.4,3,1.723,No
MRD-100323,2025-11-24,C40598,Corporate,Mumbai,Mumbai West,Mobile App,Credit Card,Home & Kitchen,33,1215.06,18.2,32799.33,22.5,3.8,5,1.608,No
MRD-104551,2025-11-24,C63854,Retail,Mumbai,Mumbai West,Mobile App,UPI,Home & Kitchen,1,2910.42,0.0,2910.42,19.0,3.0,5,1.788,No
MRD-100498,2025-11-24,C31584,Retail,Delhi NCR,Delhi NCR,Mobile App,UPI,Apparel,2,895.09,5.0,1700.67,26.8,3.4,4,2.04,No
MRD-100244,2025-11-24,C12796,Retail,Mumbai,Mumbai West,Mobile App,Credit Card,Grocery,3,494.64,0.0,1483.92,2.6,3.6,4,2.101,No
MRD-103472,2025-11-24,C68113,Retail,Delhi NCR,Delhi NCR,Mobile App,Debit Card,Electronics,1,11822.09,10.0,10639.88,8.2,2.6,5,2.389,No
MRD-104575,2025-11-24,C86676,Corporate,Mumbai,Mumbai West,Mobile App,Cash on Delivery,Electronics,23,2805.88,15.2,54725.88,7.2,4.0,3,1.612,No
MRD-101412,2025-11-25,C31423,Corporate,Delhi NCR,Delhi NCR,Mobile App,UPI,Grocery,21,403.07,9.8,7634.95,4.6,3.1,4,1.241,No
MRD-100121,2025-11-25,C73147,Retail,Bengaluru,Bengaluru South,Mobile App,UPI,Electronics,2,6995.5,10.0,12591.9,7.5,1.3,5,1.747,No
MRD-102224,2025-11-25,C82762,Retail,Mumbai,Mumbai West,Mobile App,Cash on Delivery,Home & Kitchen,1,1691.05,10.0,1521.94,15.3,4.1,5,2.247,No
MRD-102567,2025-11-25,C67870,Retail,Delhi NCR,Delhi NCR,Mobile App,Debit Card,Electronics,4,4764.34,0.0,19057.36,7.9,1.5,4,2.848,No
MRD-103575,2025-11-25,C93225,Retail,Bengaluru,Bengaluru South,Mobile App,Credit Card,Electronics,1,3152.84,10.0,2837.56,7.1,2.0,5,1.822,No
MRD-100993,2025-11-25,C39388,Retail,Mumbai,Mumbai West,Mobile App,Net Banking,Beauty,2,602.7,5.0,1145.13,31.1,2.8,5,1.388,Yes
MRD-103764,2025-11-25,C60222,Corporate,Bengaluru,Bengaluru South,Mobile App,UPI,Electronics,27,3316.87,8.2,82211.94,7.5,2.9,1,1.602,No
MRD-102986,2025-11-25,C11725,Corporate,Delhi NCR,Delhi NCR,Website,Cash on Delivery,Apparel,28,1005.5,27.3,20467.96,28.8,1.5,4,1.458,No
MRD-103846,2025-11-25,C28764,Retail,Mumbai,Mumbai West,Mobile App,UPI,Beauty,2,1243.1,20.0,1988.96,19.1,3.7,1,2.653,No
MRD-102974,2025-11-25,C32326,Retail,Mumbai,Mumbai West,Website,UPI,Apparel,1,624.24,15.0,530.6,32.6,2.9,2,1.944,No
MRD-104467,2025-11-25,C84310,Retail,Mumbai,Mumbai West,Mobile App,Net Banking,Apparel,1,1678.38,10.0,1510.54,34.6,3.5,5,1.009,No
MRD-104073,2025-11-25,C83231,Retail,Mumbai,Mumbai West,Marketplace,Net Banking,Home & Kitchen,1,3267.65,15.0,2777.5,18.5,3.7,4,2.118,No
MRD-102747,2025-11-25,C46906,Retail,Mumbai,Mumbai West,Mobile App,Debit Card,Grocery,1,196.85,0.0,196.85,2.7,4.2,3,1.936,No
MRD-103755,2025-11-25,C42173,Retail,Mumbai,Mumbai West,Mobile App,Credit Card,Grocery,1,180.74,0.0,180.74,6.0,2.4,4,2.074,No
MRD-102892,2025-11-25,C61010,Retail,Delhi NCR,Delhi NCR,Website,Wallet,Grocery,1,159.38,0.0,159.38,2.9,1.3,5,1.988,No
MRD-100122,2025-11-26,C49738,Retail,Delhi NCR,Delhi NCR,Mobile App,UPI,Grocery,4,166.49,15.0,566.07,0.5,1.9,5,2.25,No
MRD-103471,2025-11-26,C51431,Corporate,Bengaluru,Bengaluru South,Website,Debit Card,Apparel,35,1197.17,15.5,35406.3,35.4,2.3,4,1.832,Yes
MRD-103061,2025-11-26,C46199,Retail,Mumbai,Mumbai West,Marketplace,Debit Card,Home & Kitchen,6,725.16,0.0,4350.96,14.6,6.0,3,1.756,No
MRD-101434,2025-11-26,C12070,Retail,Mumbai,Mumbai West,Mobile App,Cash on Delivery,Grocery,1,206.38,5.0,196.06,3.2,3.7,3,2.292,No
MRD-103691,2025-11-26,C44342,Retail,Mumbai,Mumbai West,Mobile App,Credit Card,Apparel,2,1167.87,10.0,2102.17,36.8,2.8,1,1.588,Yes
MRD-103776,2025-11-26,C67861,Retail,Mumbai,Mumbai West,Website,Credit Card,Grocery,2,221.06,20.0,353.7,2.2,2.6,5,1.696,No
MRD-101771,2025-11-26,C96927,Retail,Mumbai,Mumbai West,Mobile App,Credit Card,Beauty,1,757.66,0.0,757.66,26.1,3.0,1,1.712,Yes
MRD-100462,2025-11-26,C85505,Retail,Bengaluru,Bengaluru South,Mobile App,Credit Card,Home & Kitchen,2,1549.36,10.0,2788.85,14.9,1.0,4,2.664,No
MRD-102342,2025-11-26,C70468,Retail,Bengaluru,Bengaluru South,Website,UPI,Apparel,3,1349.46,0.0,4048.38,31.7,4.4,4,1.775,No
MRD-102157,2025-11-26,C60488,Retail,Mumbai,Mumbai West,Website,Net Banking,Apparel,2,685.02,0.0,1370.04,30.1,3.1,5,1.615,No
MRD-101262,2025-11-26,C63439,Retail,Delhi NCR,Delhi NCR,Website,UPI,Beauty,1,530.2,20.0,424.16,25.0,11.7,1,1.955,No
MRD-101647,2025-11-27,C97587,Corporate,Delhi NCR,Delhi NCR,Marketplace,UPI,Apparel,24,767.58,12.5,16119.18,28.2,5.8,4,1.986,No
MRD-103911,2025-11-27,C88367,Retail,Bengaluru,Bengaluru South,Website,Wallet,Electronics,4,1683.99,15.0,5725.57,9.8,1.0,4,2.278,No
MRD-103342,2025-11-27,C69712,Retail,Bengaluru,Bengaluru South,Website,Wallet,Electronics,2,2826.12,20.0,4521.79,10.0,5.1,4,1.472,No
MRD-104407,2025-11-27,C14183,Corporate,Bengaluru,Bengaluru South,Marketplace,Credit Card,Apparel,26,669.83,8.0,16022.33,23.6,3.9,5,2.004,No
MRD-104972,2025-11-27,C47944,Retail,Mumbai,Mumbai West,Mobile App,UPI,Grocery,2,189.4,20.0,303.04,4.0,3.3,5,2.102,No
MRD-102627,2025-11-27,C96776,Corporate,Bengaluru,Bengaluru South,Mobile App,UPI,Electronics,31,6487.48,14.4,172151.77,10.6,1.0,5,1.956,No
MRD-102937,2025-11-27,C97042,Retail,Bengaluru,Bengaluru South,Marketplace,Cash on Delivery,Home & Kitchen,1,1523.6,10.0,1371.24,18.9,4.7,4,1.715,No
MRD-100242,2025-11-27,C91601,Retail,Bengaluru,Bengaluru South,Website,Credit Card,Electronics,1,2522.36,20.0,2017.89,6.4,2.0,4,1.76,No
MRD-102105,2025-11-27,C97632,Retail,Mumbai,Mumbai West,Mobile App,UPI,Grocery,2,246.69,15.0,419.37,3.8,4.4,2,2.69,No
MRD-102778,2025-11-27,C36129,Retail,Mumbai,Mumbai West,Website,Debit Card,Beauty,5,480.88,10.0,2163.96,22.9,2.8,5,2.792,No
MRD-101900,2025-11-27,C83722,Retail,Delhi NCR,Delhi NCR,Website,Credit Card,Apparel,2,327.7,10.0,589.86,28.5,1.7,3,1.743,Yes
MRD-102296,2025-11-27,C35643,Retail,Bengaluru,Bengaluru South,Mobile App,UPI,Grocery,2,258.72,15.0,439.82,5.3,4.1,2,1.687,Yes
MRD-100290,2025-11-28,C80831,Retail,Bengaluru,Bengaluru South,Website,Cash on Delivery,Electronics,2,3130.9,10.0,5635.62,8.7,2.6,4,2.019,No
MRD-104253,2025-11-28,C27515,Retail,Delhi NCR,Delhi NCR,Website,Credit Card,Grocery,1,196.25,10.0,176.62,6.8,2.3,4,1.835,No
MRD-103028,2025-11-28,C34113,Retail,Delhi NCR,Delhi NCR,Website,Debit Card,Apparel,2,1038.4,0.0,2076.8,32.3,5.0,5,2.329,Yes
MRD-103536,2025-11-28,C32154,Retail,Mumbai,Mumbai West,Mobile App,Debit Card,Apparel,3,752.33,0.0,2256.99,29.0,3.0,2,1.503,Yes
MRD-100964,2025-11-28,C24291,Retail,Mumbai,Mumbai West,Website,Cash on Delivery,Apparel,2,612.72,20.0,980.35,32.5,3.1,5,1.865,No
MRD-103515,2025-11-28,C18904,Retail,Mumbai,Mumbai West,Marketplace,UPI,Grocery,1,188.74,10.0,169.87,3.3,3.8,3,2.07,No
MRD-103812,2025-11-28,C29808,Retail,Mumbai,Mumbai West,Website,Debit Card,Electronics,3,14943.69,20.0,35864.86,5.7,3.3,4,1.95,No
MRD-102186,2025-11-28,C59542,Retail,Mumbai,Mumbai West,Mobile App,Cash on Delivery,Beauty,1,1160.37,5.0,1102.35,30.2,3.6,2,2.728,No
MRD-103451,2025-11-28,C37440,Retail,Mumbai,Mumbai West,Mobile App,Cash on Delivery,Electronics,1,2131.11,10.0,1918.0,9.8,3.6,5,1.72,No
MRD-100383,2025-11-28,C66217,Retail,Mumbai,Mumbai West,Website,Cash on Delivery,Apparel,2,986.5,0.0,1973.0,34.9,3.0,5,1.419,No
MRD-102569,2025-11-28,C37150,Corporate,Mumbai,Mumbai West,Mobile App,Credit Card,Grocery,26,274.35,17.3,5899.07,3.4,3.3,5,2.567,No
MRD-103656,2025-11-28,C34148,Retail,Delhi NCR,Delhi NCR,Mobile App,Wallet,Grocery,2,269.75,0.0,539.5,4.5,2.7,3,1.286,No
MRD-104107,2025-11-28,C20488,Retail,Mumbai,Mumbai West,Mobile App,UPI,Electronics,1,2649.39,0.0,2649.39,7.4,3.3,4,1.981,No
MRD-104007,2025-11-28,C31650,Corporate,Mumbai,Mumbai West,Website,UPI,Beauty,21,379.81,22.5,6181.41,26.1,2.1,4,1.849,No
MRD-102735,2025-11-28,C64473,Retail,Delhi NCR,Delhi NCR,Mobile App,UPI,Grocery,5,207.91,0.0,1039.55,5.6,3.2,4,2.192,No
MRD-103978,2025-11-28,C78771,Retail,Mumbai,Mumbai West,Mobile App,Cash on Delivery,Grocery,4,143.31,0.0,573.24,5.1,2.4,2,1.807,Yes
MRD-100680,2025-11-29,C47597,Retail,Mumbai,Mumbai West,Mobile App,UPI,Grocery,1,226.41,10.0,203.77,4.7,2.2,4,1.763,No
MRD-101224,2025-11-29,C40084,Retail,Bengaluru,Bengaluru South,Mobile App,UPI,Apparel,1,2619.16,15.0,2226.29,34.4,3.0,3,2.223,No
MRD-100494,2025-11-29,C15211,Retail,Delhi NCR,Delhi NCR,Mobile App,Credit Card,Beauty,1,962.76,10.0,866.48,22.4,2.2,4,0.737,No
MRD-103311,2025-11-29,C44045,Corporate,Mumbai,Mumbai West,Mobile App,UPI,Grocery,27,259.54,17.6,5774.25,6.0,3.4,3,1.812,No
MRD-102893,2025-11-29,C88376,Retail,Delhi NCR,Delhi NCR,Website,UPI,Beauty,2,664.24,0.0,1328.48,25.9,4.3,5,1.662,No
MRD-101512,2025-11-29,C38460,Corporate,Bengaluru,Bengaluru South,Website,UPI,Grocery,25,224.42,23.1,4314.47,3.5,2.9,5,2.027,No
MRD-103629,2025-11-29,C79217,Corporate,Delhi NCR,Delhi NCR,Mobile App,Credit Card,Grocery,33,190.75,13.2,5463.84,5.1,4.3,5,1.119,Yes
MRD-104950,2025-11-29,C69447,Retail,Delhi NCR,Delhi NCR,Mobile App,Cash on Delivery,Electronics,1,1890.82,20.0,1512.66,7.7,5.7,5,1.822,Yes
MRD-104718,2025-11-29,C95493,Retail,Mumbai,Mumbai West,Website,Debit Card,Grocery,1,240.45,20.0,192.36,4.2,2.9,1,2.084,Yes
MRD-100754,2025-11-29,C14681,Retail,Mumbai,Mumbai West,Mobile App,UPI,Electronics,2,9554.71,20.0,15287.54,7.6,3.5,4,2.314,No
MRD-103162,2025-11-29,C41995,Retail,Delhi NCR,Delhi NCR,Mobile App,Debit Card,Grocery,1,280.58,0.0,280.58,4.9,1.0,5,1.653,No
MRD-102464,2025-11-29,C91702,Corporate,Mumbai,Mumbai West,Mobile App,Cash on Delivery,Electronics,28,4277.48,14.9,101923.79,9.4,3.5,5,2.713,No
MRD-101197,2025-11-29,C73763,Retail,Mumbai,Mumbai West,Mobile App,UPI,Grocery,2,219.65,20.0,351.44,4.3,3.7,2,1.618,No
MRD-101294,2025-11-30,C45515,Retail,Mumbai,Mumbai West,Marketplace,Credit Card,Apparel,2,2017.84,5.0,3833.9,37.8,4.5,5,1.649,No
MRD-101454,2025-11-30,C54346,Retail,Mumbai,Mumbai West,Mobile App,UPI,Grocery,1,291.31,20.0,233.05,3.6,3.8,4,2.627,No
MRD-101380,2025-11-30,C33251,Retail,Delhi NCR,Delhi NCR,Mobile App,Cash on Delivery,Apparel,1,569.52,0.0,569.52,35.7,1.0,4,1.993,No
MRD-101767,2025-11-30,C22606,Retail,Mumbai,Mumbai West,Marketplace,Credit Card,Electronics,3,15574.93,0.0,46724.79,7.3,3.8,4,1.225,No
MRD-103825,2025-11-30,C79626,Corporate,Bengaluru,Bengaluru South,Website,UPI,Grocery,31,203.92,14.5,5404.9,2.1,2.7,3,1.537,No
MRD-103606,2025-11-30,C91898,Retail,Bengaluru,Bengaluru South,Website,Net Banking,Apparel,1,1990.22,0.0,1990.22,25.8,1.8,4,1.842,No
MRD-100852,2025-11-30,C96980,Retail,Bengaluru,Bengaluru South,Mobile App,UPI,Beauty,1,1730.54,5.0,1644.01,26.8,3.5,2,1.19,No
MRD-101791,2025-11-30,C96238,Corporate,Bengaluru,Bengaluru South,Website,Credit Card,Apparel,25,832.89,13.5,18011.25,30.0,4.8,4,2.34,No
MRD-100607,2025-11-30,C56150,Corporate,Bengaluru,Bengaluru South,Mobile App,UPI,Grocery,25,178.01,18.0,3649.21,1.3,1.3,2,1.928,No
MRD-103547,2025-11-30,C97281,Retail,Bengaluru,Bengaluru South,Website,UPI,Apparel,2,467.6,0.0,935.2,33.5,2.4,5,2.264,No
MRD-100542,2025-11-30,C77694,Retail,Mumbai,Mumbai West,Mobile App,UPI,Home & Kitchen,1,1024.71,15.0,871.0,22.1,3.7,2,2.097,No
MRD-100539,2025-11-30,C21007,Retail,Mumbai,Mumbai West,Mobile App,UPI,Grocery,2,158.73,0.0,317.46,5.2,3.5,4,1.964,No
MRD-104521,2025-11-30,C98536,Corporate,Delhi NCR,Delhi NCR,Marketplace,UPI,Home & Kitchen,24,1471.54,19.4,28465.47,18.7,2.8,1,2.257,No
MRD-102495,2025-11-30,C53480,Retail,Bengaluru,Bengaluru South,Mobile App,Credit Card,Electronics,2,2628.2,0.0,5256.4,8.2,4.4,5,2.412,No
MRD-103211,2025-11-30,C40243,Retail,Bengaluru,Bengaluru South,Mobile App,Debit Card,Apparel,2,1222.42,20.0,1955.87,23.0,4.6,5,2.006,Yes
MRD-101401,2025-11-30,C38127,Retail,Bengaluru,Bengaluru South,Website,Debit Card,Electronics,6,1461.32,10.0,7891.13,8.1,1.5,4,1.662,No
MRD-104939,2025-11-30,C99450,Retail,Mumbai,Mumbai West,Website,Credit Card,Apparel,2,533.7,5.0,1014.03,31.4,4.0,5,1.795,No
MRD-102122,2025-12-01,C91452,Retail,Mumbai,Mumbai West,Mobile App,UPI,Beauty,1,1046.49,15.0,889.52,25.0,4.2,4,1.328,No
MRD-100913,2025-12-01,C40780,Retail,Mumbai,Mumbai West,Mobile App,Credit Card,Grocery,4,193.2,0.0,772.8,5.8,3.4,5,1.036,Yes
MRD-104203,2025-12-01,C39502,Retail,Bengaluru,Bengaluru South,Website,Cash on Delivery,Electronics,2,8285.28,0.0,16570.56,9.9,4.6,4,2.071,Yes
MRD-101651,2025-12-01,C91540,Retail,Delhi NCR,Delhi NCR,Marketplace,Wallet,Grocery,1,211.81,0.0,211.81,4.8,1.0,3,1.944,No
MRD-101720,2025-12-01,C59104,Retail,Mumbai,Mumbai West,Marketplace,Cash on Delivery,Home & Kitchen,3,537.49,0.0,1612.47,22.6,3.6,4,1.718,No
MRD-100453,2025-12-01,C51029,Retail,Delhi NCR,Delhi NCR,Mobile App,UPI,Beauty,1,453.56,20.0,362.85,18.2,5.2,4,1.872,No
MRD-101002,2025-12-01,C64624,Retail,Delhi NCR,Delhi NCR,Mobile App,UPI,Grocery,2,254.53,20.0,407.25,7.1,5.8,4,1.564,No
MRD-103952,2025-12-01,C57875,Retail,Mumbai,Mumbai West,Mobile App,UPI,Electronics,2,3398.55,10.0,6117.39,11.9,4.0,5,2.279,No
MRD-102145,2025-12-01,C75667,Retail,Bengaluru,Bengaluru South,Mobile App,Credit Card,Apparel,1,874.26,20.0,699.41,38.7,2.9,1,1.654,Yes
MRD-103491,2025-12-01,C43766,Retail,Bengaluru,Bengaluru South,Mobile App,UPI,Grocery,2,322.61,0.0,645.22,5.7,3.3,2,1.439,No
MRD-101764,2025-12-01,C23108,Retail,Mumbai,Mumbai West,Mobile App,Debit Card,Grocery,1,262.75,20.0,210.2,3.0,3.2,5,2.302,No
MRD-102090,2025-12-02,C50026,Retail,Bengaluru,Bengaluru South,Website,UPI,Apparel,1,1073.11,5.0,1019.45,39.0,2.2,4,2.272,No
MRD-104415,2025-12-02,C18054,Corporate,Delhi NCR,Delhi NCR,Mobile App,UPI,Apparel,23,891.43,11.8,18083.55,20.4,1.7,4,1.938,Yes
MRD-104095,2025-12-02,C17535,Retail,Mumbai,Mumbai West,Mobile App,UPI,Apparel,1,780.59,0.0,780.59,28.6,2.6,1,1.478,No
MRD-103006,2025-12-02,C28670,Retail,Delhi NCR,Delhi NCR,Website,Debit Card,Electronics,4,6768.65,0.0,27074.6,10.3,5.3,4,1.664,No
MRD-104179,2025-12-02,C72828,Corporate,Bengaluru,Bengaluru South,Website,Cash on Delivery,Electronics,40,5169.45,14.6,176588.41,6.2,3.4,5,1.591,No
MRD-100830,2025-12-02,C19010,Retail,Mumbai,Mumbai West,Mobile App,Net Banking,Beauty,3,589.61,20.0,1415.06,26.8,3.5,1,1.668,No
MRD-102929,2025-12-02,C22829,Retail,Bengaluru,Bengaluru South,Mobile App,Cash on Delivery,Apparel,2,386.86,15.0,657.66,29.8,3.8,5,1.704,No
MRD-100446,2025-12-02,C49196,Retail,Delhi NCR,Delhi NCR,Website,Net Banking,Grocery,3,332.17,20.0,797.21,4.6,4.5,5,2.786,No
MRD-100284,2025-12-02,C99619,Retail,Bengaluru,Bengaluru South,Mobile App,UPI,Grocery,2,227.58,0.0,455.16,2.6,3.7,3,1.967,No
MRD-103305,2025-12-02,C91653,Retail,Delhi NCR,Delhi NCR,Marketplace,UPI,Grocery,2,187.04,0.0,374.08,1.2,2.4,4,2.88,No
MRD-102213,2025-12-02,C20917,Retail,Delhi NCR,Delhi NCR,Mobile App,UPI,Apparel,1,964.11,0.0,964.11,27.7,1.2,2,2.344,No
MRD-103896,2025-12-02,C50505,Retail,Mumbai,Mumbai West,Mobile App,Cash on Delivery,Electronics,4,1476.39,15.0,5019.73,9.5,3.6,4,2.121,No
MRD-102462,2025-12-03,C61108,Retail,Bengaluru,Bengaluru South,Mobile App,UPI,Apparel,2,1092.41,15.0,1857.1,26.0,3.8,5,2.418,No
MRD-104646,2025-12-03,C65264,Retail,Mumbai,Mumbai West,Mobile App,Wallet,Home & Kitchen,2,3105.92,20.0,4969.47,13.5,4.2,4,1.301,No
MRD-102450,2025-12-03,C69911,Corporate,Mumbai,Mumbai West,Mobile App,Credit Card,Electronics,30,10019.18,17.3,248575.86,4.9,3.4,2,1.88,No
MRD-104039,2025-12-03,C13729,Corporate,Mumbai,Mumbai West,Mobile App,Net Banking,Beauty,33,938.01,17.9,25413.5,26.6,3.0,5,1.748,No
MRD-103539,2025-12-03,C96876,Retail,Bengaluru,Bengaluru South,Mobile App,Cash on Delivery,Beauty,1,479.27,20.0,383.42,24.3,2.6,5,1.789,No
MRD-103577,2025-12-03,C69566,Retail,Mumbai,Mumbai West,Website,Credit Card,Electronics,2,741.32,0.0,1482.64,6.5,2.6,5,1.967,No
MRD-101560,2025-12-03,C72273,Retail,Bengaluru,Bengaluru South,Marketplace,Credit Card,Grocery,1,191.07,0.0,191.07,5.4,1.9,2,2.262,No
MRD-104717,2025-12-03,C41445,Retail,Mumbai,Mumbai West,Website,UPI,Beauty,2,842.95,20.0,1348.72,31.0,3.7,4,2.291,No
MRD-100469,2025-12-03,C85099,Retail,Bengaluru,Bengaluru South,Mobile App,UPI,Home & Kitchen,2,1928.55,20.0,3085.68,18.1,5.7,5,1.697,No
MRD-101748,2025-12-03,C68059,Retail,Mumbai,Mumbai West,Mobile App,UPI,Apparel,1,562.87,0.0,562.87,24.2,3.3,5,1.342,No
MRD-104578,2025-12-04,C84800,Retail,Delhi NCR,Delhi NCR,Website,Debit Card,Electronics,3,7654.54,0.0,22963.62,10.4,7.6,4,1.623,No
MRD-101904,2025-12-04,C67681,Retail,Bengaluru,Bengaluru South,Mobile App,UPI,Apparel,1,901.91,20.0,721.53,23.7,3.7,4,1.295,No
MRD-102387,2025-12-04,C61386,Retail,Bengaluru,Bengaluru South,Mobile App,Debit Card,Apparel,1,1221.56,0.0,1221.56,32.6,4.7,5,2.431,No
MRD-103658,2025-12-04,C34270,Retail,Mumbai,Mumbai West,Website,UPI,Electronics,1,2812.28,15.0,2390.44,7.6,2.9,2,1.907,No
MRD-101489,2025-12-04,C17436,Retail,Bengaluru,Bengaluru South,Mobile App,Cash on Delivery,Electronics,1,2266.01,15.0,1926.11,11.4,1.0,5,2.347,No
MRD-104922,2025-12-04,C61791,Retail,Delhi NCR,Delhi NCR,Mobile App,UPI,Electronics,2,6742.09,0.0,13484.18,6.7,3.5,2,1.54,No
MRD-102966,2025-12-04,C43459,Retail,Bengaluru,Bengaluru South,Website,Cash on Delivery,Grocery,3,194.02,0.0,582.06,5.9,2.4,4,1.819,No
MRD-104156,2025-12-04,C27381,Retail,Mumbai,Mumbai West,Website,UPI,Electronics,1,9554.54,10.0,8599.09,12.0,4.2,5,1.606,No
MRD-103523,2025-12-04,C21184,Corporate,Bengaluru,Bengaluru South,Marketplace,UPI,Grocery,34,274.3,9.4,8449.54,3.5,14.2,4,1.161,No
MRD-100394,2025-12-04,C57760,Retail,Mumbai,Mumbai West,Website,Debit Card,Apparel,2,663.11,0.0,1326.22,37.9,3.0,4,1.715,No
MRD-101702,2025-12-04,C27226,Retail,Mumbai,Mumbai West,Website,UPI,Electronics,3,3864.17,0.0,11592.51,8.6,4.2,5,1.143,No
MRD-101121,2025-12-04,C95436,Retail,Bengaluru,Bengaluru South,Website,Cash on Delivery,Apparel,1,2173.87,20.0,1739.1,31.9,1.7,5,1.606,Yes
MRD-101023,2025-12-04,C31281,Retail,Bengaluru,Bengaluru South,Mobile App,Debit Card,Grocery,4,217.46,10.0,782.86,4.5,1.0,2,2.85,No
MRD-104385,2025-12-04,C46084,Retail,Mumbai,Mumbai West,Website,Credit Card,Electronics,1,3623.89,10.0,3261.5,6.3,3.3,5,1.549,No
MRD-102877,2025-12-05,C21985,Corporate,Mumbai,Mumbai West,Mobile App,UPI,Grocery,27,240.52,21.0,5130.29,4.2,2.7,1,1.517,No
MRD-101505,2025-12-05,C24427,Retail,Delhi NCR,Delhi NCR,Mobile App,UPI,Home & Kitchen,1,909.31,10.0,818.38,14.2,1.0,4,1.667,Yes
MRD-102478,2025-12-05,C25561,Retail,Mumbai,Mumbai West,Mobile App,UPI,Grocery,1,232.76,20.0,186.21,1.8,4.4,5,1.54,No
MRD-102617,2025-12-05,C40529,Retail,Mumbai,Mumbai West,Mobile App,UPI,Apparel,2,546.37,5.0,1038.1,37.5,2.5,4,1.513,No
MRD-100158,2025-12-05,C33525,Retail,Delhi NCR,Delhi NCR,Mobile App,Credit Card,Apparel,1,923.92,10.0,831.53,29.2,2.9,5,2.015,Yes
MRD-102616,2025-12-05,C96150,Retail,Bengaluru,Bengaluru South,Website,Debit Card,Beauty,3,751.5,15.0,1916.32,32.4,1.0,1,1.892,No
MRD-103544,2025-12-05,C66326,Retail,Bengaluru,Bengaluru South,Marketplace,Debit Card,Grocery,2,257.85,10.0,464.13,2.9,1.0,3,1.785,No
MRD-102318,2025-12-05,C90121,Retail,Mumbai,Mumbai West,Mobile App,UPI,Grocery,3,156.2,0.0,468.6,4.3,3.3,5,2.119,No
MRD-100546,2025-12-05,C13318,Retail,Bengaluru,Bengaluru South,Mobile App,Debit Card,Electronics,1,8224.53,0.0,8224.53,9.9,2.6,5,1.758,No
MRD-101205,2025-12-05,C46134,Retail,Bengaluru,Bengaluru South,Mobile App,Wallet,Home & Kitchen,2,2650.27,5.0,5035.51,12.1,1.8,5,1.144,No
MRD-104052,2025-12-05,C47854,Retail,Delhi NCR,Delhi NCR,Mobile App,UPI,Apparel,2,1160.1,0.0,2320.2,36.3,1.0,5,2.629,No
MRD-101423,2025-12-05,C51119,Retail,Bengaluru,Bengaluru South,Website,Credit Card,Home & Kitchen,1,2571.3,0.0,2571.3,19.4,3.3,4,2.256,No
MRD-104506,2025-12-05,C75137,Retail,Bengaluru,Bengaluru South,Mobile App,Net Banking,Apparel,1,692.15,0.0,692.15,35.9,1.8,2,1.43,No
MRD-101514,2025-12-05,C31762,Retail,Delhi NCR,Delhi NCR,Mobile App,UPI,Grocery,1,247.93,20.0,198.34,2.7,5.5,5,1.416,No
MRD-101984,2025-12-05,C24436,Retail,Bengaluru,Bengaluru South,Website,UPI,Grocery,4,258.37,15.0,878.46,0.8,1.0,5,1.837,No
MRD-100802,2025-12-05,C95379,Retail,Delhi NCR,Delhi NCR,Mobile App,Credit Card,Electronics,2,5586.04,0.0,11172.08,8.5,3.3,4,1.446,No
MRD-103345,2025-12-05,C56397,Corporate,Delhi NCR,Delhi NCR,Mobile App,UPI,Home & Kitchen,32,577.53,18.6,15043.5,20.0,4.9,1,0.598,No
MRD-100938,2025-12-05,C26568,Retail,Mumbai,Mumbai West,Mobile App,UPI,Grocery,2,252.99,20.0,404.78,4.3,3.1,4,2.035,No
MRD-103396,2025-12-05,C48955,Retail,Bengaluru,Bengaluru South,Mobile App,Cash on Delivery,Grocery,2,155.06,10.0,279.11,4.0,1.3,5,1.814,No
MRD-102164,2025-12-06,C14990,Retail,Delhi NCR,Delhi NCR,Website,UPI,Electronics,3,8256.94,0.0,24770.82,9.9,1.6,1,1.591,Yes
MRD-102964,2025-12-06,C35207,Retail,Bengaluru,Bengaluru South,Mobile App,Credit Card,Electronics,3,4870.08,0.0,14610.24,9.1,1.7,2,1.558,No
MRD-100117,2025-12-06,C67157,Retail,Mumbai,Mumbai West,Website,UPI,Grocery,1,235.7,15.0,200.34,7.3,3.2,2,2.22,No
MRD-104326,2025-12-06,C26187,Retail,Mumbai,Mumbai West,Mobile App,UPI,Beauty,2,654.97,10.0,1178.95,31.1,3.9,5,2.242,No
MRD-104441,2025-12-06,C82526,Retail,Delhi NCR,Delhi NCR,Mobile App,UPI,Electronics,1,3424.46,0.0,3424.46,8.5,10.5,2,1.707,No
MRD-103567,2025-12-06,C65255,Retail,Bengaluru,Bengaluru South,Website,UPI,Electronics,2,3896.26,0.0,7792.52,9.9,6.8,5,1.289,No
MRD-103987,2025-12-06,C11871,Corporate,Mumbai,Mumbai West,Marketplace,Net Banking,Electronics,29,3503.05,8.3,93156.61,9.3,2.6,5,1.689,No
MRD-101652,2025-12-06,C81888,Retail,Bengaluru,Bengaluru South,Mobile App,Cash on Delivery,Electronics,1,3904.96,15.0,3319.22,9.0,2.8,4,0.888,No
MRD-103961,2025-12-06,C82152,Retail,Delhi NCR,Delhi NCR,Mobile App,Cash on Delivery,Electronics,3,2535.79,20.0,6085.9,8.9,5.5,4,1.881,No
MRD-100128,2025-12-06,C40573,Retail,Bengaluru,Bengaluru South,Website,Cash on Delivery,Home & Kitchen,1,2132.55,15.0,1812.67,11.5,3.9,5,1.337,No
MRD-102207,2025-12-06,C64204,Retail,Bengaluru,Bengaluru South,Marketplace,Debit Card,Apparel,1,747.96,0.0,747.96,32.7,4.9,4,1.938,No
MRD-101080,2025-12-06,C85354,Corporate,Delhi NCR,Delhi NCR,Mobile App,Net Banking,Apparel,16,1158.68,11.7,16369.83,29.5,1.0,5,2.126,No
MRD-101117,2025-12-06,C96984,Retail,Bengaluru,Bengaluru South,Mobile App,UPI,Grocery,3,214.52,0.0,643.56,4.8,1.0,1,1.931,Yes
MRD-101513,2025-12-06,C60840,Corporate,Mumbai,Mumbai West,Website,Credit Card,Electronics,29,1987.8,20.3,45944.02,9.3,2.8,1,1.907,No
MRD-102354,2025-12-06,C20334,Retail,Delhi NCR,Delhi NCR,Website,Credit Card,Apparel,2,469.56,20.0,751.3,33.8,3.9,3,1.766,No
MRD-103535,2025-12-06,C90797,Retail,Delhi NCR,Delhi NCR,Mobile App,UPI,Electronics,1,3254.76,0.0,3254.76,8.4,1.0,1,1.894,No
MRD-101386,2025-12-06,C76060,Retail,Delhi NCR,Delhi NCR,Marketplace,Credit Card,Home & Kitchen,3,988.63,20.0,2372.71,20.3,2.9,4,2.393,No
MRD-103617,2025-12-07,C36060,Retail,Bengaluru,Bengaluru South,Mobile App,UPI,Grocery,3,162.64,0.0,487.92,4.8,4.2,2,1.847,No
MRD-101465,2025-12-07,C35052,Retail,Delhi NCR,Delhi NCR,Mobile App,Net Banking,Apparel,3,2364.84,10.0,6385.07,38.9,5.4,4,2.276,No
MRD-104001,2025-12-07,C31640,Retail,Mumbai,Mumbai West,Mobile App,UPI,Electronics,3,4670.74,0.0,14012.22,8.6,3.2,5,1.913,No
MRD-104414,2025-12-07,C12605,Retail,Mumbai,Mumbai West,Mobile App,Cash on Delivery,Electronics,3,10201.82,15.0,26014.64,7.3,3.1,4,2.407,No
MRD-101978,2025-12-07,C94451,Retail,Bengaluru,Bengaluru South,Website,Debit Card,Electronics,2,4826.0,0.0,9652.0,6.9,6.1,2,2.049,No
MRD-100461,2025-12-07,C24805,Retail,Bengaluru,Bengaluru South,Mobile App,Credit Card,Apparel,1,1017.55,5.0,966.67,39.9,2.1,5,1.691,Yes
MRD-103772,2025-12-07,C18938,Retail,Bengaluru,Bengaluru South,Mobile App,UPI,Beauty,1,638.93,0.0,638.93,24.4,1.0,1,2.256,No
MRD-103640,2025-12-07,C68630,Retail,Mumbai,Mumbai West,Website,UPI,Electronics,1,6833.13,5.0,6491.47,9.5,4.0,5,1.515,No
MRD-102700,2025-12-07,C95891,Retail,Mumbai,Mumbai West,Mobile App,UPI,Electronics,2,3990.74,20.0,6385.18,6.8,3.3,4,2.244,No
MRD-103005,2025-12-08,C67466,Retail,Bengaluru,Bengaluru South,Mobile App,Debit Card,Home & Kitchen,1,3270.5,5.0,3106.98,17.9,2.2,4,2.807,No
MRD-102640,2025-12-08,C11469,Retail,Mumbai,Mumbai West,Website,Cash on Delivery,Electronics,1,2894.5,5.0,2749.78,6.3,3.7,4,2.703,No
MRD-102062,2025-12-08,C15681,Retail,Mumbai,Mumbai West,Mobile App,Credit Card,Beauty,2,638.59,5.0,1213.32,20.9,3.8,1,1.783,No
MRD-102967,2025-12-08,C34117,Retail,Bengaluru,Bengaluru South,Marketplace,Net Banking,Apparel,4,1240.19,20.0,3968.61,30.0,4.1,4,1.46,Yes
MRD-104303,2025-12-08,C46986,Retail,Bengaluru,Bengaluru South,Mobile App,UPI,Electronics,1,1727.12,20.0,1381.7,7.6,1.5,4,1.805,No
MRD-101940,2025-12-08,C89048,Retail,Mumbai,Mumbai West,Mobile App,UPI,Apparel,2,807.54,0.0,1615.08,27.6,4.6,4,1.638,No
MRD-100807,2025-12-08,C79243,Retail,Mumbai,Mumbai West,Mobile App,Debit Card,Beauty,1,908.59,20.0,726.87,25.7,3.0,5,2.11,No
MRD-101532,2025-12-08,C27037,Retail,Mumbai,Mumbai West,Website,UPI,Electronics,1,5977.26,0.0,5977.26,10.5,2.9,4,1.581,No
MRD-100161,2025-12-08,C17415,Retail,Mumbai,Mumbai West,Mobile App,Credit Card,Apparel,4,701.48,15.0,2385.03,35.8,3.2,4,2.555,No
MRD-102732,2025-12-08,C41269,Retail,Bengaluru,Bengaluru South,Marketplace,Cash on Delivery,Apparel,1,454.9,0.0,454.9,43.9,3.6,2,1.65,No
MRD-100667,2025-12-08,C65655,Retail,Mumbai,Mumbai West,Marketplace,UPI,Apparel,2,1276.06,15.0,2169.3,38.3,3.6,5,2.353,No
MRD-103552,2025-12-08,C57496,Retail,Bengaluru,Bengaluru South,Mobile App,Cash on Delivery,Electronics,1,8220.29,0.0,8220.29,5.5,2.1,4,2.279,No
MRD-104291,2025-12-08,C10541,Retail,Bengaluru,Bengaluru South,Mobile App,UPI,Grocery,2,154.89,0.0,309.78,2.7,1.4,2,1.449,Yes
MRD-102705,2025-12-08,C94294,Retail,Mumbai,Mumbai West,Marketplace,UPI,Beauty,2,554.88,15.0,943.3,30.4,3.6,4,1.939,No
MRD-103168,2025-12-08,C72592,Retail,Bengaluru,Bengaluru South,Mobile App,Debit Card,Grocery,1,290.8,15.0,247.18,4.3,1.0,4,2.257,No
MRD-101442,2025-12-09,C77565,Retail,Delhi NCR,Delhi NCR,Marketplace,Debit Card,Apparel,4,1381.53,0.0,5526.12,35.9,2.6,5,1.749,Yes
MRD-100956,2025-12-09,C40508,Retail,Mumbai,Mumbai West,Website,UPI,Grocery,3,234.5,10.0,633.15,5.5,4.0,5,2.212,No
MRD-103179,2025-12-09,C44043,Corporate,Bengaluru,Bengaluru South,Mobile App,Net Banking,Apparel,28,1547.25,27.5,31409.18,27.9,1.5,2,1.579,Yes
MRD-101365,2025-12-09,C94784,Retail,Delhi NCR,Delhi NCR,Mobile App,Net Banking,Electronics,1,5240.26,15.0,4454.22,7.7,2.0,4,1.61,No
MRD-104243,2025-12-09,C40759,Retail,Mumbai,Mumbai West,Marketplace,UPI,Apparel,4,857.54,5.0,3258.65,30.9,4.5,4,2.512,Yes
MRD-100413,2025-12-09,C21241,Retail,Delhi NCR,Delhi NCR,Mobile App,UPI,Grocery,3,270.46,20.0,649.1,2.0,4.9,4,2.186,No
MRD-102103,2025-12-09,C67055,Retail,Mumbai,Mumbai West,Website,UPI,Grocery,1,219.56,0.0,219.56,2.0,3.6,5,1.794,No
MRD-100478,2025-12-09,C79118,Retail,Mumbai,Mumbai West,Mobile App,UPI,Electronics,1,5078.74,0.0,5078.74,9.0,3.6,2,2.244,No
MRD-103115,2025-12-09,C20311,Retail,Bengaluru,Bengaluru South,Mobile App,UPI,Grocery,2,258.92,0.0,517.84,6.5,4.0,2,2.083,No
MRD-102484,2025-12-09,C82995,Retail,Delhi NCR,Delhi NCR,Mobile App,UPI,Electronics,2,3396.92,0.0,6793.84,9.2,4.9,1,1.302,No
MRD-104510,2025-12-09,C23791,Retail,Delhi NCR,Delhi NCR,Website,Debit Card,Home & Kitchen,2,994.82,0.0,1989.64,17.3,5.2,5,2.279,No
MRD-104501,2025-12-09,C95351,Retail,Mumbai,Mumbai West,Website,Credit Card,Home & Kitchen,1,2481.08,10.0,2232.97,14.1,3.0,4,1.773,Yes
MRD-101369,2025-12-09,C22136,Retail,Bengaluru,Bengaluru South,Mobile App,Credit Card,Grocery,1,171.79,0.0,171.79,0.8,3.8,2,2.198,No
MRD-101225,2025-12-10,C51752,Retail,Delhi NCR,Delhi NCR,Website,Debit Card,Grocery,1,236.42,0.0,236.42,4.5,8.9,2,2.173,No
MRD-104215,2025-12-10,C95952,Retail,Bengaluru,Bengaluru South,Mobile App,Credit Card,Beauty,1,1232.0,10.0,1108.8,21.2,3.1,2,1.101,Yes
MRD-102803,2025-12-10,C71990,Retail,Bengaluru,Bengaluru South,Website,Cash on Delivery,Home & Kitchen,3,2670.12,15.0,6808.81,19.4,2.2,5,1.923,No
MRD-104498,2025-12-10,C50143,Retail,Mumbai,Mumbai West,Mobile App,UPI,Home & Kitchen,2,2201.8,5.0,4183.42,10.4,3.1,4,2.592,No
MRD-100209,2025-12-10,C38609,Retail,Delhi NCR,Delhi NCR,Mobile App,Credit Card,Grocery,1,172.46,20.0,137.97,0.8,6.6,1,1.987,Yes
MRD-102149,2025-12-10,C10389,Retail,Bengaluru,Bengaluru South,Website,UPI,Grocery,1,232.43,0.0,232.43,1.8,2.8,5,1.461,No
MRD-101339,2025-12-10,C45435,Retail,Bengaluru,Bengaluru South,Mobile App,Debit Card,Grocery,4,311.5,5.0,1183.7,4.2,4.2,5,1.271,No
MRD-102615,2025-12-10,C22878,Retail,Bengaluru,Bengaluru South,Website,Cash on Delivery,Grocery,1,156.52,20.0,125.22,6.1,2.9,4,1.587,No
MRD-104021,2025-12-10,C19274,Retail,Bengaluru,Bengaluru South,Mobile App,Debit Card,Beauty,1,715.22,5.0,679.46,26.0,5.1,5,2.787,No
MRD-104550,2025-12-10,C89352,Retail,Mumbai,Mumbai West,Mobile App,UPI,Electronics,2,6500.22,10.0,11700.4,9.4,3.3,5,2.35,No
MRD-100163,2025-12-10,C36671,Retail,Bengaluru,Bengaluru South,Website,Cash on Delivery,Apparel,3,493.11,5.0,1405.36,37.4,4.5,4,1.453,No
MRD-100218,2025-12-10,C17040,Retail,Mumbai,Mumbai West,Mobile App,UPI,Electronics,1,845.6,0.0,845.6,6.4,3.5,1,2.079,No
MRD-103899,2025-12-10,C43038,Retail,Delhi NCR,Delhi NCR,Marketplace,Cash on Delivery,Electronics,3,6080.26,5.0,17328.74,8.7,1.0,1,1.399,Yes
MRD-101543,2025-12-10,C76640,Retail,Mumbai,Mumbai West,Mobile App,UPI,Beauty,2,578.7,20.0,925.92,27.8,4.2,3,2.178,No
MRD-104730,2025-12-10,C51418,Retail,Delhi NCR,Delhi NCR,Mobile App,Cash on Delivery,Grocery,2,220.49,20.0,352.78,4.2,1.0,2,1.836,No
MRD-103910,2025-12-10,C15837,Retail,Mumbai,Mumbai West,Marketplace,Credit Card,Home & Kitchen,1,958.46,0.0,958.46,20.1,2.1,5,2.43,No
MRD-104462,2025-12-10,C18984,Retail,Mumbai,Mumbai West,Mobile App,UPI,Grocery,1,255.92,20.0,204.74,3.6,3.3,2,2.05,No
MRD-104457,2025-12-10,C78042,Retail,Bengaluru,Bengaluru South,Mobile App,Credit Card,Beauty,3,590.8,15.0,1506.54,23.7,2.1,5,2.257,No
MRD-102666,2025-12-10,C91886,Retail,Delhi NCR,Delhi NCR,Mobile App,Credit Card,Apparel,1,880.87,0.0,880.87,35.4,1.0,4,1.954,No
MRD-100612,2025-12-11,C60395,Retail,Delhi NCR,Delhi NCR,Mobile App,Credit Card,Electronics,1,7981.27,20.0,6385.02,7.1,1.0,4,1.701,No
MRD-103372,2025-12-11,C59798,Retail,Mumbai,Mumbai West,Marketplace,UPI,Electronics,2,4455.49,5.0,8465.43,7.4,3.2,2,1.933,Yes
MRD-101173,2025-12-11,C79173,Corporate,Delhi NCR,Delhi NCR,Website,Cash on Delivery,Apparel,33,711.51,16.0,19723.06,25.5,1.0,5,1.976,No
MRD-100501,2025-12-11,C14154,Retail,Bengaluru,Bengaluru South,Marketplace,UPI,Electronics,2,7617.39,0.0,15234.78,11.6,3.9,4,2.006,No
MRD-103056,2025-12-11,C94838,Corporate,Delhi NCR,Delhi NCR,Mobile App,Net Banking,Electronics,31,3717.88,12.2,101193.26,6.3,4.1,5,1.209,No
MRD-104916,2025-12-11,C28917,Retail,Bengaluru,Bengaluru South,Website,Debit Card,Home & Kitchen,1,1204.17,10.0,1083.75,20.7,1.9,5,1.808,No
MRD-101374,2025-12-11,C56092,Retail,Bengaluru,Bengaluru South,Website,Cash on Delivery,Grocery,4,287.75,15.0,978.35,5.6,3.0,5,1.956,No
MRD-103651,2025-12-11,C10636,Retail,Bengaluru,Bengaluru South,Mobile App,Net Banking,Beauty,1,387.17,0.0,387.17,30.7,4.7,4,1.768,No
MRD-103437,2025-12-11,C80733,Retail,Bengaluru,Bengaluru South,Mobile App,Cash on Delivery,Apparel,3,2190.69,0.0,6572.07,23.0,5.7,4,1.952,No
MRD-100870,2025-12-12,C94961,Retail,Delhi NCR,Delhi NCR,Website,UPI,Electronics,2,5069.53,0.0,10139.06,6.3,2.3,5,1.448,No
MRD-102885,2025-12-12,C77663,Corporate,Delhi NCR,Delhi NCR,Mobile App,Credit Card,Electronics,31,12489.7,26.8,283416.27,8.0,2.3,5,1.73,No
MRD-101388,2025-12-12,C19142,Corporate,Mumbai,Mumbai West,Mobile App,Debit Card,Grocery,26,201.79,18.9,4254.94,3.3,2.6,1,1.525,No
MRD-104059,2025-12-12,C96987,Retail,Mumbai,Mumbai West,Mobile App,UPI,Electronics,2,3521.5,0.0,7043.0,4.8,3.6,4,2.248,No
MRD-103112,2025-12-12,C40236,Retail,Bengaluru,Bengaluru South,Mobile App,UPI,Electronics,1,9655.73,20.0,7724.58,8.4,2.9,5,1.735,No
MRD-104629,2025-12-12,C34372,Retail,Mumbai,Mumbai West,Website,Net Banking,Grocery,2,233.52,10.0,420.34,4.0,3.4,5,1.932,No
MRD-100639,2025-12-12,C89854,Retail,Mumbai,Mumbai West,Mobile App,Cash on Delivery,Electronics,3,704.15,0.0,2112.45,7.3,3.1,2,1.763,No
MRD-103588,2025-12-12,C50696,Corporate,Mumbai,Mumbai West,Mobile App,UPI,Grocery,29,196.03,10.5,5087.96,6.8,2.4,4,2.025,No
MRD-102925,2025-12-12,C51376,Retail,Bengaluru,Bengaluru South,Mobile App,Cash on Delivery,Home & Kitchen,3,1067.04,20.0,2560.9,19.0,1.0,5,1.948,No
MRD-104421,2025-12-12,C33935,Retail,Bengaluru,Bengaluru South,Website,Credit Card,Apparel,2,512.85,0.0,1025.7,30.0,1.9,1,2.248,No
MRD-101926,2025-12-12,C14969,Retail,Bengaluru,Bengaluru South,Website,Credit Card,Electronics,1,4761.19,15.0,4047.01,12.9,1.0,1,2.034,Yes
MRD-101383,2025-12-12,C63243,Retail,Bengaluru,Bengaluru South,Mobile App,Cash on Delivery,Beauty,2,551.63,20.0,882.61,28.3,3.0,4,1.58,No
MRD-100775,2025-12-12,C17512,Retail,Mumbai,Mumbai West,Mobile App,Credit Card,Apparel,3,1789.33,10.0,4831.19,36.0,2.8,4,1.525,No
MRD-103795,2025-12-12,C43322,Retail,Mumbai,Mumbai West,Mobile App,UPI,Home & Kitchen,4,1216.82,15.0,4137.19,14.6,3.4,4,2.072,No
MRD-100944,2025-12-13,C64984,Retail,Delhi NCR,Delhi NCR,Website,Cash on Delivery,Beauty,1,517.55,15.0,439.92,25.7,6.1,1,1.921,Yes
MRD-103173,2025-12-13,C51442,Retail,Mumbai,Mumbai West,Mobile App,UPI,Electronics,1,10753.09,0.0,10753.09,8.6,3.6,5,2.059,No
MRD-104108,2025-12-13,C97819,Retail,Bengaluru,Bengaluru South,Marketplace,UPI,Home & Kitchen,1,733.62,0.0,733.62,16.1,2.3,1,1.48,No
MRD-103135,2025-12-13,C42456,Retail,Delhi NCR,Delhi NCR,Marketplace,UPI,Home & Kitchen,1,1705.8,0.0,1705.8,20.7,1.6,4,2.074,No
MRD-103136,2025-12-13,C48780,Retail,Mumbai,Mumbai West,Mobile App,Debit Card,Apparel,2,588.22,20.0,941.15,22.2,2.7,5,1.632,No
MRD-100016,2025-12-13,C42185,Retail,Mumbai,Mumbai West,Marketplace,Cash on Delivery,Grocery,1,288.03,0.0,288.03,6.5,3.2,1,1.9,Yes
MRD-101879,2025-12-13,C20553,Retail,Delhi NCR,Delhi NCR,Mobile App,Cash on Delivery,Home & Kitchen,2,3700.19,0.0,7400.38,19.6,1.8,3,1.944,No
MRD-103669,2025-12-13,C65030,Retail,Bengaluru,Bengaluru South,Mobile App,Cash on Delivery,Grocery,1,219.26,20.0,175.41,3.4,2.5,4,1.372,No
MRD-100700,2025-12-13,C30630,Retail,Mumbai,Mumbai West,Mobile App,UPI,Home & Kitchen,2,1867.18,5.0,3547.64,18.9,2.2,4,1.583,No
MRD-102538,2025-12-13,C32891,Retail,Bengaluru,Bengaluru South,Website,Debit Card,Grocery,2,231.03,15.0,392.75,4.9,12.1,1,2.208,No
MRD-102941,2025-12-13,C36080,Retail,Mumbai,Mumbai West,Marketplace,Net Banking,Electronics,2,3063.27,20.0,4901.23,6.3,3.5,4,2.325,No
MRD-103698,2025-12-13,C95624,Retail,Bengaluru,Bengaluru South,Marketplace,UPI,Electronics,3,18696.71,5.0,53285.62,7.6,2.6,2,2.254,No
MRD-104325,2025-12-13,C97426,Retail,Mumbai,Mumbai West,Marketplace,Cash on Delivery,Grocery,2,276.97,5.0,526.24,3.9,3.4,4,2.492,No
MRD-101738,2025-12-13,C46528,Retail,Bengaluru,Bengaluru South,Mobile App,UPI,Apparel,1,1673.24,20.0,1338.59,37.3,1.1,4,1.793,No
MRD-100317,2025-12-13,C95163,Retail,Delhi NCR,Delhi NCR,Website,Wallet,Grocery,2,157.01,15.0,266.92,3.0,1.7,5,1.125,No
MRD-101062,2025-12-14,C23157,Retail,Bengaluru,Bengaluru South,Mobile App,Cash on Delivery,Apparel,2,1320.31,15.0,2244.53,35.9,3.8,5,1.37,No
MRD-102886,2025-12-14,C59879,Retail,Bengaluru,Bengaluru South,Mobile App,UPI,Apparel,1,894.6,5.0,849.87,31.3,1.2,5,2.056,Yes
MRD-103528,2025-12-14,C61842,Retail,Delhi NCR,Delhi NCR,Website,UPI,Grocery,3,246.85,10.0,666.5,6.4,1.3,4,1.585,No
MRD-104085,2025-12-14,C54472,Retail,Bengaluru,Bengaluru South,Mobile App,Cash on Delivery,Electronics,2,4923.73,0.0,9847.46,7.7,1.0,2,2.394,No
MRD-104114,2025-12-14,C54487,Corporate,Mumbai,Mumbai West,Mobile App,Credit Card,Home & Kitchen,24,2124.27,23.3,39103.56,17.0,3.9,4,2.311,No
MRD-101174,2025-12-14,C24933,Retail,Mumbai,Mumbai West,Mobile App,UPI,Apparel,2,870.8,0.0,1741.6,26.2,3.1,1,2.207,No
MRD-102235,2025-12-14,C37086,Corporate,Bengaluru,Bengaluru South,Website,Credit Card,Electronics,22,8172.0,25.9,133219.94,10.8,3.3,4,2.252,No
MRD-104746,2025-12-14,C76398,Retail,Delhi NCR,Delhi NCR,Mobile App,UPI,Electronics,2,2408.28,5.0,4575.73,8.1,4.8,4,2.43,No
MRD-102249,2025-12-14,C85662,Retail,Bengaluru,Bengaluru South,Mobile App,Credit Card,Grocery,3,239.97,20.0,575.93,5.5,4.9,5,1.352,No
MRD-102918,2025-12-15,C31597,Retail,Bengaluru,Bengaluru South,Mobile App,Net Banking,Apparel,1,2113.21,15.0,1796.23,34.0,1.7,5,1.67,No
MRD-100340,2025-12-15,C41606,Retail,Mumbai,Mumbai West,Mobile App,Cash on Delivery,Apparel,1,1358.76,0.0,1358.76,35.5,2.8,4,2.044,No
MRD-101408,2025-12-15,C75601,Retail,Bengaluru,Bengaluru South,Mobile App,Credit Card,Electronics,3,6559.09,15.0,16725.68,8.6,5.5,3,1.856,No
MRD-104077,2025-12-15,C55020,Retail,Mumbai,Mumbai West,Mobile App,UPI,Grocery,2,267.76,0.0,535.52,2.5,3.2,4,2.43,No
MRD-102610,2025-12-15,C78204,Retail,Mumbai,Mumbai West,Mobile App,Credit Card,Home & Kitchen,1,2216.65,0.0,2216.65,15.2,4.1,5,2.212,No
MRD-102719,2025-12-15,C24586,Corporate,Bengaluru,Bengaluru South,Website,Credit Card,Home & Kitchen,33,4078.76,10.7,120196.98,17.0,1.9,5,1.306,No
MRD-100088,2025-12-15,C63892,Corporate,Mumbai,Mumbai West,Mobile App,Net Banking,Apparel,36,496.92,27.6,12951.72,32.6,2.1,5,2.289,No
MRD-104240,2025-12-15,C43655,Retail,Mumbai,Mumbai West,Website,Net Banking,Electronics,1,4164.9,0.0,4164.9,9.3,2.4,3,1.37,No
MRD-101853,2025-12-15,C86595,Retail,Mumbai,Mumbai West,Website,UPI,Apparel,1,1948.15,10.0,1753.34,37.5,2.4,5,1.582,Yes
MRD-103359,2025-12-15,C56833,Retail,Bengaluru,Bengaluru South,Marketplace,UPI,Grocery,2,268.35,0.0,536.7,4.5,3.0,2,2.201,No
MRD-101358,2025-12-15,C63386,Retail,Delhi NCR,Delhi NCR,Website,Net Banking,Grocery,1,180.72,0.0,180.72,2.7,1.0,5,1.352,No
MRD-103392,2025-12-15,C54861,Retail,Bengaluru,Bengaluru South,Website,Credit Card,Apparel,1,759.71,0.0,759.71,31.1,4.1,4,2.019,No
MRD-101969,2025-12-15,C88500,Retail,Bengaluru,Bengaluru South,Website,UPI,Home & Kitchen,1,2499.16,20.0,1999.33,15.5,4.3,2,1.721,Yes
MRD-104744,2025-12-15,C20737,Corporate,Mumbai,Mumbai West,Mobile App,Credit Card,Beauty,29,1024.04,19.7,23846.82,30.2,3.4,2,1.344,No
MRD-102936,2025-12-15,C33429,Retail,Mumbai,Mumbai West,Marketplace,Cash on Delivery,Grocery,1,147.5,0.0,147.5,4.5,3.8,4,0.936,No
MRD-104025,2025-12-16,C59781,Retail,Bengaluru,Bengaluru South,Mobile App,UPI,Electronics,1,1847.8,5.0,1755.41,10.9,3.3,4,1.596,Yes
MRD-101563,2025-12-16,C71566,Corporate,Mumbai,Mumbai West,Mobile App,Cash on Delivery,Apparel,24,1397.05,14.7,28600.41,36.6,3.4,4,1.903,No
MRD-104944,2025-12-16,C15837,Retail,Mumbai,Mumbai West,Website,UPI,Apparel,3,922.27,5.0,2628.47,32.9,2.5,5,1.221,Yes
MRD-102394,2025-12-16,C58544,Retail,Bengaluru,Bengaluru South,Mobile App,Cash on Delivery,Grocery,2,184.69,0.0,369.38,6.5,2.1,4,2.349,No
MRD-103900,2025-12-16,C98071,Retail,Delhi NCR,Delhi NCR,Mobile App,Debit Card,Beauty,1,941.76,0.0,941.76,24.0,8.1,4,2.001,Yes
MRD-104251,2025-12-16,C67639,Retail,Mumbai,Mumbai West,Marketplace,Wallet,Grocery,1,175.64,10.0,158.08,4.4,2.5,4,1.106,No
MRD-103257,2025-12-16,C14257,Retail,Bengaluru,Bengaluru South,Website,Credit Card,Electronics,3,2399.6,20.0,5759.04,11.4,5.4,5,2.221,No
MRD-100409,2025-12-16,C20144,Retail,Bengaluru,Bengaluru South,Mobile App,UPI,Apparel,2,1041.83,20.0,1666.93,38.4,3.4,4,1.782,No
MRD-100187,2025-12-16,C78997,Retail,Bengaluru,Bengaluru South,Mobile App,UPI,Apparel,2,1546.34,5.0,2938.05,30.4,1.0,4,1.422,No
MRD-104764,2025-12-16,C47182,Retail,Mumbai,Mumbai West,Mobile App,Debit Card,Electronics,3,4079.34,20.0,9790.42,8.7,3.3,5,1.825,No
MRD-104439,2025-12-16,C28429,Retail,Delhi NCR,Delhi NCR,Mobile App,UPI,Grocery,1,243.56,0.0,243.56,4.5,1.8,5,1.818,No
MRD-100942,2025-12-16,C59485,Retail,Mumbai,Mumbai West,Website,UPI,Home & Kitchen,2,2510.67,0.0,5021.34,17.2,3.2,5,2.536,No
MRD-104603,2025-12-16,C76311,Retail,Mumbai,Mumbai West,Mobile App,UPI,Grocery,1,156.67,10.0,141.0,1.1,3.0,1,0.842,No
MRD-103858,2025-12-16,C43611,Retail,Bengaluru,Bengaluru South,Mobile App,UPI,Apparel,1,1849.74,0.0,1849.74,34.2,3.6,5,2.124,No
MRD-103138,2025-12-16,C57502,Retail,Mumbai,Mumbai West,Marketplace,UPI,Home & Kitchen,1,2220.34,0.0,2220.34,16.0,2.9,4,1.98,No
MRD-104584,2025-12-16,C78248,Retail,Delhi NCR,Delhi NCR,Mobile App,UPI,Apparel,2,1816.15,0.0,3632.3,31.6,1.0,1,2.115,No
MRD-103200,2025-12-16,C62165,Retail,Delhi NCR,Delhi NCR,Website,Net Banking,Beauty,1,706.73,0.0,706.73,24.0,1.0,4,2.059,No
MRD-103516,2025-12-16,C55411,Retail,Bengaluru,Bengaluru South,Website,Cash on Delivery,Grocery,1,224.09,0.0,224.09,0.5,1.4,4,2.083,No
MRD-101776,2025-12-17,C43657,Retail,Delhi NCR,Delhi NCR,Website,Credit Card,Apparel,1,372.14,0.0,372.14,35.2,5.4,4,2.394,Yes
MRD-104538,2025-12-17,C19374,Retail,Bengaluru,Bengaluru South,Mobile App,UPI,Grocery,1,206.71,10.0,186.04,3.9,3.5,5,1.985,No
MRD-103733,2025-12-17,C82360,Retail,Mumbai,Mumbai West,Marketplace,Debit Card,Electronics,1,1444.36,0.0,1444.36,7.8,3.5,2,1.611,No
MRD-101736,2025-12-17,C26614,Retail,Bengaluru,Bengaluru South,Website,Credit Card,Grocery,1,171.4,0.0,171.4,4.5,2.1,1,2.075,No
MRD-102291,2025-12-17,C36899,Retail,Mumbai,Mumbai West,Marketplace,Wallet,Electronics,1,3247.17,10.0,2922.45,4.8,3.3,5,1.973,No
MRD-104328,2025-12-17,C85276,Retail,Bengaluru,Bengaluru South,Marketplace,UPI,Grocery,2,172.16,20.0,275.46,4.1,2.5,5,1.791,No
MRD-100120,2025-12-17,C98807,Retail,Bengaluru,Bengaluru South,Website,Debit Card,Electronics,3,3605.24,0.0,10815.72,7.5,4.4,5,1.486,No
MRD-104568,2025-12-17,C85127,Retail,Mumbai,Mumbai West,Mobile App,Net Banking,Apparel,1,760.59,0.0,760.59,32.7,3.3,5,1.628,Yes
MRD-104887,2025-12-17,C79109,Retail,Bengaluru,Bengaluru South,Marketplace,Cash on Delivery,Grocery,1,381.91,0.0,381.91,1.4,3.0,1,1.471,No
MRD-102961,2025-12-17,C83483,Retail,Mumbai,Mumbai West,Mobile App,Cash on Delivery,Electronics,3,5071.71,10.0,13693.62,7.6,3.3,5,1.888,No
MRD-104175,2025-12-17,C78272,Retail,Delhi NCR,Delhi NCR,Mobile App,Net Banking,Grocery,1,289.77,0.0,289.77,3.4,4.0,4,1.526,No
MRD-100765,2025-12-17,C34228,Retail,Bengaluru,Bengaluru South,Mobile App,Credit Card,Apparel,1,967.69,15.0,822.54,34.0,1.5,5,1.895,No
MRD-103767,2025-12-17,C51187,Retail,Delhi NCR,Delhi NCR,Website,UPI,Apparel,2,666.75,15.0,1133.47,28.7,4.7,5,2.365,No
MRD-102000,2025-12-18,C78576,Retail,Mumbai,Mumbai West,Mobile App,Cash on Delivery,Apparel,2,580.56,0.0,1161.12,24.8,2.7,4,2.945,No
MRD-102607,2025-12-18,C37071,Retail,Delhi NCR,Delhi NCR,Mobile App,UPI,Electronics,1,2305.15,0.0,2305.15,7.7,2.1,4,2.558,No
MRD-103513,2025-12-18,C23315,Retail,Delhi NCR,Delhi NCR,Mobile App,Cash on Delivery,Grocery,3,258.21,15.0,658.44,4.4,2.0,3,2.134,No
MRD-104981,2025-12-18,C70974,Retail,Mumbai,Mumbai West,Mobile App,Cash on Delivery,Beauty,3,743.32,0.0,2229.96,27.3,2.7,4,1.912,No
MRD-104965,2025-12-18,C70038,Retail,Bengaluru,Bengaluru South,Mobile App,Credit Card,Grocery,3,189.45,5.0,539.93,1.1,3.6,5,2.291,No
MRD-103945,2025-12-18,C94318,Retail,Mumbai,Mumbai West,Mobile App,Cash on Delivery,Electronics,1,12069.05,20.0,9655.24,9.6,3.1,5,1.83,Yes
MRD-100184,2025-12-18,C89412,Corporate,Bengaluru,Bengaluru South,Mobile App,Credit Card,Grocery,24,282.96,17.7,5589.03,3.2,1.6,3,2.022,No
MRD-104800,2025-12-18,C63505,Retail,Mumbai,Mumbai West,Mobile App,Cash on Delivery,Beauty,3,635.37,20.0,1524.89,24.7,3.4,4,1.416,No
MRD-101965,2025-12-18,C80851,Retail,Bengaluru,Bengaluru South,Mobile App,UPI,Apparel,2,353.26,15.0,600.54,23.5,4.0,5,1.957,No
MRD-102971,2025-12-18,C32152,Retail,Mumbai,Mumbai West,Marketplace,Credit Card,Home & Kitchen,1,1609.12,0.0,1609.12,19.7,3.3,2,1.782,No
MRD-101616,2025-12-18,C17087,Retail,Bengaluru,Bengaluru South,Mobile App,Credit Card,Beauty,3,878.48,15.0,2240.12,23.1,2.4,5,1.97,No
MRD-104877,2025-12-18,C12657,Retail,Mumbai,Mumbai West,Marketplace,Cash on Delivery,Electronics,2,2064.02,10.0,3715.24,7.9,3.1,5,1.334,No
MRD-104564,2025-12-18,C20353,Retail,Mumbai,Mumbai West,Mobile App,Net Banking,Home & Kitchen,3,856.19,0.0,2568.57,22.3,3.4,5,1.84,No
MRD-101196,2025-12-19,C63020,Corporate,Mumbai,Mumbai West,Mobile App,Wallet,Apparel,36,1957.37,16.9,58556.68,33.4,3.3,5,1.027,No
MRD-100642,2025-12-19,C45599,Retail,Bengaluru,Bengaluru South,Website,Cash on Delivery,Grocery,2,198.53,0.0,397.06,2.2,1.9,5,2.329,No
MRD-100840,2025-12-19,C15330,Corporate,Mumbai,Mumbai West,Website,Debit Card,Apparel,23,1691.94,17.3,32182.39,33.9,3.2,4,1.257,No
MRD-101524,2025-12-19,C76235,Retail,Bengaluru,Bengaluru South,Mobile App,Debit Card,Apparel,2,1034.52,10.0,1862.14,26.7,2.4,4,2.582,No
MRD-102565,2025-12-19,C16421,Corporate,Delhi NCR,Delhi NCR,Mobile App,UPI,Grocery,24,224.97,17.0,4481.4,5.5,1.8,4,1.829,No
MRD-100006,2025-12-19,C80207,Corporate,Mumbai,Mumbai West,Website,Credit Card,Grocery,26,245.13,25.0,4780.04,4.0,3.1,5,1.908,No
MRD-101538,2025-12-19,C18560,Retail,Delhi NCR,Delhi NCR,Mobile App,UPI,Apparel,1,1810.14,0.0,1810.14,40.6,3.2,4,1.7,Yes
MRD-104505,2025-12-19,C64410,Retail,Delhi NCR,Delhi NCR,Website,Cash on Delivery,Beauty,2,1153.52,0.0,2307.04,27.4,5.0,1,1.325,No
MRD-101861,2025-12-19,C12358,Retail,Delhi NCR,Delhi NCR,Website,Credit Card,Apparel,2,985.91,5.0,1873.23,27.7,4.7,2,1.417,Yes
MRD-103319,2025-12-20,C84079,Retail,Delhi NCR,Delhi NCR,Mobile App,Credit Card,Apparel,1,494.74,5.0,470.0,34.2,2.5,4,1.918,No
MRD-100786,2025-12-20,C63385,Retail,Bengaluru,Bengaluru South,Website,UPI,Apparel,1,652.38,10.0,587.14,44.0,2.7,5,1.425,No
MRD-104579,2025-12-20,C31881,Retail,Delhi NCR,Delhi NCR,Website,Cash on Delivery,Home & Kitchen,2,1275.53,0.0,2551.06,16.6,6.1,4,1.522,No
MRD-104847,2025-12-20,C59655,Retail,Delhi NCR,Delhi NCR,Website,UPI,Grocery,2,125.03,5.0,237.56,4.3,4.4,2,1.961,Yes
MRD-102579,2025-12-20,C38766,Retail,Mumbai,Mumbai West,Mobile App,Credit Card,Home & Kitchen,4,2273.89,0.0,9095.56,22.5,3.9,5,2.977,No
MRD-102011,2025-12-20,C91573,Retail,Mumbai,Mumbai West,Mobile App,Net Banking,Beauty,2,636.75,0.0,1273.5,22.0,3.2,5,1.457,No
MRD-104546,2025-12-20,C32468,Retail,Delhi NCR,Delhi NCR,Mobile App,Credit Card,Apparel,1,1182.44,15.0,1005.07,20.9,3.7,1,1.989,No
MRD-102901,2025-12-20,C25754,Retail,Mumbai,Mumbai West,Mobile App,Cash on Delivery,Home & Kitchen,2,1601.47,15.0,2722.5,17.7,3.5,4,2.614,No
MRD-101620,2025-12-20,C93297,Retail,Mumbai,Mumbai West,Mobile App,Credit Card,Home & Kitchen,2,1833.58,20.0,2933.73,17.8,3.6,4,2.192,No
MRD-104713,2025-12-20,C97800,Retail,Bengaluru,Bengaluru South,Website,Credit Card,Electronics,5,4306.61,5.0,20456.4,8.1,12.2,4,1.458,No
MRD-101875,2025-12-20,C40424,Corporate,Delhi NCR,Delhi NCR,Website,Net Banking,Electronics,24,9989.81,12.6,209546.25,5.6,6.1,4,1.299,No
MRD-100484,2025-12-20,C19985,Retail,Bengaluru,Bengaluru South,Mobile App,UPI,Grocery,2,224.59,0.0,449.18,4.4,4.9,4,1.799,No
MRD-102817,2025-12-21,C45893,Retail,Delhi NCR,Delhi NCR,Website,Net Banking,Grocery,2,126.55,0.0,253.1,4.7,1.2,5,1.449,No
MRD-100422,2025-12-21,C82761,Corporate,Bengaluru,Bengaluru South,Mobile App,Debit Card,Electronics,25,3249.07,11.2,72129.35,8.7,4.0,4,1.737,No
MRD-100401,2025-12-21,C42701,Retail,Bengaluru,Bengaluru South,Mobile App,UPI,Apparel,2,481.27,0.0,962.54,34.6,4.2,2,1.981,Yes
MRD-102904,2025-12-21,C93249,Retail,Bengaluru,Bengaluru South,Mobile App,Debit Card,Electronics,1,1912.4,10.0,1721.16,7.0,1.7,2,1.644,No
MRD-100483,2025-12-21,C58971,Retail,Bengaluru,Bengaluru South,Website,UPI,Grocery,1,214.43,0.0,214.43,3.1,5.8,5,2.158,No
MRD-102894,2025-12-21,C12444,Retail,Bengaluru,Bengaluru South,Marketplace,Net Banking,Grocery,3,220.77,20.0,529.85,5.8,1.0,5,1.213,No
MRD-103337,2025-12-22,C75109,Retail,Bengaluru,Bengaluru South,Mobile App,Net Banking,Electronics,2,4049.76,20.0,6479.62,8.4,2.3,4,1.008,No
MRD-102708,2025-12-22,C89467,Retail,Mumbai,Mumbai West,Website,Credit Card,Apparel,3,606.31,0.0,1818.93,31.2,3.5,5,1.578,No
MRD-102424,2025-12-22,C87303,Corporate,Mumbai,Mumbai West,Marketplace,Cash on Delivery,Grocery,28,252.72,23.9,5384.96,2.5,3.5,4,1.959,Yes
MRD-101913,2025-12-22,C99123,Retail,Mumbai,Mumbai West,Marketplace,Debit Card,Apparel,2,334.09,0.0,668.18,29.6,4.1,1,2.302,No
MRD-102662,2025-12-22,C82899,Corporate,Delhi NCR,Delhi NCR,Mobile App,UPI,Home & Kitchen,33,1415.33,20.8,36991.06,21.2,3.0,3,1.733,No
MRD-102578,2025-12-22,C41128,Retail,Delhi NCR,Delhi NCR,Mobile App,UPI,Grocery,4,193.1,5.0,733.78,3.5,5.2,5,1.637,No
MRD-101619,2025-12-22,C35979,Corporate,Delhi NCR,Delhi NCR,Mobile App,Net Banking,Beauty,28,588.06,26.5,12102.27,21.9,4.1,3,2.19,No
MRD-103232,2025-12-22,C46921,Retail,Delhi NCR,Delhi NCR,Website,Debit Card,Beauty,1,921.2,10.0,829.08,26.7,1.0,5,1.949,No
MRD-104043,2025-12-22,C95528,Retail,Mumbai,Mumbai West,Marketplace,UPI,Grocery,1,280.02,15.0,238.02,2.6,2.9,4,1.552,No
MRD-102451,2025-12-22,C22499,Retail,Mumbai,Mumbai West,Mobile App,UPI,Grocery,2,194.0,10.0,349.2,2.5,3.1,4,1.534,No
MRD-100726,2025-12-22,C92805,Retail,Delhi NCR,Delhi NCR,Marketplace,UPI,Grocery,3,208.29,0.0,624.87,5.9,1.4,2,2.09,Yes
MRD-104014,2025-12-22,C57238,Retail,Delhi NCR,Delhi NCR,Website,Cash on Delivery,Apparel,3,975.34,20.0,2340.82,26.1,4.0,5,2.026,Yes
MRD-102768,2025-12-22,C34537,Retail,Bengaluru,Bengaluru South,Mobile App,UPI,Electronics,2,2382.18,0.0,4764.36,5.9,4.4,4,1.655,No
MRD-104270,2025-12-22,C53225,Retail,Delhi NCR,Delhi NCR,Mobile App,UPI,Grocery,1,257.55,0.0,257.55,0.9,3.6,5,1.87,No
MRD-104428,2025-12-22,C83520,Retail,Mumbai,Mumbai West,Marketplace,Cash on Delivery,Grocery,1,233.65,0.0,233.65,3.8,3.9,2,1.641,No
MRD-100893,2025-12-22,C51813,Retail,Bengaluru,Bengaluru South,Mobile App,Cash on Delivery,Home & Kitchen,3,5729.35,15.0,14609.84,22.7,4.6,5,1.773,No
MRD-102561,2025-12-23,C59084,Retail,Delhi NCR,Delhi NCR,Website,UPI,Apparel,2,1322.46,0.0,2644.92,37.0,2.9,4,2.233,Yes
MRD-100100,2025-12-23,C29959,Retail,Mumbai,Mumbai West,Website,Credit Card,Home & Kitchen,2,2228.48,10.0,4011.26,13.9,3.7,3,1.74,No
MRD-100428,2025-12-23,C75317,Retail,Mumbai,Mumbai West,Marketplace,UPI,Home & Kitchen,2,1466.23,20.0,2345.97,22.0,3.5,4,2.111,No
MRD-101480,2025-12-23,C34583,Retail,Mumbai,Mumbai West,Mobile App,Cash on Delivery,Electronics,2,5194.52,10.0,9350.14,7.8,3.5,4,2.418,No
MRD-103633,2025-12-23,C48001,Retail,Mumbai,Mumbai West,Mobile App,UPI,Electronics,1,1561.3,0.0,1561.3,8.7,3.4,4,1.617,No
MRD-101929,2025-12-23,C65000,Corporate,Delhi NCR,Delhi NCR,Website,UPI,Electronics,24,3366.11,17.7,66487.4,10.6,3.4,5,1.764,No
MRD-100903,2025-12-23,C45031,Retail,Mumbai,Mumbai West,Website,UPI,Beauty,1,623.1,10.0,560.79,25.0,3.7,5,1.484,No
MRD-100033,2025-12-23,C87889,Retail,Mumbai,Mumbai West,Website,UPI,Home & Kitchen,2,1240.1,0.0,2480.2,14.1,2.5,1,2.382,Yes
MRD-104626,2025-12-23,C34490,Retail,Bengaluru,Bengaluru South,Website,Credit Card,Home & Kitchen,1,2795.8,0.0,2795.8,14.2,2.5,3,1.901,No
MRD-104900,2025-12-23,C16816,Retail,Delhi NCR,Delhi NCR,Mobile App,Debit Card,Apparel,1,940.63,15.0,799.54,34.0,1.8,2,1.047,No
MRD-103419,2025-12-23,C38245,Retail,Bengaluru,Bengaluru South,Marketplace,Debit Card,Apparel,2,991.8,0.0,1983.6,33.8,3.7,4,2.409,No
MRD-104894,2025-12-23,C14975,Retail,Delhi NCR,Delhi NCR,Mobile App,UPI,Electronics,2,1407.52,15.0,2392.78,9.6,3.9,4,0.708,No
MRD-102516,2025-12-23,C24198,Retail,Bengaluru,Bengaluru South,Marketplace,Cash on Delivery,Beauty,2,310.56,20.0,496.9,25.8,1.3,5,1.862,No
MRD-103838,2025-12-23,C73973,Retail,Mumbai,Mumbai West,Mobile App,Credit Card,Grocery,2,255.97,10.0,460.75,4.9,3.8,2,1.724,Yes
MRD-102523,2025-12-23,C28564,Retail,Mumbai,Mumbai West,Website,Credit Card,Grocery,1,159.24,5.0,151.28,2.9,3.8,3,1.504,No
MRD-104556,2025-12-23,C79769,Retail,Mumbai,Mumbai West,Mobile App,UPI,Electronics,1,2067.54,15.0,1757.41,7.4,2.6,5,1.846,No
MRD-102173,2025-12-23,C59579,Corporate,Delhi NCR,Delhi NCR,Mobile App,UPI,Apparel,30,1321.67,16.2,33226.78,35.8,2.8,4,2.168,No
MRD-103937,2025-12-23,C22361,Retail,Mumbai,Mumbai West,Mobile App,Credit Card,Apparel,2,1326.24,5.0,2519.86,24.2,3.5,3,2.18,No
MRD-104817,2025-12-23,C95515,Retail,Mumbai,Mumbai West,Marketplace,UPI,Apparel,2,1211.94,20.0,1939.1,24.3,3.6,4,1.331,No
MRD-104247,2025-12-24,C57425,Retail,Bengaluru,Bengaluru South,Mobile App,UPI,Home & Kitchen,1,2076.95,0.0,2076.95,14.0,3.0,1,1.198,Yes
MRD-104222,2025-12-24,C23009,Retail,Mumbai,Mumbai West,Mobile App,UPI,Electronics,3,6253.22,0.0,18759.66,6.0,3.8,5,1.876,No
MRD-104038,2025-12-24,C83653,Retail,Bengaluru,Bengaluru South,Marketplace,Cash on Delivery,Grocery,2,188.95,10.0,340.11,1.3,2.1,5,2.032,No
MRD-101980,2025-12-24,C78373,Retail,Delhi NCR,Delhi NCR,Mobile App,UPI,Home & Kitchen,3,2164.42,15.0,5519.27,19.3,1.0,5,1.666,No
MRD-100687,2025-12-24,C40175,Retail,Bengaluru,Bengaluru South,Mobile App,UPI,Home & Kitchen,3,1839.66,0.0,5518.98,23.4,5.1,3,2.072,No
MRD-102751,2025-12-24,C71069,Retail,Mumbai,Mumbai West,Mobile App,UPI,Beauty,3,545.74,20.0,1309.78,23.4,2.9,5,1.96,No
MRD-103723,2025-12-24,C16424,Retail,Mumbai,Mumbai West,Website,Credit Card,Apparel,2,639.79,5.0,1215.6,32.3,3.0,1,1.832,No
MRD-103936,2025-12-24,C60172,Retail,Bengaluru,Bengaluru South,Website,Credit Card,Home & Kitchen,3,909.17,0.0,2727.51,11.5,3.7,4,0.902,No
MRD-100987,2025-12-24,C62744,Retail,Delhi NCR,Delhi NCR,Mobile App,Credit Card,Grocery,2,310.51,10.0,558.92,4.5,4.8,1,1.323,No
MRD-102080,2025-12-24,C51092,Retail,Mumbai,Mumbai West,Website,UPI,Grocery,2,204.25,15.0,347.22,5.1,3.4,5,2.084,No
MRD-100696,2025-12-24,C17619,Retail,Delhi NCR,Delhi NCR,Mobile App,Credit Card,Apparel,2,1247.29,0.0,2494.58,35.0,2.0,4,2.16,Yes
MRD-102696,2025-12-24,C30177,Retail,Delhi NCR,Delhi NCR,Marketplace,UPI,Electronics,1,29340.43,5.0,27873.41,9.8,2.8,4,1.946,No
MRD-101485,2025-12-24,C93907,Retail,Mumbai,Mumbai West,Website,Debit Card,Electronics,2,5091.33,10.0,9164.39,9.9,3.5,3,1.938,No
MRD-104641,2025-12-24,C23450,Corporate,Delhi NCR,Delhi NCR,Website,Net Banking,Home & Kitchen,26,1740.44,27.8,32671.54,6.9,1.0,3,2.14,No
MRD-104343,2025-12-24,C63088,Retail,Mumbai,Mumbai West,Marketplace,Credit Card,Beauty,3,578.83,15.0,1476.02,19.6,3.7,2,1.849,Yes
MRD-104266,2025-12-24,C89551,Retail,Delhi NCR,Delhi NCR,Mobile App,Credit Card,Home & Kitchen,1,1071.0,15.0,910.35,18.9,1.0,2,2.223,No
MRD-104379,2025-12-24,C66166,Retail,Mumbai,Mumbai West,Mobile App,Wallet,Grocery,2,113.67,0.0,227.34,7.4,3.2,2,2.262,No
MRD-100609,2025-12-25,C29952,Retail,Mumbai,Mumbai West,Marketplace,Credit Card,Grocery,2,180.19,0.0,360.38,3.2,3.2,3,1.627,No
MRD-102828,2025-12-25,C48938,Retail,Bengaluru,Bengaluru South,Mobile App,Cash on Delivery,Apparel,1,539.53,5.0,512.55,25.1,4.5,5,1.618,No
MRD-101583,2025-12-25,C97657,Corporate,Mumbai,Mumbai West,Website,UPI,Beauty,33,629.94,23.4,15923.62,29.0,4.0,5,2.056,No
MRD-103679,2025-12-25,C60103,Corporate,Delhi NCR,Delhi NCR,Website,UPI,Grocery,28,286.78,15.6,6777.18,4.6,1.8,2,2.3,No
MRD-101973,2025-12-25,C77827,Retail,Bengaluru,Bengaluru South,Website,Net Banking,Home & Kitchen,1,1059.43,0.0,1059.43,19.2,4.6,5,2.47,No
MRD-101306,2025-12-25,C91533,Retail,Bengaluru,Bengaluru South,Website,Cash on Delivery,Grocery,1,241.69,0.0,241.69,2.2,3.5,5,2.46,No
MRD-101018,2025-12-25,C31585,Corporate,Delhi NCR,Delhi NCR,Marketplace,Credit Card,Grocery,27,224.72,21.0,4793.28,3.4,3.9,4,1.96,No
MRD-102202,2025-12-25,C93038,Corporate,Bengaluru,Bengaluru South,Mobile App,Credit Card,Apparel,25,1034.44,24.6,19499.19,23.5,5.1,4,2.065,No
MRD-101206,2025-12-25,C30064,Retail,Bengaluru,Bengaluru South,Mobile App,Cash on Delivery,Grocery,1,271.3,0.0,271.3,1.2,5.4,2,3.08,Yes
MRD-100835,2025-12-25,C90704,Corporate,Mumbai,Mumbai West,Mobile App,Credit Card,Apparel,36,969.86,8.7,31877.36,36.3,4.0,5,1.711,Yes
MRD-102773,2025-12-25,C90640,Retail,Bengaluru,Bengaluru South,Website,Net Banking,Electronics,2,1374.33,5.0,2611.23,7.0,4.1,2,1.708,No
MRD-103644,2025-12-25,C27696,Retail,Delhi NCR,Delhi NCR,Mobile App,UPI,Apparel,1,517.83,0.0,517.83,32.4,1.1,5,2.09,No
MRD-103465,2025-12-26,C94734,Corporate,Bengaluru,Bengaluru South,Mobile App,UPI,Grocery,30,412.99,16.8,10308.23,3.2,5.3,1,2.642,No
MRD-101017,2025-12-26,C83915,Retail,Delhi NCR,Delhi NCR,Website,Cash on Delivery,Grocery,2,173.4,15.0,294.78,2.5,1.0,2,1.52,No
MRD-102021,2025-12-26,C54296,Corporate,Bengaluru,Bengaluru South,Mobile App,Credit Card,Apparel,29,1386.17,9.3,36460.43,30.4,3.0,3,1.305,No
MRD-102191,2025-12-26,C43294,Retail,Mumbai,Mumbai West,Website,Cash on Delivery,Home & Kitchen,1,831.28,0.0,831.28,16.5,3.0,2,2.148,No
MRD-100182,2025-12-26,C31274,Retail,Mumbai,Mumbai West,Mobile App,Cash on Delivery,Grocery,1,234.75,0.0,234.75,4.6,2.8,2,1.444,Yes
MRD-101191,2025-12-26,C48776,Corporate,Bengaluru,Bengaluru South,Mobile App,UPI,Electronics,24,3467.06,18.1,68148.53,8.2,4.8,1,2.316,Yes
MRD-102275,2025-12-26,C25652,Retail,Bengaluru,Bengaluru South,Website,Credit Card,Beauty,1,670.57,0.0,670.57,27.2,2.2,4,2.601,No
MRD-100817,2025-12-26,C44059,Retail,Bengaluru,Bengaluru South,Marketplace,UPI,Home & Kitchen,1,2690.14,10.0,2421.13,19.4,1.0,1,1.98,No
MRD-103693,2025-12-26,C75300,Retail,Bengaluru,Bengaluru South,Mobile App,Net Banking,Electronics,3,1222.45,5.0,3483.98,5.7,3.4,4,2.107,No
MRD-103325,2025-12-26,C63987,Retail,Mumbai,Mumbai West,Mobile App,UPI,Grocery,3,207.11,0.0,621.33,2.7,3.3,5,1.407,No
MRD-103324,2025-12-26,C80033,Retail,Bengaluru,Bengaluru South,Website,UPI,Apparel,2,925.43,0.0,1850.86,33.7,3.6,5,1.939,No
MRD-104638,2025-12-26,C25139,Retail,Mumbai,Mumbai West,Marketplace,Credit Card,Beauty,2,829.3,10.0,1492.74,22.8,4.2,5,1.786,No
MRD-103177,2025-12-26,C67231,Retail,Mumbai,Mumbai West,Marketplace,Credit Card,Grocery,2,262.54,20.0,420.06,3.5,3.6,2,2.128,Yes
MRD-102592,2025-12-27,C77077,Corporate,Mumbai,Mumbai West,Website,Cash on Delivery,Home & Kitchen,27,1332.03,8.5,32907.8,19.8,3.4,4,0.874,No
MRD-103440,2025-12-27,C55485,Retail,Mumbai,Mumbai West,Mobile App,Debit Card,Beauty,2,979.85,5.0,1861.72,26.6,3.8,2,1.294,No
MRD-102383,2025-12-27,C19539,Retail,Mumbai,Mumbai West,Marketplace,UPI,Home & Kitchen,1,1159.54,10.0,1043.59,18.7,2.5,5,1.328,No
MRD-103402,2025-12-27,C46593,Retail,Bengaluru,Bengaluru South,Website,Credit Card,Apparel,2,818.32,0.0,1636.64,37.6,2.5,1,1.509,Yes
MRD-102309,2025-12-27,C11140,Retail,Delhi NCR,Delhi NCR,Website,UPI,Beauty,1,709.34,15.0,602.94,26.3,6.3,5,1.03,Yes
MRD-104097,2025-12-27,C90821,Retail,Mumbai,Mumbai West,Mobile App,Credit Card,Home & Kitchen,3,1998.09,5.0,5694.56,16.6,3.1,3,1.443,No
MRD-103265,2025-12-27,C78304,Corporate,Bengaluru,Bengaluru South,Website,Debit Card,Apparel,34,873.74,12.5,25993.76,39.5,2.9,4,2.229,No
MRD-102244,2025-12-28,C25387,Retail,Delhi NCR,Delhi NCR,Mobile App,UPI,Apparel,2,991.07,0.0,1982.14,39.1,1.0,1,1.722,Yes
MRD-102508,2025-12-28,C48439,Retail,Bengaluru,Bengaluru South,Mobile App,Debit Card,Home & Kitchen,1,2961.65,10.0,2665.48,16.0,3.9,2,1.723,Yes
MRD-100931,2025-12-28,C36416,Retail,Mumbai,Mumbai West,Mobile App,UPI,Apparel,2,937.13,0.0,1874.26,39.1,3.3,1,1.03,No
MRD-101902,2025-12-28,C66523,Retail,Bengaluru,Bengaluru South,Mobile App,Cash on Delivery,Home & Kitchen,3,2720.52,0.0,8161.56,12.1,5.7,5,1.529,No
MRD-104258,2025-12-28,C12516,Retail,Delhi NCR,Delhi NCR,Mobile App,Debit Card,Home & Kitchen,1,1213.43,0.0,1213.43,16.7,2.6,1,2.295,No
MRD-102685,2025-12-28,C71260,Retail,Mumbai,Mumbai West,Marketplace,Credit Card,Electronics,2,662.61,20.0,1060.18,5.8,3.2,4,1.766,No
MRD-101464,2025-12-28,C82351,Retail,Bengaluru,Bengaluru South,Mobile App,Credit Card,Electronics,1,9202.01,0.0,9202.01,10.2,6.2,2,1.831,No
MRD-100093,2025-12-28,C37688,Retail,Bengaluru,Bengaluru South,Marketplace,Credit Card,Apparel,1,1336.76,0.0,1336.76,35.5,3.4,4,2.259,No
MRD-102571,2025-12-28,C14207,Retail,Delhi NCR,Delhi NCR,Website,Cash on Delivery,Apparel,1,1312.95,0.0,1312.95,29.4,4.3,1,2.101,Yes
MRD-104403,2025-12-28,C14277,Retail,Delhi NCR,Delhi NCR,Mobile App,Debit Card,Electronics,4,3625.4,20.0,11601.28,8.2,3.8,4,2.178,No
MRD-103891,2025-12-28,C21228,Retail,Delhi NCR,Delhi NCR,Website,Debit Card,Electronics,2,4283.92,5.0,8139.45,7.5,3.1,3,2.06,Yes
MRD-100148,2025-12-28,C94965,Corporate,Mumbai,Mumbai West,Mobile App,UPI,Electronics,29,7907.03,19.3,185048.22,4.3,2.8,1,1.856,No
MRD-102638,2025-12-28,C13732,Retail,Bengaluru,Bengaluru South,Mobile App,Debit Card,Apparel,3,1874.41,0.0,5623.23,29.6,3.5,4,2.532,No
MRD-100737,2025-12-28,C12390,Retail,Bengaluru,Bengaluru South,Website,Wallet,Apparel,5,356.24,0.0,1781.2,30.1,2.5,5,1.666,No
MRD-100197,2025-12-28,C97032,Retail,Bengaluru,Bengaluru South,Mobile App,Debit Card,Apparel,3,1626.49,5.0,4635.5,41.3,4.6,4,1.191,No
MRD-100074,2025-12-28,C77712,Retail,Bengaluru,Bengaluru South,Mobile App,Net Banking,Home & Kitchen,2,565.51,0.0,1131.02,22.2,3.4,3,2.138,No
MRD-104640,2025-12-28,C93765,Retail,Bengaluru,Bengaluru South,Mobile App,Credit Card,Grocery,1,146.04,0.0,146.04,3.8,3.4,4,1.268,No
MRD-100912,2025-12-29,C27665,Retail,Delhi NCR,Delhi NCR,Mobile App,UPI,Apparel,1,1068.75,15.0,908.44,35.8,2.9,4,1.873,No
MRD-101957,2025-12-29,C81428,Retail,Mumbai,Mumbai West,Marketplace,UPI,Beauty,2,1161.07,15.0,1973.82,27.5,2.6,5,2.244,No
MRD-101077,2025-12-29,C13827,Corporate,Bengaluru,Bengaluru South,Mobile App,Debit Card,Apparel,32,942.47,24.8,22679.6,39.6,1.0,5,2.22,Yes
MRD-103263,2025-12-29,C66898,Retail,Delhi NCR,Delhi NCR,Mobile App,Cash on Delivery,Electronics,1,2343.77,15.0,1992.2,1.9,1.8,5,2.235,No
MRD-103559,2025-12-29,C78291,Retail,Bengaluru,Bengaluru South,Marketplace,Net Banking,Apparel,3,836.93,0.0,2510.79,28.0,4.4,4,1.838,No
MRD-103578,2025-12-29,C60598,Retail,Bengaluru,Bengaluru South,Mobile App,Debit Card,Grocery,4,172.47,0.0,689.88,4.9,2.2,5,2.539,No
MRD-103251,2025-12-29,C11168,Retail,Bengaluru,Bengaluru South,Mobile App,UPI,Grocery,3,181.71,20.0,436.1,3.8,5.6,4,1.563,No
MRD-104184,2025-12-29,C66107,Retail,Mumbai,Mumbai West,Website,Debit Card,Home & Kitchen,1,843.78,15.0,717.21,14.5,2.6,4,2.753,No
MRD-103625,2025-12-29,C85300,Retail,Delhi NCR,Delhi NCR,Mobile App,Credit Card,Apparel,1,437.61,10.0,393.85,26.4,2.6,1,1.458,No
MRD-104317,2025-12-29,C17317,Retail,Bengaluru,Bengaluru South,Website,Credit Card,Apparel,1,1423.63,0.0,1423.63,26.7,3.6,5,1.589,No
MRD-103673,2025-12-29,C76544,Retail,Bengaluru,Bengaluru South,Mobile App,UPI,Beauty,2,894.75,15.0,1521.08,24.3,3.1,4,1.659,No
MRD-102506,2025-12-29,C18923,Retail,Mumbai,Mumbai West,Mobile App,Cash on Delivery,Beauty,1,703.23,10.0,632.91,21.9,3.1,1,1.952,Yes
MRD-100410,2025-12-29,C42220,Retail,Delhi NCR,Delhi NCR,Website,UPI,Grocery,6,136.34,0.0,818.04,6.2,1.0,1,2.369,No
MRD-100997,2025-12-29,C88093,Retail,Bengaluru,Bengaluru South,Website,Credit Card,Beauty,3,931.99,0.0,2795.97,28.3,1.0,4,2.286,No
MRD-102596,2025-12-29,C21023,Retail,Mumbai,Mumbai West,Mobile App,UPI,Grocery,3,147.81,0.0,443.43,3.1,3.6,1,1.796,No
MRD-100382,2025-12-29,C62087,Retail,Delhi NCR,Delhi NCR,Mobile App,UPI,Apparel,2,698.1,15.0,1186.77,27.3,1.0,1,1.552,No
MRD-103107,2025-12-30,C11275,Corporate,Mumbai,Mumbai West,Mobile App,Net Banking,Electronics,30,691.97,8.4,19015.34,8.4,4.4,5,2.725,No
MRD-103389,2025-12-30,C76155,Retail,Mumbai,Mumbai West,Mobile App,Credit Card,Electronics,2,3794.64,10.0,6830.35,7.3,3.2,5,1.71,No
MRD-102413,2025-12-30,C85217,Retail,Bengaluru,Bengaluru South,Marketplace,UPI,Apparel,3,2316.87,0.0,6950.61,24.1,1.6,1,1.122,Yes
MRD-103668,2025-12-30,C10690,Retail,Bengaluru,Bengaluru South,Mobile App,Credit Card,Apparel,2,668.34,0.0,1336.68,37.8,3.7,4,1.777,No
MRD-101718,2025-12-30,C69156,Retail,Mumbai,Mumbai West,Mobile App,UPI,Apparel,2,677.68,0.0,1355.36,24.1,2.8,5,1.86,No
MRD-101528,2025-12-30,C35823,Retail,Bengaluru,Bengaluru South,Marketplace,UPI,Apparel,2,2560.2,0.0,5120.4,36.3,1.8,5,1.681,No
MRD-104020,2025-12-30,C35377,Corporate,Bengaluru,Bengaluru South,Website,Wallet,Electronics,29,2585.37,11.2,66578.45,9.8,3.4,4,1.546,Yes
MRD-100231,2025-12-30,C90570,Retail,Bengaluru,Bengaluru South,Mobile App,Credit Card,Apparel,4,1063.58,10.0,3828.89,32.7,2.8,5,1.913,No
MRD-101151,2025-12-30,C28077,Retail,Mumbai,Mumbai West,Mobile App,UPI,Grocery,3,263.03,20.0,631.27,3.7,3.0,5,2.561,No
MRD-102603,2025-12-30,C89344,Retail,Mumbai,Mumbai West,Marketplace,Cash on Delivery,Grocery,3,322.8,15.0,823.14,6.1,3.1,5,1.926,No
MRD-101375,2025-12-30,C48707,Retail,Mumbai,Mumbai West,Marketplace,Credit Card,Apparel,3,786.35,0.0,2359.05,25.6,4.1,5,2.221,Yes
MRD-103805,2025-12-30,C29234,Retail,Mumbai,Mumbai West,Mobile App,Cash on Delivery,Electronics,1,4984.6,10.0,4486.14,13.1,3.5,4,2.761,No
MRD-100878,2025-12-31,C69798,Corporate,Mumbai,Mumbai West,Mobile App,Credit Card,Electronics,23,7159.56,16.4,137664.02,6.9,3.5,4,2.152,No
MRD-103290,2025-12-31,C46370,Retail,Mumbai,Mumbai West,Marketplace,Credit Card,Grocery,2,156.37,10.0,281.47,3.3,4.6,5,1.75,No
MRD-102933,2025-12-31,C56156,Retail,Delhi NCR,Delhi NCR,Mobile App,Net Banking,Home & Kitchen,1,1735.24,15.0,1474.95,19.7,1.0,2,1.861,No
MRD-100515,2025-12-31,C35228,Retail,Bengaluru,Bengaluru South,Mobile App,Cash on Delivery,Grocery,1,280.12,15.0,238.1,4.6,3.6,5,2.411,No
MRD-101790,2025-12-31,C81748,Retail,Bengaluru,Bengaluru South,Mobile App,UPI,Grocery,2,244.21,15.0,415.16,4.1,4.6,5,1.437,No
MRD-102001,2025-12-31,C28596,Retail,Delhi NCR,Delhi NCR,Website,Cash on Delivery,Electronics,2,3365.36,0.0,6730.72,8.6,1.0,4,2.293,No
MRD-103990,2025-12-31,C60495,Retail,Bengaluru,Bengaluru South,Mobile App,Debit Card,Apparel,2,1078.7,0.0,2157.4,44.5,3.3,1,2.299,Yes
MRD-101516,2025-12-31,C60262,Retail,Mumbai,Mumbai West,Mobile App,UPI,Grocery,2,263.47,0.0,526.94,4.6,2.6,4,2.758,No
MRD-104261,2025-12-31,C32266,Retail,Bengaluru,Bengaluru South,Mobile App,UPI,Grocery,1,195.25,10.0,175.72,4.3,5.0,1,2.98,No
MRD-101164,2026-01-01,C43245,Retail,Mumbai,Mumbai West,Website,Wallet,Home & Kitchen,1,1285.16,0.0,1285.16,22.0,3.2,5,1.988,No
MRD-104714,2026-01-01,C46577,Retail,Delhi NCR,Delhi NCR,Mobile App,UPI,Electronics,2,3695.49,20.0,5912.78,9.8,3.5,4,1.527,No
MRD-102957,2026-01-01,C14505,Retail,Mumbai,Mumbai West,Mobile App,UPI,Apparel,2,832.5,20.0,1332.0,33.7,3.8,2,1.821,Yes
MRD-101250,2026-01-01,C38146,Retail,Bengaluru,Bengaluru South,Website,UPI,Grocery,1,251.79,10.0,226.61,3.0,7.5,5,2.378,No
MRD-104400,2026-01-01,C16051,Retail,Bengaluru,Bengaluru South,Marketplace,Net Banking,Grocery,1,145.56,5.0,138.28,6.8,5.9,4,2.245,Yes
MRD-101976,2026-01-01,C35550,Retail,Bengaluru,Bengaluru South,Website,Debit Card,Electronics,1,904.88,0.0,904.88,4.8,1.2,4,1.323,No
MRD-103619,2026-01-01,C58346,Retail,Bengaluru,Bengaluru South,Website,Credit Card,Grocery,1,377.11,5.0,358.25,4.8,1.3,4,1.752,Yes
MRD-101768,2026-01-01,C68478,Retail,Mumbai,Mumbai West,Mobile App,UPI,Electronics,2,985.91,0.0,1971.82,5.0,3.5,1,2.162,Yes
MRD-101808,2026-01-01,C82017,Retail,Delhi NCR,Delhi NCR,Mobile App,UPI,Home & Kitchen,2,765.39,0.0,1530.78,19.1,1.3,5,1.648,No
MRD-102396,2026-01-01,C32656,Corporate,Delhi NCR,Delhi NCR,Mobile App,Credit Card,Home & Kitchen,34,3137.11,8.9,97168.85,20.7,2.1,2,1.995,Yes
MRD-103954,2026-01-01,C57539,Retail,Delhi NCR,Delhi NCR,Website,UPI,Home & Kitchen,1,1583.39,5.0,1504.22,20.9,3.0,3,0.94,No
MRD-104489,2026-01-01,C38763,Retail,Bengaluru,Bengaluru South,Website,UPI,Grocery,2,213.37,5.0,405.4,1.7,2.6,1,1.855,No
MRD-101663,2026-01-01,C18579,Corporate,Mumbai,Mumbai West,Mobile App,UPI,Grocery,29,298.54,17.3,7159.88,4.1,4.1,3,2.049,No
MRD-103821,2026-01-01,C51139,Corporate,Bengaluru,Bengaluru South,Mobile App,UPI,Home & Kitchen,30,1874.79,13.9,48425.83,27.4,7.9,5,1.964,No
MRD-104608,2026-01-01,C56272,Corporate,Delhi NCR,Delhi NCR,Marketplace,Wallet,Apparel,21,1726.08,11.4,32115.44,33.1,3.5,5,1.727,No
MRD-103323,2026-01-01,C60034,Retail,Bengaluru,Bengaluru South,Mobile App,Debit Card,Home & Kitchen,2,1463.35,20.0,2341.36,10.1,3.8,4,2.178,No
MRD-101022,2026-01-02,C53147,Retail,Mumbai,Mumbai West,Website,Debit Card,Apparel,1,713.83,0.0,713.83,33.3,3.4,3,1.184,No
MRD-103274,2026-01-02,C95396,Retail,Bengaluru,Bengaluru South,Mobile App,Credit Card,Electronics,1,4336.47,0.0,4336.47,12.0,2.9,5,2.192,No
MRD-100458,2026-01-02,C30935,Retail,Delhi NCR,Delhi NCR,Mobile App,UPI,Electronics,1,11034.74,0.0,11034.74,6.9,1.3,5,1.903,Yes
MRD-102493,2026-01-02,C39542,Retail,Delhi NCR,Delhi NCR,Mobile App,UPI,Home & Kitchen,1,1581.45,5.0,1502.38,13.9,4.4,5,1.963,No
MRD-101457,2026-01-02,C81033,Corporate,Bengaluru,Bengaluru South,Mobile App,UPI,Electronics,24,4225.08,26.3,74733.22,8.6,7.4,2,2.28,No
MRD-100106,2026-01-02,C26628,Corporate,Bengaluru,Bengaluru South,Mobile App,UPI,Home & Kitchen,31,973.57,22.9,23269.3,22.6,3.8,5,1.392,No
MRD-104792,2026-01-02,C77860,Retail,Mumbai,Mumbai West,Marketplace,Debit Card,Grocery,3,258.84,15.0,660.04,8.2,5.8,1,2.008,Yes
MRD-104115,2026-01-02,C62570,Retail,Bengaluru,Bengaluru South,Mobile App,Cash on Delivery,Beauty,2,725.01,10.0,1305.02,26.5,1.0,1,1.802,No
MRD-102299,2026-01-02,C41224,Retail,Delhi NCR,Delhi NCR,Mobile App,UPI,Home & Kitchen,2,780.91,20.0,1249.46,10.8,3.6,5,1.962,No
MRD-104185,2026-01-02,C95929,Retail,Mumbai,Mumbai West,Mobile App,Credit Card,Grocery,2,256.81,5.0,487.94,4.0,2.0,2,2.373,No
MRD-103502,2026-01-02,C32289,Retail,Mumbai,Mumbai West,Mobile App,Credit Card,Apparel,1,853.68,0.0,853.68,28.0,4.4,2,1.915,No
MRD-100792,2026-01-02,C41704,Retail,Mumbai,Mumbai West,Mobile App,Credit Card,Grocery,1,227.37,15.0,193.26,4.4,3.5,4,1.876,No
MRD-104767,2026-01-02,C36918,Retail,Bengaluru,Bengaluru South,Mobile App,Credit Card,Home & Kitchen,5,3601.68,0.0,18008.4,15.7,7.8,4,1.756,No
MRD-102117,2026-01-03,C20788,Retail,Bengaluru,Bengaluru South,Mobile App,UPI,Electronics,1,3374.0,0.0,3374.0,8.8,2.3,4,1.483,No
MRD-101951,2026-01-03,C52699,Corporate,Bengaluru,Bengaluru South,Mobile App,Debit Card,Home & Kitchen,24,1089.98,13.3,22680.3,19.0,1.9,4,1.56,No
MRD-100860,2026-01-03,C19057,Corporate,Delhi NCR,Delhi NCR,Marketplace,UPI,Apparel,24,1062.6,19.9,20427.42,23.6,1.0,1,1.972,No
MRD-100897,2026-01-03,C96202,Corporate,Bengaluru,Bengaluru South,Website,UPI,Electronics,30,5887.56,18.9,143244.33,9.8,2.4,1,2.129,No
MRD-102160,2026-01-03,C21592,Retail,Mumbai,Mumbai West,Marketplace,Debit Card,Electronics,1,3491.38,5.0,3316.81,7.8,3.0,5,1.362,No
MRD-102930,2026-01-03,C32438,Retail,Delhi NCR,Delhi NCR,Website,UPI,Electronics,2,5076.32,10.0,9137.38,9.0,4.9,4,1.411,No
MRD-101686,2026-01-03,C43640,Corporate,Bengaluru,Bengaluru South,Website,Credit Card,Apparel,28,581.76,22.7,12591.61,28.6,3.3,4,1.74,No
MRD-104605,2026-01-03,C93979,Corporate,Delhi NCR,Delhi NCR,Mobile App,Credit Card,Apparel,29,883.31,16.4,21414.97,25.1,2.5,5,1.311,No
MRD-102303,2026-01-03,C94309,Retail,Delhi NCR,Delhi NCR,Website,Credit Card,Electronics,2,3651.14,10.0,6572.05,11.5,3.2,3,2.027,No
MRD-100415,2026-01-03,C92685,Retail,Bengaluru,Bengaluru South,Mobile App,UPI,Electronics,4,4252.77,5.0,16160.53,8.6,1.3,3,1.654,No
MRD-102605,2026-01-03,C68435,Retail,Bengaluru,Bengaluru South,Mobile App,Cash on Delivery,Electronics,4,3306.53,0.0,13226.12,6.8,1.1,5,1.79,No
MRD-104217,2026-01-03,C42440,Retail,Mumbai,Mumbai West,Mobile App,Cash on Delivery,Home & Kitchen,2,814.14,0.0,1628.28,18.0,2.7,4,1.434,No
MRD-100959,2026-01-03,C83154,Corporate,Mumbai,Mumbai West,Mobile App,UPI,Electronics,24,2708.99,25.9,48176.68,11.4,2.7,5,1.277,No
MRD-100694,2026-01-03,C62968,Retail,Mumbai,Mumbai West,Mobile App,UPI,Electronics,3,8369.33,10.0,22597.19,7.6,2.9,3,2.101,No
MRD-102023,2026-01-03,C73905,Retail,Bengaluru,Bengaluru South,Marketplace,Credit Card,Grocery,3,273.28,0.0,819.84,3.6,2.9,5,1.974,No
MRD-102205,2026-01-03,C27843,Retail,Mumbai,Mumbai West,Mobile App,Net Banking,Beauty,2,844.74,0.0,1689.48,24.6,2.7,3,1.627,No
MRD-101470,2026-01-03,C62711,Retail,Bengaluru,Bengaluru South,Mobile App,Net Banking,Home & Kitchen,1,1383.5,20.0,1106.8,15.0,2.6,1,1.708,Yes
MRD-100645,2026-01-03,C19538,Retail,Delhi NCR,Delhi NCR,Mobile App,UPI,Apparel,4,2103.37,0.0,8413.48,36.2,3.2,1,2.118,Yes
MRD-103078,2026-01-03,C63922,Retail,Delhi NCR,Delhi NCR,Website,Wallet,Electronics,2,3883.0,0.0,7766.0,6.1,1.1,5,1.756,No
MRD-101257,2026-01-03,C36664,Retail,Delhi NCR,Delhi NCR,Mobile App,UPI,Electronics,2,6582.6,0.0,13165.2,5.9,3.3,4,1.946,No
MRD-101799,2026-01-04,C88724,Retail,Mumbai,Mumbai West,Mobile App,UPI,Beauty,1,634.87,0.0,634.87,23.5,3.1,5,0.832,No
MRD-102099,2026-01-04,C30257,Retail,Bengaluru,Bengaluru South,Mobile App,Cash on Delivery,Grocery,2,176.91,0.0,353.82,3.7,2.0,5,1.896,No
MRD-100865,2026-01-04,C75851,Retail,Mumbai,Mumbai West,Mobile App,UPI,Grocery,1,330.86,15.0,281.23,4.5,3.2,4,2.187,No
MRD-100625,2026-01-04,C94476,Retail,Bengaluru,Bengaluru South,Mobile App,Debit Card,Electronics,2,6770.0,15.0,11509.0,9.0,2.1,3,1.935,No
MRD-104474,2026-01-04,C79820,Retail,Delhi NCR,Delhi NCR,Mobile App,Cash on Delivery,Electronics,2,1852.83,15.0,3149.81,7.9,3.2,4,1.569,No
MRD-103201,2026-01-04,C19908,Retail,Mumbai,Mumbai West,Mobile App,Debit Card,Apparel,2,449.53,10.0,809.15,31.9,3.6,5,2.444,Yes
MRD-101549,2026-01-04,C15885,Retail,Delhi NCR,Delhi NCR,Website,UPI,Apparel,1,682.72,20.0,546.18,25.9,1.2,2,2.161,No
MRD-100872,2026-01-04,C70189,Retail,Bengaluru,Bengaluru South,Marketplace,Debit Card,Electronics,5,8461.72,5.0,40193.17,10.5,7.1,2,0.559,Yes
MRD-100810,2026-01-04,C26058,Retail,Mumbai,Mumbai West,Mobile App,UPI,Electronics,1,5082.41,0.0,5082.41,10.0,3.3,2,1.607,No
MRD-104902,2026-01-04,C12526,Retail,Mumbai,Mumbai West,Marketplace,UPI,Apparel,2,795.87,5.0,1512.15,29.4,3.9,4,2.419,No
MRD-101604,2026-01-04,C64091,Retail,Bengaluru,Bengaluru South,Website,Net Banking,Grocery,2,192.01,5.0,364.82,1.8,4.6,5,2.058,No
MRD-100763,2026-01-04,C99266,Retail,Delhi NCR,Delhi NCR,Mobile App,Credit Card,Grocery,1,215.4,0.0,215.4,2.6,2.3,4,2.537,No
MRD-101922,2026-01-04,C55535,Retail,Delhi NCR,Delhi NCR,Mobile App,UPI,Apparel,1,1860.96,20.0,1488.77,32.2,1.0,4,1.926,No
MRD-101085,2026-01-05,C61697,Retail,Delhi NCR,Delhi NCR,Mobile App,Debit Card,Electronics,2,7040.62,0.0,14081.24,8.9,2.1,2,1.359,Yes
MRD-102515,2026-01-05,C90734,Retail,Delhi NCR,Delhi NCR,Marketplace,Credit Card,Grocery,3,271.79,5.0,774.6,5.3,2.3,4,2.228,No
MRD-100259,2026-01-05,C99447,Retail,Bengaluru,Bengaluru South,Mobile App,Cash on Delivery,Apparel,1,480.54,15.0,408.46,25.7,4.1,1,2.295,No
MRD-104973,2026-01-05,C59908,Corporate,Delhi NCR,Delhi NCR,Website,Cash on Delivery,Apparel,31,854.38,24.4,20023.25,28.6,2.1,2,1.356,Yes
MRD-103675,2026-01-05,C59952,Retail,Mumbai,Mumbai West,Mobile App,Credit Card,Grocery,1,150.97,20.0,120.78,1.6,3.1,1,2.452,Yes
MRD-101778,2026-01-05,C32429,Retail,Mumbai,Mumbai West,Marketplace,UPI,Grocery,2,240.27,15.0,408.46,3.8,3.1,4,1.88,No
MRD-102656,2026-01-05,C28844,Retail,Mumbai,Mumbai West,Mobile App,UPI,Electronics,2,9001.34,15.0,15302.28,6.5,2.9,4,2.569,No
MRD-103406,2026-01-05,C42093,Retail,Mumbai,Mumbai West,Mobile App,Credit Card,Grocery,3,194.72,0.0,584.16,6.2,2.5,3,1.868,Yes
MRD-102302,2026-01-05,C50824,Retail,Mumbai,Mumbai West,Mobile App,Cash on Delivery,Electronics,1,8855.79,20.0,7084.63,9.8,2.6,4,1.611,No
MRD-103699,2026-01-05,C36811,Retail,Mumbai,Mumbai West,Website,Net Banking,Beauty,1,989.67,0.0,989.67,23.8,2.7,5,2.088,No
MRD-103727,2026-01-05,C21511,Retail,Mumbai,Mumbai West,Website,UPI,Apparel,1,1271.99,10.0,1144.79,31.7,2.3,5,2.267,No
MRD-100783,2026-01-05,C30844,Retail,Bengaluru,Bengaluru South,Website,UPI,Beauty,2,503.58,0.0,1007.16,28.7,1.0,4,1.362,No
MRD-102188,2026-01-05,C87880,Retail,Bengaluru,Bengaluru South,Website,Debit Card,Apparel,4,1235.51,10.0,4447.84,29.5,2.3,1,2.205,No
MRD-100544,2026-01-05,C36998,Retail,Delhi NCR,Delhi NCR,Website,Cash on Delivery,Grocery,1,149.51,20.0,119.61,4.6,2.7,4,1.789,No
MRD-101908,2026-01-06,C55934,Retail,Delhi NCR,Delhi NCR,Mobile App,UPI,Grocery,1,287.57,15.0,244.43,4.1,1.3,2,2.368,Yes
MRD-100690,2026-01-06,C71694,Retail,Mumbai,Mumbai West,Website,Cash on Delivery,Electronics,1,9618.27,15.0,8175.53,13.2,4.2,3,2.073,No
MRD-102834,2026-01-06,C94740,Retail,Delhi NCR,Delhi NCR,Mobile App,Cash on Delivery,Beauty,2,447.83,5.0,850.88,22.2,6.9,1,2.598,No
MRD-101746,2026-01-06,C90068,Retail,Mumbai,Mumbai West,Mobile App,Cash on Delivery,Electronics,1,4854.73,0.0,4854.73,4.9,3.7,4,1.105,No
MRD-101701,2026-01-06,C55766,Retail,Mumbai,Mumbai West,Mobile App,Net Banking,Apparel,3,1717.26,0.0,5151.78,32.2,4.3,5,1.061,No
MRD-103926,2026-01-06,C73583,Retail,Delhi NCR,Delhi NCR,Mobile App,Credit Card,Electronics,2,10288.96,0.0,20577.92,5.6,14.9,4,1.153,No
MRD-100311,2026-01-06,C37837,Retail,Mumbai,Mumbai West,Mobile App,Cash on Delivery,Apparel,2,897.07,0.0,1794.14,34.7,3.8,1,1.494,Yes
MRD-103608,2026-01-06,C91328,Retail,Mumbai,Mumbai West,Mobile App,UPI,Electronics,2,4594.5,20.0,7351.2,9.9,3.5,5,2.075,Yes
MRD-103713,2026-01-06,C68012,Retail,Delhi NCR,Delhi NCR,Mobile App,UPI,Apparel,1,1048.52,0.0,1048.52,22.2,1.0,5,2.188,No
MRD-104080,2026-01-06,C36736,Retail,Mumbai,Mumbai West,Mobile App,UPI,Electronics,4,10916.7,0.0,43666.8,10.1,3.8,5,2.164,No
MRD-103509,2026-01-06,C86692,Retail,Delhi NCR,Delhi NCR,Website,UPI,Home & Kitchen,3,2961.62,0.0,8884.86,27.7,3.9,5,2.183,No
MRD-104524,2026-01-06,C30931,Retail,Bengaluru,Bengaluru South,Mobile App,UPI,Electronics,1,11749.69,20.0,9399.75,10.1,2.8,1,1.531,No
MRD-102628,2026-01-06,C74339,Retail,Mumbai,Mumbai West,Website,Wallet,Grocery,1,270.23,0.0,270.23,4.9,2.9,4,1.868,No
MRD-104526,2026-01-07,C18252,Retail,Mumbai,Mumbai West,Mobile App,Debit Card,Home & Kitchen,4,1355.53,10.0,4879.91,13.2,2.9,5,1.486,No
MRD-103275,2026-01-07,C16754,Retail,Bengaluru,Bengaluru South,Website,Debit Card,Electronics,2,5175.03,15.0,8797.55,4.8,3.2,5,1.845,Yes
MRD-103152,2026-01-07,C11076,Retail,Mumbai,Mumbai West,Mobile App,Net Banking,Grocery,1,217.06,0.0,217.06,3.7,3.6,4,3.147,No
MRD-102847,2026-01-07,C39211,Retail,Bengaluru,Bengaluru South,Website,UPI,Apparel,1,469.74,15.0,399.28,35.1,4.5,1,2.296,Yes
MRD-101648,2026-01-07,C51788,Retail,Bengaluru,Bengaluru South,Mobile App,Debit Card,Grocery,2,209.95,0.0,419.9,5.3,1.6,5,1.761,No
MRD-102612,2026-01-07,C73259,Retail,Bengaluru,Bengaluru South,Mobile App,Cash on Delivery,Apparel,2,1338.72,15.0,2275.82,38.6,1.0,2,1.634,Yes
MRD-104070,2026-01-07,C79122,Retail,Mumbai,Mumbai West,Mobile App,UPI,Grocery,4,307.73,0.0,1230.92,3.3,3.8,5,2.122,No
MRD-103015,2026-01-07,C94806,Retail,Mumbai,Mumbai West,Website,Debit Card,Grocery,2,257.6,5.0,489.44,3.5,3.4,4,1.622,No
MRD-101123,2026-01-07,C97234,Retail,Mumbai,Mumbai West,Mobile App,Credit Card,Home & Kitchen,2,1770.09,0.0,3540.18,21.9,4.1,4,1.909,No
MRD-101333,2026-01-07,C58368,Retail,Bengaluru,Bengaluru South,Mobile App,Credit Card,Grocery,1,292.41,5.0,277.79,3.6,5.5,2,2.394,No
MRD-102841,2026-01-07,C47756,Retail,Mumbai,Mumbai West,Website,UPI,Home & Kitchen,2,3017.57,15.0,5129.87,16.2,2.5,3,1.676,No
MRD-102370,2026-01-07,C57631,Retail,Mumbai,Mumbai West,Mobile App,UPI,Grocery,3,167.18,20.0,401.23,3.2,2.5,4,1.399,No
MRD-101407,2026-01-07,C47539,Retail,Delhi NCR,Delhi NCR,Marketplace,UPI,Electronics,1,3812.08,10.0,3430.87,7.2,3.6,5,2.025,No
MRD-101814,2026-01-07,C69343,Retail,Delhi NCR,Delhi NCR,Website,Cash on Delivery,Grocery,2,175.16,0.0,350.32,2.1,5.2,2,2.304,No
MRD-101038,2026-01-07,C63455,Retail,Bengaluru,Bengaluru South,Mobile App,UPI,Grocery,1,323.62,5.0,307.44,5.1,1.0,3,2.281,No
MRD-101221,2026-01-08,C57569,Retail,Mumbai,Mumbai West,Mobile App,Cash on Delivery,Apparel,1,972.83,0.0,972.83,30.0,3.2,5,1.919,No
MRD-102154,2026-01-08,C12252,Retail,Bengaluru,Bengaluru South,Mobile App,Credit Card,Home & Kitchen,2,1030.37,0.0,2060.74,7.7,3.8,3,1.628,No
MRD-101763,2026-01-08,C49466,Retail,Mumbai,Mumbai West,Marketplace,Credit Card,Home & Kitchen,3,1385.49,15.0,3533.0,14.7,3.4,5,2.196,No
MRD-104096,2026-01-08,C29903,Retail,Mumbai,Mumbai West,Website,Debit Card,Electronics,2,6137.63,0.0,12275.26,8.3,3.7,2,1.401,No
MRD-100804,2026-01-08,C91314,Retail,Bengaluru,Bengaluru South,Mobile App,Debit Card,Grocery,2,277.82,0.0,555.64,4.0,2.8,5,1.447,No
MRD-100589,2026-01-08,C78401,Retail,Delhi NCR,Delhi NCR,Mobile App,UPI,Electronics,1,4653.27,5.0,4420.61,8.6,3.8,2,1.866,No
MRD-104917,2026-01-08,C53300,Retail,Delhi NCR,Delhi NCR,Website,Cash on Delivery,Electronics,2,4823.03,0.0,9646.06,6.5,4.3,4,1.936,No
MRD-104201,2026-01-08,C27207,Retail,Mumbai,Mumbai West,Mobile App,Debit Card,Apparel,1,971.69,5.0,923.11,32.8,2.9,4,2.065,No
MRD-101872,2026-01-08,C40583,Retail,Delhi NCR,Delhi NCR,Website,UPI,Apparel,3,1053.57,10.0,2844.64,29.5,3.6,5,1.624,No
MRD-102075,2026-01-08,C67034,Retail,Delhi NCR,Delhi NCR,Website,Credit Card,Electronics,1,3116.12,0.0,3116.12,9.9,4.3,2,1.976,Yes
MRD-101671,2026-01-08,C64643,Retail,Bengaluru,Bengaluru South,Mobile App,Wallet,Home & Kitchen,2,2129.01,15.0,3619.32,21.2,1.0,4,1.895,No
MRD-100255,2026-01-08,C32846,Retail,Bengaluru,Bengaluru South,Mobile App,Cash on Delivery,Electronics,2,2710.74,15.0,4608.26,6.4,1.3,4,1.568,No
MRD-103880,2026-01-09,C60406,Retail,Delhi NCR,Delhi NCR,Mobile App,Credit Card,Electronics,2,7304.89,20.0,11687.82,3.8,4.9,4,1.879,No
MRD-100375,2026-01-09,C55533,Retail,Bengaluru,Bengaluru South,Website,UPI,Electronics,3,7131.68,10.0,19255.54,7.2,5.8,4,2.281,No
MRD-104888,2026-01-09,C97281,Retail,Delhi NCR,Delhi NCR,Mobile App,Credit Card,Home & Kitchen,1,2840.61,0.0,2840.61,15.8,1.3,5,1.841,No
MRD-101271,2026-01-09,C78895,Retail,Mumbai,Mumbai West,Website,Debit Card,Beauty,1,730.79,0.0,730.79,28.3,2.6,2,2.15,No
MRD-103147,2026-01-09,C46064,Retail,Bengaluru,Bengaluru South,Mobile App,Cash on Delivery,Apparel,2,804.67,5.0,1528.87,33.5,2.6,2,1.711,Yes
MRD-103048,2026-01-09,C26801,Retail,Mumbai,Mumbai West,Website,UPI,Grocery,1,221.23,15.0,188.05,5.4,3.6,5,2.218,No
MRD-101169,2026-01-09,C75568,Corporate,Mumbai,Mumbai West,Website,UPI,Apparel,28,874.08,25.9,18135.41,27.0,3.5,5,1.82,No
MRD-102260,2026-01-09,C20333,Corporate,Delhi NCR,Delhi NCR,Mobile App,UPI,Apparel,33,721.62,12.2,20908.22,28.3,3.8,5,1.876,No
MRD-104796,2026-01-09,C85900,Retail,Bengaluru,Bengaluru South,Mobile App,UPI,Home & Kitchen,1,4842.38,20.0,3873.9,17.7,4.0,1,1.677,No
MRD-104322,2026-01-09,C15718,Retail,Delhi NCR,Delhi NCR,Website,Cash on Delivery,Grocery,3,243.78,5.0,694.77,3.8,4.7,3,2.122,No
MRD-101531,2026-01-09,C35881,Corporate,Mumbai,Mumbai West,Website,Wallet,Apparel,27,1862.98,11.3,44616.51,28.1,3.6,5,2.929,No
MRD-100480,2026-01-09,C16031,Retail,Mumbai,Mumbai West,Mobile App,UPI,Grocery,1,162.88,0.0,162.88,0.5,2.8,4,1.202,No
MRD-104753,2026-01-09,C26353,Retail,Mumbai,Mumbai West,Mobile App,UPI,Grocery,1,314.04,0.0,314.04,5.1,3.1,4,1.273,No
MRD-103178,2026-01-09,C70656,Corporate,Delhi NCR,Delhi NCR,Mobile App,UPI,Home & Kitchen,35,2218.33,11.8,68479.85,19.4,2.9,3,1.487,No
MRD-100508,2026-01-09,C76883,Retail,Delhi NCR,Delhi NCR,Mobile App,Cash on Delivery,Electronics,3,2008.38,5.0,5723.88,7.9,4.4,4,2.604,No
MRD-104224,2026-01-10,C82808,Retail,Mumbai,Mumbai West,Mobile App,UPI,Apparel,1,1575.41,0.0,1575.41,37.8,3.5,4,2.383,No
MRD-103247,2026-01-10,C60245,Retail,Delhi NCR,Delhi NCR,Marketplace,UPI,Grocery,1,149.98,5.0,142.48,3.5,1.0,2,1.288,No
MRD-100771,2026-01-10,C95733,Retail,Bengaluru,Bengaluru South,Mobile App,UPI,Grocery,1,142.06,20.0,113.65,6.1,4.0,4,2.035,No
MRD-101793,2026-01-10,C54682,Retail,Bengaluru,Bengaluru South,Mobile App,UPI,Grocery,2,187.58,0.0,375.16,4.6,2.8,1,2.204,No
MRD-104289,2026-01-10,C66136,Retail,Mumbai,Mumbai West,Website,UPI,Grocery,3,155.06,15.0,395.4,2.7,2.9,5,1.979,Yes
MRD-102362,2026-01-10,C42808,Retail,Mumbai,Mumbai West,Mobile App,UPI,Electronics,3,8425.21,0.0,25275.63,10.8,3.4,1,1.689,No
MRD-100043,2026-01-10,C44610,Retail,Mumbai,Mumbai West,Mobile App,UPI,Home & Kitchen,2,681.43,10.0,1226.57,13.0,2.0,4,1.524,No
MRD-100320,2026-01-10,C46914,Retail,Bengaluru,Bengaluru South,Website,UPI,Grocery,3,250.23,10.0,675.62,1.6,1.0,2,1.524,No
MRD-102528,2026-01-10,C75605,Retail,Mumbai,Mumbai West,Mobile App,Credit Card,Apparel,3,910.91,10.0,2459.46,39.9,2.5,3,1.31,No
MRD-104198,2026-01-11,C79353,Retail,Mumbai,Mumbai West,Website,Cash on Delivery,Apparel,2,1468.09,20.0,2348.94,29.9,4.0,4,1.686,No
MRD-104771,2026-01-11,C96310,Retail,Bengaluru,Bengaluru South,Mobile App,Cash on Delivery,Home & Kitchen,2,928.36,0.0,1856.72,16.3,6.1,4,2.53,No
MRD-103008,2026-01-11,C73137,Corporate,Delhi NCR,Delhi NCR,Marketplace,UPI,Electronics,28,4913.18,15.8,115833.13,12.4,5.9,3,2.071,No
MRD-103272,2026-01-11,C42742,Retail,Bengaluru,Bengaluru South,Mobile App,UPI,Grocery,2,224.46,0.0,448.92,4.4,4.7,5,1.989,Yes
MRD-102417,2026-01-11,C11869,Retail,Delhi NCR,Delhi NCR,Mobile App,Credit Card,Home & Kitchen,2,1123.61,5.0,2134.86,21.2,1.0,4,1.21,No
MRD-102076,2026-01-11,C46482,Corporate,Mumbai,Mumbai West,Mobile App,Net Banking,Grocery,24,232.96,26.9,4087.05,3.2,1.8,5,1.205,No
MRD-102658,2026-01-11,C59204,Retail,Mumbai,Mumbai West,Mobile App,UPI,Grocery,1,237.12,20.0,189.7,4.0,3.3,2,1.584,Yes
MRD-103861,2026-01-11,C84865,Retail,Bengaluru,Bengaluru South,Mobile App,UPI,Apparel,1,859.67,0.0,859.67,36.8,4.5,2,1.952,No
MRD-102371,2026-01-11,C67464,Retail,Delhi NCR,Delhi NCR,Mobile App,Debit Card,Electronics,1,1971.11,10.0,1774.0,3.7,1.2,3,2.068,No
MRD-103070,2026-01-11,C39163,Retail,Delhi NCR,Delhi NCR,Mobile App,UPI,Home & Kitchen,3,956.6,15.0,2439.33,16.5,3.4,4,1.714,No
MRD-103920,2026-01-11,C11150,Retail,Delhi NCR,Delhi NCR,Marketplace,Credit Card,Apparel,1,1873.51,20.0,1498.81,41.6,4.7,4,2.002,No
MRD-100901,2026-01-11,C84109,Retail,Mumbai,Mumbai West,Website,Cash on Delivery,Grocery,3,180.12,0.0,540.36,2.2,3.6,4,1.749,No
MRD-104837,2026-01-11,C51694,Retail,Mumbai,Mumbai West,Marketplace,Credit Card,Home & Kitchen,3,1223.96,10.0,3304.69,17.1,4.1,5,1.519,No
MRD-104130,2026-01-11,C71277,Retail,Delhi NCR,Delhi NCR,Mobile App,Debit Card,Apparel,2,641.82,0.0,1283.64,36.3,2.4,5,2.769,Yes
MRD-103771,2026-01-11,C41311,Retail,Delhi NCR,Delhi NCR,Mobile App,Debit Card,Electronics,3,2142.06,0.0,6426.18,6.4,3.7,4,2.749,No
MRD-102369,2026-01-11,C61765,Retail,Bengaluru,Bengaluru South,Website,Cash on Delivery,Electronics,3,6816.29,15.0,17381.54,5.0,5.0,5,2.048,No
MRD-103616,2026-01-11,C95892,Retail,Bengaluru,Bengaluru South,Mobile App,UPI,Grocery,2,287.59,15.0,488.9,5.8,1.8,5,1.915,No
MRD-104502,2026-01-11,C25735,Corporate,Bengaluru,Bengaluru South,Mobile App,Credit Card,Home & Kitchen,24,3755.03,12.8,78585.27,19.1,2.7,1,2.097,No
MRD-104874,2026-01-12,C94055,Retail,Delhi NCR,Delhi NCR,Mobile App,Cash on Delivery,Grocery,3,256.81,0.0,770.43,2.6,1.0,2,1.871,No
MRD-101053,2026-01-12,C79370,Retail,Delhi NCR,Delhi NCR,Mobile App,Debit Card,Grocery,1,258.14,10.0,232.33,5.6,1.0,5,1.957,No
MRD-100267,2026-01-12,C68203,Retail,Delhi NCR,Delhi NCR,Website,UPI,Grocery,3,210.75,15.0,537.41,2.3,1.0,5,1.448,No
MRD-100325,2026-01-12,C21431,Retail,Bengaluru,Bengaluru South,Website,Cash on Delivery,Beauty,1,1148.91,10.0,1034.02,28.6,3.6,1,1.751,Yes
MRD-103923,2026-01-12,C22143,Retail,Delhi NCR,Delhi NCR,Mobile App,UPI,Beauty,1,992.18,0.0,992.18,33.7,3.4,4,2.005,No
MRD-101161,2026-01-12,C75143,Retail,Delhi NCR,Delhi NCR,Marketplace,Wallet,Beauty,3,459.0,5.0,1308.15,23.4,1.0,4,1.962,No
MRD-101903,2026-01-12,C12949,Retail,Mumbai,Mumbai West,Marketplace,Debit Card,Grocery,4,238.54,0.0,954.16,5.3,3.5,5,1.585,No
MRD-103599,2026-01-12,C87612,Retail,Bengaluru,Bengaluru South,Mobile App,Credit Card,Electronics,2,4532.61,20.0,7252.18,6.7,2.7,4,1.897,No
MRD-104845,2026-01-12,C40551,Retail,Delhi NCR,Delhi NCR,Website,UPI,Home & Kitchen,1,3170.3,20.0,2536.24,21.7,1.0,1,2.253,Yes
MRD-104431,2026-01-12,C24162,Retail,Bengaluru,Bengaluru South,Mobile App,Credit Card,Electronics,1,1958.19,20.0,1566.55,12.4,5.3,5,2.05,No
MRD-100387,2026-01-12,C13571,Retail,Delhi NCR,Delhi NCR,Mobile App,UPI,Electronics,3,2558.61,0.0,7675.83,4.6,1.0,5,1.544,No
MRD-101298,2026-01-12,C48507,Retail,Bengaluru,Bengaluru South,Website,Debit Card,Apparel,2,614.77,20.0,983.63,47.0,1.5,5,1.802,No
MRD-101530,2026-01-12,C42477,Retail,Mumbai,Mumbai West,Website,Credit Card,Electronics,2,3159.11,0.0,6318.22,9.5,3.5,5,1.604,No
MRD-101281,2026-01-12,C76812,Corporate,Bengaluru,Bengaluru South,Mobile App,Debit Card,Apparel,33,1098.26,11.6,32038.44,36.7,4.9,3,1.875,Yes
MRD-101230,2026-01-13,C41578,Retail,Mumbai,Mumbai West,Website,Debit Card,Grocery,2,247.03,20.0,395.25,5.3,3.5,2,2.661,No
MRD-102201,2026-01-13,C46100,Retail,Mumbai,Mumbai West,Marketplace,Credit Card,Apparel,1,551.3,10.0,496.17,27.6,3.2,2,1.779,No
MRD-101299,2026-01-13,C52308,Retail,Mumbai,Mumbai West,Website,Wallet,Home & Kitchen,2,1352.25,0.0,2704.5,23.3,3.5,4,1.404,No
MRD-102998,2026-01-13,C51540,Retail,Mumbai,Mumbai West,Mobile App,Wallet,Beauty,1,643.65,0.0,643.65,19.4,3.4,5,1.701,No
MRD-104158,2026-01-13,C83742,Retail,Mumbai,Mumbai West,Marketplace,UPI,Apparel,1,1187.64,0.0,1187.64,35.0,3.1,4,1.845,No
MRD-102385,2026-01-13,C24130,Retail,Mumbai,Mumbai West,Mobile App,Net Banking,Home & Kitchen,1,1273.42,0.0,1273.42,19.1,2.2,4,2.493,No
MRD-103439,2026-01-13,C40070,Corporate,Mumbai,Mumbai West,Marketplace,Credit Card,Home & Kitchen,39,960.3,26.2,27639.35,11.6,2.9,2,1.436,Yes
MRD-100616,2026-01-13,C24718,Retail,Bengaluru,Bengaluru South,Mobile App,Debit Card,Electronics,3,3282.01,0.0,9846.03,8.8,2.2,5,1.829,No
MRD-104614,2026-01-13,C49891,Retail,Bengaluru,Bengaluru South,Mobile App,UPI,Electronics,1,4626.53,0.0,4626.53,6.2,2.8,5,2.371,No
MRD-100971,2026-01-13,C13812,Retail,Bengaluru,Bengaluru South,Mobile App,Net Banking,Grocery,1,168.62,10.0,151.76,5.8,2.4,4,1.774,No
MRD-101618,2026-01-13,C89411,Retail,Bengaluru,Bengaluru South,Marketplace,Credit Card,Electronics,1,1208.57,0.0,1208.57,8.2,3.7,4,1.979,No
MRD-101744,2026-01-13,C18192,Retail,Bengaluru,Bengaluru South,Website,Net Banking,Electronics,1,2253.0,0.0,2253.0,10.3,4.1,4,1.729,No
MRD-103270,2026-01-13,C97522,Corporate,Mumbai,Mumbai West,Website,Credit Card,Apparel,25,1028.23,11.5,22749.59,34.4,3.1,5,1.068,No
MRD-101476,2026-01-13,C27479,Retail,Delhi NCR,Delhi NCR,Marketplace,UPI,Electronics,1,1000.27,0.0,1000.27,4.6,5.2,4,1.824,No
MRD-101789,2026-01-14,C84425,Retail,Mumbai,Mumbai West,Mobile App,UPI,Electronics,3,4197.49,0.0,12592.47,6.3,2.3,4,1.534,No
MRD-100676,2026-01-14,C60266,Retail,Bengaluru,Bengaluru South,Marketplace,Debit Card,Home & Kitchen,2,5751.31,10.0,10352.36,19.9,6.1,5,2.229,No
MRD-101187,2026-01-14,C45396,Retail,Bengaluru,Bengaluru South,Website,Debit Card,Home & Kitchen,3,922.67,15.0,2352.81,20.8,4.6,2,2.059,Yes
MRD-102136,2026-01-14,C81453,Retail,Mumbai,Mumbai West,Mobile App,UPI,Electronics,1,7719.56,0.0,7719.56,6.7,3.4,4,2.275,No
MRD-102448,2026-01-14,C12950,Retail,Mumbai,Mumbai West,Website,UPI,Home & Kitchen,1,1077.03,0.0,1077.03,18.2,2.5,2,2.713,No
MRD-100844,2026-01-14,C41229,Retail,Mumbai,Mumbai West,Mobile App,Cash on Delivery,Electronics,1,4717.42,15.0,4009.81,6.8,2.3,3,1.966,No
MRD-101507,2026-01-14,C98559,Retail,Delhi NCR,Delhi NCR,Mobile App,UPI,Grocery,2,375.51,0.0,751.02,4.1,1.0,2,1.869,No
MRD-100176,2026-01-14,C25435,Retail,Bengaluru,Bengaluru South,Mobile App,Debit Card,Grocery,2,182.52,0.0,365.04,5.0,4.7,5,2.046,No
MRD-103156,2026-01-15,C88731,Retail,Bengaluru,Bengaluru South,Mobile App,UPI,Apparel,3,1728.74,0.0,5186.22,24.5,3.6,3,2.34,No
MRD-101195,2026-01-15,C64652,Retail,Bengaluru,Bengaluru South,Website,Credit Card,Grocery,1,291.54,20.0,233.23,3.4,1.0,4,1.843,No
MRD-100628,2026-01-15,C50485,Retail,Delhi NCR,Delhi NCR,Marketplace,UPI,Apparel,2,1805.87,0.0,3611.74,35.4,1.0,4,1.624,No
MRD-102027,2026-01-15,C80403,Retail,Mumbai,Mumbai West,Mobile App,UPI,Electronics,2,2938.09,20.0,4700.94,9.6,4.0,4,2.07,Yes
MRD-104058,2026-01-15,C51283,Retail,Bengaluru,Bengaluru South,Marketplace,Credit Card,Grocery,1,261.62,15.0,222.38,1.8,3.7,1,1.072,Yes
MRD-102807,2026-01-15,C51983,Corporate,Delhi NCR,Delhi NCR,Website,Debit Card,Grocery,35,173.39,10.5,5431.44,5.5,1.0,2,2.262,No
MRD-101190,2026-01-15,C16816,Retail,Bengaluru,Bengaluru South,Mobile App,Credit Card,Electronics,1,2603.87,5.0,2473.68,6.5,1.7,4,2.26,No
MRD-102116,2026-01-15,C52878,Retail,Bengaluru,Bengaluru South,Mobile App,Credit Card,Apparel,1,805.18,5.0,764.92,38.7,4.0,4,1.673,Yes
MRD-100507,2026-01-16,C72755,Retail,Mumbai,Mumbai West,Website,Net Banking,Apparel,2,836.17,0.0,1672.34,38.4,3.1,5,1.394,No
MRD-101027,2026-01-16,C26507,Retail,Delhi NCR,Delhi NCR,Mobile App,UPI,Electronics,4,11398.12,0.0,45592.48,8.0,1.0,5,2.025,No
MRD-103734,2026-01-16,C62976,Retail,Mumbai,Mumbai West,Mobile App,Cash on Delivery,Grocery,2,248.73,0.0,497.46,1.4,3.2,5,1.937,No
MRD-103415,2026-01-16,C14415,Retail,Delhi NCR,Delhi NCR,Website,Debit Card,Beauty,2,826.16,0.0,1652.32,24.2,4.6,5,1.315,No
MRD-104573,2026-01-16,C74232,Retail,Mumbai,Mumbai West,Mobile App,Cash on Delivery,Apparel,4,2643.41,0.0,10573.64,30.8,3.6,4,1.855,No
MRD-100977,2026-01-16,C73691,Retail,Delhi NCR,Delhi NCR,Marketplace,UPI,Electronics,2,3982.18,5.0,7566.14,6.8,21.0,2,2.554,No
MRD-100114,2026-01-16,C35417,Retail,Bengaluru,Bengaluru South,Mobile App,Credit Card,Grocery,1,150.24,0.0,150.24,2.9,3.3,4,1.247,No
MRD-100778,2026-01-16,C52728,Retail,Delhi NCR,Delhi NCR,Mobile App,Credit Card,Grocery,1,199.22,20.0,159.38,2.2,1.0,5,1.733,No
MRD-103096,2026-01-16,C67527,Retail,Bengaluru,Bengaluru South,Mobile App,Cash on Delivery,Electronics,1,646.95,10.0,582.26,9.0,2.9,1,1.506,Yes
MRD-101693,2026-01-16,C36844,Retail,Mumbai,Mumbai West,Mobile App,Cash on Delivery,Grocery,1,270.23,0.0,270.23,1.9,3.9,5,1.685,No
MRD-104177,2026-01-17,C26056,Retail,Mumbai,Mumbai West,Mobile App,Debit Card,Grocery,2,185.04,15.0,314.57,5.3,3.0,4,1.784,Yes
MRD-101361,2026-01-17,C13264,Retail,Mumbai,Mumbai West,Mobile App,UPI,Apparel,2,1017.94,0.0,2035.88,39.4,4.4,4,2.432,No
MRD-101705,2026-01-17,C19092,Retail,Mumbai,Mumbai West,Mobile App,Wallet,Home & Kitchen,1,614.51,0.0,614.51,14.4,3.2,4,1.468,No
MRD-104892,2026-01-17,C84242,Corporate,Delhi NCR,Delhi NCR,Mobile App,UPI,Home & Kitchen,25,2665.39,14.4,57039.35,16.6,2.8,5,2.6,No
MRD-104448,2026-01-17,C97053,Retail,Bengaluru,Bengaluru South,Mobile App,Net Banking,Home & Kitchen,2,1526.36,15.0,2594.81,20.8,2.1,4,2.202,No
MRD-100957,2026-01-17,C55778,Retail,Bengaluru,Bengaluru South,Marketplace,Net Banking,Apparel,1,1859.84,10.0,1673.86,25.2,5.0,5,2.058,No
MRD-100769,2026-01-17,C61139,Retail,Bengaluru,Bengaluru South,Mobile App,Net Banking,Home & Kitchen,3,1400.28,15.0,3570.71,9.1,4.6,4,2.078,No
MRD-100744,2026-01-17,C17533,Retail,Delhi NCR,Delhi NCR,Mobile App,Debit Card,Apparel,2,708.34,15.0,1204.18,27.5,1.0,5,2.864,No
MRD-102067,2026-01-17,C75067,Retail,Mumbai,Mumbai West,Website,UPI,Electronics,3,2422.52,5.0,6904.18,7.6,3.0,5,2.063,No
MRD-104581,2026-01-17,C86518,Retail,Mumbai,Mumbai West,Mobile App,Net Banking,Home & Kitchen,1,2740.5,15.0,2329.42,20.5,3.1,4,1.552,Yes
MRD-100752,2026-01-17,C35435,Retail,Mumbai,Mumbai West,Mobile App,UPI,Grocery,3,239.8,10.0,647.46,4.5,4.0,1,1.352,No
MRD-103355,2026-01-17,C20324,Retail,Mumbai,Mumbai West,Website,Net Banking,Apparel,1,971.99,0.0,971.99,25.4,3.7,5,1.208,Yes
MRD-100889,2026-01-17,C67120,Retail,Delhi NCR,Delhi NCR,Mobile App,UPI,Apparel,4,955.47,20.0,3057.5,26.8,1.3,4,1.761,No
MRD-104985,2026-01-17,C18786,Retail,Bengaluru,Bengaluru South,Marketplace,UPI,Grocery,2,172.37,10.0,310.27,2.3,4.7,4,1.619,No
MRD-103820,2026-01-18,C64898,Retail,Mumbai,Mumbai West,Website,Credit Card,Electronics,1,9507.94,15.0,8081.75,6.8,2.3,1,1.756,No
MRD-100042,2026-01-18,C16935,Retail,Mumbai,Mumbai West,Mobile App,Credit Card,Apparel,1,1553.5,20.0,1242.8,35.1,3.1,5,2.41,No
MRD-100046,2026-01-18,C15272,Retail,Mumbai,Mumbai West,Website,UPI,Home & Kitchen,2,2522.62,0.0,5045.24,21.2,3.8,3,1.791,No
MRD-101150,2026-01-18,C98756,Retail,Delhi NCR,Delhi NCR,Website,Wallet,Electronics,3,3294.91,0.0,9884.73,4.7,5.0,3,1.685,No
MRD-101252,2026-01-18,C93529,Retail,Bengaluru,Bengaluru South,Mobile App,Credit Card,Electronics,2,5357.58,10.0,9643.64,9.3,4.3,4,2.351,No
MRD-104155,2026-01-18,C70418,Corporate,Mumbai,Mumbai West,Mobile App,UPI,Electronics,16,5779.83,13.9,79622.94,8.4,2.9,5,2.603,No
MRD-104554,2026-01-18,C89036,Retail,Mumbai,Mumbai West,Website,Wallet,Grocery,1,141.42,0.0,141.42,3.3,3.2,2,2.305,No
MRD-102445,2026-01-19,C36783,Retail,Delhi NCR,Delhi NCR,Marketplace,Cash on Delivery,Home & Kitchen,2,3236.12,20.0,5177.79,19.6,2.3,5,0.903,No
MRD-103988,2026-01-19,C93883,Retail,Mumbai,Mumbai West,Marketplace,Cash on Delivery,Home & Kitchen,4,1512.85,0.0,6051.4,11.0,3.5,5,2.252,No
MRD-103099,2026-01-19,C43544,Retail,Bengaluru,Bengaluru South,Mobile App,UPI,Apparel,2,1693.63,0.0,3387.26,31.6,5.1,3,1.776,Yes
MRD-104365,2026-01-19,C57014,Retail,Delhi NCR,Delhi NCR,Marketplace,Credit Card,Electronics,2,3241.29,0.0,6482.58,7.7,3.2,4,1.969,No
MRD-104354,2026-01-19,C60508,Retail,Delhi NCR,Delhi NCR,Mobile App,Credit Card,Electronics,1,1450.48,5.0,1377.96,7.2,5.7,4,1.702,No
MRD-102836,2026-01-19,C69157,Corporate,Bengaluru,Bengaluru South,Mobile App,Credit Card,Apparel,21,2101.43,23.4,33803.6,19.2,4.7,2,1.625,No
MRD-100593,2026-01-19,C93582,Retail,Mumbai,Mumbai West,Website,UPI,Grocery,1,233.5,5.0,221.82,4.2,3.6,4,1.755,No
MRD-102374,2026-01-19,C48177,Retail,Mumbai,Mumbai West,Website,Net Banking,Home & Kitchen,1,1780.85,0.0,1780.85,14.7,3.4,3,1.719,No
MRD-103873,2026-01-19,C50691,Retail,Mumbai,Mumbai West,Mobile App,Net Banking,Grocery,1,231.96,15.0,197.17,4.6,4.2,5,0.761,No
MRD-103303,2026-01-19,C46017,Retail,Bengaluru,Bengaluru South,Mobile App,UPI,Beauty,1,566.3,0.0,566.3,24.9,1.4,1,1.894,Yes
MRD-102218,2026-01-19,C11261,Retail,Bengaluru,Bengaluru South,Website,Debit Card,Apparel,1,512.04,0.0,512.04,39.7,5.7,1,1.52,No
MRD-102077,2026-01-19,C72971,Retail,Mumbai,Mumbai West,Mobile App,Debit Card,Apparel,1,1004.87,10.0,904.38,27.5,3.1,4,1.802,No
MRD-101397,2026-01-19,C86286,Retail,Mumbai,Mumbai West,Website,Credit Card,Apparel,5,757.68,15.0,3220.14,40.1,2.0,5,2.18,Yes
MRD-100194,2026-01-19,C13953,Retail,Bengaluru,Bengaluru South,Marketplace,Credit Card,Apparel,2,1840.68,5.0,3497.29,32.6,3.5,4,1.843,No
MRD-104214,2026-01-19,C46497,Corporate,Delhi NCR,Delhi NCR,Mobile App,UPI,Beauty,31,795.12,9.5,22307.09,13.4,1.0,5,1.877,No
MRD-102669,2026-01-19,C50316,Corporate,Mumbai,Mumbai West,Website,Cash on Delivery,Electronics,33,1637.93,25.6,40214.46,3.8,3.2,4,2.071,No
MRD-100195,2026-01-19,C75048,Retail,Mumbai,Mumbai West,Marketplace,Cash on Delivery,Beauty,4,1040.48,0.0,4161.92,30.4,3.0,5,2.09,No
MRD-100880,2026-01-19,C42734,Retail,Delhi NCR,Delhi NCR,Website,UPI,Apparel,2,1038.73,0.0,2077.46,27.5,2.4,4,2.699,Yes
MRD-104622,2026-01-20,C48998,Corporate,Bengaluru,Bengaluru South,Website,Net Banking,Beauty,34,1239.2,11.2,37413.93,31.4,1.0,3,1.515,No
MRD-100289,2026-01-20,C97286,Retail,Mumbai,Mumbai West,Mobile App,UPI,Electronics,3,3581.79,15.0,9133.56,8.4,3.2,4,2.222,No
MRD-104172,2026-01-20,C86657,Retail,Mumbai,Mumbai West,Website,Net Banking,Grocery,1,259.17,15.0,220.29,3.3,4.5,4,1.933,No
MRD-102237,2026-01-20,C62104,Retail,Bengaluru,Bengaluru South,Website,Credit Card,Beauty,1,723.76,5.0,687.57,23.1,2.1,4,1.449,No
MRD-103554,2026-01-20,C42243,Retail,Mumbai,Mumbai West,Website,Debit Card,Apparel,2,489.32,10.0,880.78,21.7,3.5,4,1.516,No
MRD-103489,2026-01-20,C92814,Corporate,Delhi NCR,Delhi NCR,Mobile App,Debit Card,Grocery,36,216.12,15.6,6566.59,2.5,4.9,3,1.617,No
MRD-100272,2026-01-20,C30125,Retail,Mumbai,Mumbai West,Website,Credit Card,Beauty,1,876.69,0.0,876.69,22.5,3.7,4,1.472,No
MRD-102742,2026-01-20,C71633,Corporate,Bengaluru,Bengaluru South,Mobile App,Cash on Delivery,Grocery,26,211.33,13.9,4730.83,3.7,1.3,4,1.933,No
MRD-101865,2026-01-20,C64636,Retail,Bengaluru,Bengaluru South,Mobile App,Credit Card,Grocery,2,171.39,5.0,325.64,6.1,3.8,4,1.339,No
MRD-103287,2026-01-20,C69322,Corporate,Delhi NCR,Delhi NCR,Website,Net Banking,Apparel,31,1192.84,12.4,32392.76,37.6,4.6,1,0.944,No
MRD-103934,2026-01-20,C81954,Corporate,Delhi NCR,Delhi NCR,Marketplace,Debit Card,Electronics,26,2359.96,16.3,51357.45,9.2,2.3,4,1.511,No
MRD-101995,2026-01-20,C18776,Retail,Mumbai,Mumbai West,Mobile App,Debit Card,Grocery,3,287.01,0.0,861.03,3.9,3.8,4,2.085,No
MRD-102140,2026-01-20,C39135,Retail,Mumbai,Mumbai West,Marketplace,Credit Card,Electronics,1,4362.41,15.0,3708.05,8.2,2.8,5,1.582,No
MRD-102274,2026-01-20,C57306,Retail,Mumbai,Mumbai West,Mobile App,Wallet,Grocery,4,239.64,0.0,958.56,6.1,3.2,4,2.632,No
MRD-100040,2026-01-20,C29317,Retail,Mumbai,Mumbai West,Mobile App,UPI,Grocery,2,234.82,10.0,422.68,1.6,3.3,5,1.664,No
MRD-104341,2026-01-21,C66220,Retail,Bengaluru,Bengaluru South,Mobile App,UPI,Home & Kitchen,3,1067.09,0.0,3201.27,18.3,2.7,4,2.743,No
MRD-103423,2026-01-21,C15217,Corporate,Mumbai,Mumbai West,Mobile App,Debit Card,Grocery,25,145.63,25.7,2705.08,3.0,2.8,5,1.344,No
MRD-100767,2026-01-21,C78129,Corporate,Mumbai,Mumbai West,Mobile App,Credit Card,Electronics,28,2488.43,14.6,59503.34,4.9,3.0,1,1.456,No
MRD-100479,2026-01-21,C61401,Retail,Bengaluru,Bengaluru South,Mobile App,UPI,Apparel,3,1596.42,5.0,4549.8,34.9,6.0,4,2.073,Yes
MRD-100708,2026-01-21,C37520,Retail,Bengaluru,Bengaluru South,Website,UPI,Home & Kitchen,4,2003.48,15.0,6811.83,19.3,3.4,4,1.552,No
MRD-100279,2026-01-22,C41394,Corporate,Bengaluru,Bengaluru South,Mobile App,Credit Card,Home & Kitchen,37,2862.3,25.5,78899.3,15.6,2.7,4,1.052,No
MRD-102876,2026-01-22,C73791,Retail,Bengaluru,Bengaluru South,Website,UPI,Electronics,1,6243.94,15.0,5307.35,6.8,5.4,4,1.615,No
MRD-100407,2026-01-22,C53812,Retail,Mumbai,Mumbai West,Website,Wallet,Grocery,2,193.05,5.0,366.8,3.3,3.3,4,1.291,No
MRD-100350,2026-01-22,C84353,Retail,Delhi NCR,Delhi NCR,Mobile App,UPI,Apparel,2,715.57,15.0,1216.47,28.8,4.9,1,1.16,Yes
MRD-101114,2026-01-22,C80098,Retail,Bengaluru,Bengaluru South,Mobile App,Net Banking,Electronics,1,6834.68,20.0,5467.74,7.4,4.3,2,1.024,No
MRD-103780,2026-01-22,C57230,Corporate,Bengaluru,Bengaluru South,Website,Cash on Delivery,Apparel,32,1345.88,26.5,31655.1,31.1,3.6,4,1.832,Yes
MRD-104480,2026-01-22,C19620,Retail,Delhi NCR,Delhi NCR,Mobile App,UPI,Apparel,3,2409.43,20.0,5782.63,25.3,2.3,5,2.105,No
MRD-102643,2026-01-22,C50557,Retail,Bengaluru,Bengaluru South,Website,Credit Card,Grocery,2,150.69,0.0,301.38,3.6,4.6,4,2.07,No
MRD-104653,2026-01-22,C40751,Retail,Delhi NCR,Delhi NCR,Mobile App,Debit Card,Electronics,2,5498.73,0.0,10997.46,5.0,1.0,5,1.388,No
MRD-104830,2026-01-22,C28566,Retail,Bengaluru,Bengaluru South,Mobile App,UPI,Electronics,4,2796.02,15.0,9506.47,6.1,3.8,1,1.706,No
MRD-101120,2026-01-22,C88686,Retail,Bengaluru,Bengaluru South,Mobile App,UPI,Electronics,2,1487.47,15.0,2528.7,8.0,5.0,3,1.878,No
MRD-104147,2026-01-22,C68367,Corporate,Mumbai,Mumbai West,Marketplace,Credit Card,Grocery,20,372.59,22.6,5767.69,4.3,3.2,4,1.878,No
MRD-102710,2026-01-22,C76077,Retail,Mumbai,Mumbai West,Mobile App,UPI,Home & Kitchen,3,1369.49,0.0,4108.47,19.6,3.0,1,2.496,No
MRD-102469,2026-01-22,C92911,Retail,Bengaluru,Bengaluru South,Website,UPI,Grocery,2,304.46,0.0,608.92,2.1,4.2,5,1.778,No
MRD-100032,2026-01-22,C12466,Retail,Bengaluru,Bengaluru South,Mobile App,Credit Card,Apparel,1,1305.45,0.0,1305.45,36.6,2.5,2,2.301,No
MRD-103550,2026-01-22,C56933,Retail,Mumbai,Mumbai West,Mobile App,UPI,Grocery,3,256.18,15.0,653.26,2.0,2.4,5,2.381,No
MRD-103024,2026-01-23,C81309,Retail,Delhi NCR,Delhi NCR,Mobile App,Cash on Delivery,Apparel,1,1025.17,0.0,1025.17,35.4,5.8,4,1.566,No
MRD-104434,2026-01-23,C22027,Retail,Delhi NCR,Delhi NCR,Mobile App,Credit Card,Electronics,1,4523.6,0.0,4523.6,7.0,1.6,2,1.688,Yes
MRD-104555,2026-01-23,C91824,Retail,Mumbai,Mumbai West,Website,Credit Card,Electronics,4,7781.11,0.0,31124.44,3.5,3.1,1,2.122,Yes
MRD-102212,2026-01-23,C95385,Retail,Delhi NCR,Delhi NCR,Website,Credit Card,Grocery,2,282.59,0.0,565.18,4.9,1.0,1,1.293,Yes
MRD-102566,2026-01-23,C55135,Corporate,Bengaluru,Bengaluru South,Mobile App,UPI,Grocery,26,297.34,16.8,6432.06,1.8,1.0,1,2.016,No
MRD-104443,2026-01-23,C73599,Retail,Bengaluru,Bengaluru South,Mobile App,Credit Card,Home & Kitchen,3,1839.12,5.0,5241.49,20.7,2.8,5,1.595,No
MRD-102307,2026-01-23,C79709,Retail,Mumbai,Mumbai West,Website,UPI,Electronics,1,3732.99,20.0,2986.39,7.7,3.3,2,0.802,No
MRD-101214,2026-01-23,C42776,Retail,Bengaluru,Bengaluru South,Marketplace,UPI,Home & Kitchen,3,1950.59,20.0,4681.42,16.5,5.3,3,1.474,No
MRD-100732,2026-01-23,C80968,Retail,Mumbai,Mumbai West,Mobile App,Cash on Delivery,Apparel,1,1082.67,0.0,1082.67,44.5,4.0,4,1.689,Yes
MRD-104008,2026-01-24,C24626,Retail,Bengaluru,Bengaluru South,Marketplace,Debit Card,Grocery,2,207.82,10.0,374.08,5.0,4.1,4,1.484,No
MRD-101421,2026-01-24,C66397,Retail,Mumbai,Mumbai West,Mobile App,Debit Card,Beauty,3,427.03,0.0,1281.09,24.6,2.8,4,1.515,No
MRD-100926,2026-01-24,C28103,Retail,Bengaluru,Bengaluru South,Mobile App,UPI,Beauty,1,963.37,15.0,818.86,24.6,2.9,3,1.501,No
MRD-101102,2026-01-24,C37162,Retail,Bengaluru,Bengaluru South,Mobile App,UPI,Grocery,2,157.13,0.0,314.26,4.7,2.9,2,2.294,Yes
MRD-104381,2026-01-24,C27874,Retail,Bengaluru,Bengaluru South,Mobile App,Credit Card,Apparel,2,691.85,0.0,1383.7,33.5,3.6,5,1.999,No
MRD-102150,2026-01-24,C24860,Retail,Bengaluru,Bengaluru South,Mobile App,Wallet,Grocery,2,253.87,0.0,507.74,3.8,1.5,3,1.941,No
MRD-100094,2026-01-24,C69209,Retail,Delhi NCR,Delhi NCR,Mobile App,UPI,Grocery,3,220.02,0.0,660.06,3.7,6.2,4,2.811,No
MRD-101092,2026-01-24,C28969,Corporate,Delhi NCR,Delhi NCR,Website,UPI,Grocery,29,176.64,13.7,4420.77,9.8,2.3,4,2.003,No
MRD-100919,2026-01-24,C92580,Corporate,Bengaluru,Bengaluru South,Website,Debit Card,Apparel,25,1252.32,12.6,27363.19,37.9,1.6,4,2.375,No
MRD-101041,2026-01-24,C17812,Retail,Bengaluru,Bengaluru South,Mobile App,UPI,Grocery,3,224.2,0.0,672.6,2.0,4.3,4,1.771,No
MRD-100668,2026-01-24,C28250,Retail,Mumbai,Mumbai West,Mobile App,UPI,Electronics,1,2815.93,15.0,2393.54,7.3,3.7,3,1.621,No
MRD-101988,2026-01-24,C60297,Retail,Mumbai,Mumbai West,Website,Cash on Delivery,Grocery,2,198.82,5.0,377.76,0.5,3.6,4,1.84,No
MRD-103143,2026-01-24,C11079,Retail,Delhi NCR,Delhi NCR,Mobile App,Cash on Delivery,Grocery,1,179.89,5.0,170.9,2.7,3.8,4,2.518,No
MRD-104970,2026-01-24,C44488,Retail,Mumbai,Mumbai West,Marketplace,Credit Card,Home & Kitchen,2,2793.19,20.0,4469.1,15.7,3.0,2,2.543,No
MRD-103090,2026-01-24,C60494,Retail,Delhi NCR,Delhi NCR,Website,UPI,Grocery,1,256.55,5.0,243.72,3.7,1.0,5,2.168,No
MRD-101006,2026-01-24,C76461,Retail,Mumbai,Mumbai West,Mobile App,Cash on Delivery,Beauty,1,540.41,5.0,513.39,28.7,3.5,5,2.064,No
MRD-104671,2026-01-24,C69658,Retail,Mumbai,Mumbai West,Mobile App,UPI,Home & Kitchen,6,2024.52,20.0,9717.7,20.1,3.3,3,0.785,No
MRD-101468,2026-01-24,C25839,Retail,Delhi NCR,Delhi NCR,Mobile App,UPI,Apparel,1,1103.82,0.0,1103.82,28.9,8.2,4,1.616,Yes
MRD-101893,2026-01-24,C57740,Retail,Delhi NCR,Delhi NCR,Mobile App,Net Banking,Home & Kitchen,2,1218.5,15.0,2071.45,15.1,1.0,3,1.734,No
MRD-101781,2026-01-25,C30806,Retail,Mumbai,Mumbai West,Mobile App,UPI,Home & Kitchen,4,1475.58,20.0,4721.86,15.5,2.9,4,1.036,No
MRD-104719,2026-01-25,C39285,Retail,Delhi NCR,Delhi NCR,Mobile App,Debit Card,Electronics,1,8698.3,10.0,7828.47,10.0,4.6,3,2.48,No
MRD-104986,2026-01-25,C35320,Retail,Mumbai,Mumbai West,Website,Debit Card,Apparel,2,917.1,5.0,1742.49,39.0,3.0,2,1.93,Yes
MRD-100476,2026-01-25,C74792,Retail,Mumbai,Mumbai West,Website,UPI,Apparel,3,1841.11,5.0,5247.16,41.6,3.6,5,1.202,No
MRD-103123,2026-01-25,C38949,Retail,Delhi NCR,Delhi NCR,Marketplace,UPI,Apparel,1,1914.29,10.0,1722.86,27.3,25.7,2,2.397,No
MRD-103063,2026-01-25,C41937,Corporate,Mumbai,Mumbai West,Mobile App,UPI,Apparel,29,832.43,12.2,21195.33,28.8,3.8,5,1.399,Yes
MRD-103404,2026-01-25,C93514,Retail,Delhi NCR,Delhi NCR,Mobile App,UPI,Home & Kitchen,2,1640.7,0.0,3281.4,21.5,5.4,5,1.987,No
MRD-102181,2026-01-25,C27215,Corporate,Bengaluru,Bengaluru South,Marketplace,Debit Card,Grocery,28,209.88,27.0,4289.95,3.0,1.6,4,1.269,No
MRD-100920,2026-01-25,C25484,Retail,Bengaluru,Bengaluru South,Marketplace,Net Banking,Electronics,4,18397.91,0.0,73591.64,9.2,2.1,3,1.691,No
MRD-102492,2026-01-25,C48326,Retail,Mumbai,Mumbai West,Marketplace,UPI,Home & Kitchen,1,1884.16,0.0,1884.16,17.0,3.7,5,1.647,No
MRD-104283,2026-01-25,C16802,Retail,Bengaluru,Bengaluru South,Mobile App,UPI,Electronics,2,2550.97,20.0,4081.55,5.5,2.3,4,2.14,No
MRD-104598,2026-01-25,C89090,Retail,Bengaluru,Bengaluru South,Mobile App,Net Banking,Home & Kitchen,2,1440.76,5.0,2737.44,21.7,3.5,2,1.72,Yes
MRD-103059,2026-01-25,C94655,Retail,Delhi NCR,Delhi NCR,Mobile App,UPI,Apparel,1,1315.13,10.0,1183.62,41.4,1.0,5,1.828,No
MRD-104082,2026-01-26,C72947,Retail,Bengaluru,Bengaluru South,Marketplace,UPI,Grocery,1,214.83,0.0,214.83,3.6,5.5,4,1.963,No
MRD-100814,2026-01-26,C26767,Retail,Bengaluru,Bengaluru South,Mobile App,UPI,Home & Kitchen,2,4191.53,0.0,8383.06,24.6,1.0,3,2.666,No
MRD-104446,2026-01-26,C27691,Corporate,Mumbai,Mumbai West,Mobile App,Net Banking,Grocery,33,193.4,14.1,5482.31,4.4,3.8,4,2.155,No
MRD-102673,2026-01-26,C48522,Retail,Bengaluru,Bengaluru South,Mobile App,Net Banking,Grocery,1,306.38,15.0,260.42,6.0,3.7,5,1.596,No
MRD-103525,2026-01-26,C61058,Retail,Mumbai,Mumbai West,Marketplace,UPI,Apparel,1,1000.52,0.0,1000.52,31.7,5.0,5,2.121,No
MRD-103756,2026-01-26,C38667,Retail,Bengaluru,Bengaluru South,Mobile App,UPI,Home & Kitchen,1,1890.02,15.0,1606.52,20.0,4.4,4,1.596,No
MRD-103482,2026-01-26,C35337,Retail,Mumbai,Mumbai West,Mobile App,UPI,Apparel,1,392.73,20.0,314.18,31.9,3.0,4,1.649,Yes
MRD-104745,2026-01-26,C34945,Retail,Mumbai,Mumbai West,Website,UPI,Apparel,2,1557.21,0.0,3114.42,27.3,3.1,2,2.227,No
MRD-103817,2026-01-26,C84949,Retail,Delhi NCR,Delhi NCR,Mobile App,UPI,Home & Kitchen,4,4543.88,0.0,18175.52,16.8,3.8,4,1.454,No
MRD-102950,2026-01-26,C67955,Retail,Mumbai,Mumbai West,Mobile App,UPI,Electronics,3,2840.2,0.0,8520.6,9.1,2.0,5,1.771,No
MRD-102280,2026-01-26,C52328,Retail,Delhi NCR,Delhi NCR,Website,Debit Card,Apparel,5,858.35,20.0,3433.4,29.8,15.7,1,1.365,Yes
MRD-102301,2026-01-26,C36853,Retail,Delhi NCR,Delhi NCR,Mobile App,UPI,Grocery,3,303.18,15.0,773.11,5.7,1.0,1,0.897,No
MRD-100634,2026-01-27,C79444,Corporate,Mumbai,Mumbai West,Website,Credit Card,Grocery,24,215.23,20.1,4127.25,5.7,2.5,4,2.956,No
MRD-102351,2026-01-27,C51272,Retail,Delhi NCR,Delhi NCR,Mobile App,Net Banking,Grocery,3,188.72,0.0,566.16,4.5,1.3,2,1.728,No
MRD-103328,2026-01-27,C81901,Retail,Delhi NCR,Delhi NCR,Marketplace,Credit Card,Home & Kitchen,3,1467.32,0.0,4401.96,20.6,1.0,4,1.682,No
MRD-100613,2026-01-27,C51188,Retail,Delhi NCR,Delhi NCR,Website,Debit Card,Apparel,2,1292.65,15.0,2197.5,38.7,6.0,3,1.233,No
MRD-104924,2026-01-27,C88945,Corporate,Mumbai,Mumbai West,Marketplace,UPI,Electronics,26,1022.01,18.8,21576.68,9.8,3.9,1,2.058,No
MRD-103943,2026-01-27,C23999,Retail,Mumbai,Mumbai West,Mobile App,Debit Card,Home & Kitchen,3,2371.13,10.0,6402.05,6.9,2.9,1,1.965,No
MRD-104418,2026-01-27,C10810,Retail,Bengaluru,Bengaluru South,Mobile App,UPI,Beauty,2,906.51,15.0,1541.07,26.1,2.2,3,2.253,No
MRD-100489,2026-01-27,C19342,Retail,Mumbai,Mumbai West,Mobile App,Debit Card,Apparel,1,723.46,0.0,723.46,29.5,3.6,2,0.982,No
MRD-103036,2026-01-27,C41344,Retail,Bengaluru,Bengaluru South,Website,Debit Card,Apparel,2,1227.46,10.0,2209.43,35.7,5.5,3,1.26,No
MRD-101758,2026-01-27,C96239,Retail,Bengaluru,Bengaluru South,Website,Credit Card,Beauty,2,352.41,0.0,704.82,31.3,5.9,5,1.9,No
MRD-102441,2026-01-27,C79155,Retail,Mumbai,Mumbai West,Mobile App,UPI,Grocery,3,250.65,0.0,751.95,5.1,3.9,5,2.867,No
MRD-104606,2026-01-27,C70421,Retail,Delhi NCR,Delhi NCR,Website,UPI,Grocery,1,290.68,0.0,290.68,3.5,4.3,4,2.284,No
MRD-100486,2026-01-27,C71160,Retail,Bengaluru,Bengaluru South,Website,Debit Card,Electronics,2,2441.76,10.0,4395.17,0.6,2.0,3,0.987,No
MRD-102378,2026-01-27,C14173,Retail,Mumbai,Mumbai West,Mobile App,UPI,Electronics,3,2683.02,20.0,6439.25,11.1,2.8,5,1.108,No
MRD-100034,2026-01-27,C23659,Retail,Mumbai,Mumbai West,Mobile App,Cash on Delivery,Home & Kitchen,3,3383.0,5.0,9641.55,15.1,3.4,4,2.509,No
MRD-104496,2026-01-28,C92026,Corporate,Delhi NCR,Delhi NCR,Mobile App,Cash on Delivery,Grocery,35,284.1,23.3,7626.66,2.5,2.9,5,1.898,No
MRD-102575,2026-01-28,C23620,Retail,Bengaluru,Bengaluru South,Mobile App,UPI,Grocery,1,262.62,5.0,249.49,3.4,3.4,1,1.519,No
MRD-100430,2026-01-28,C87042,Retail,Mumbai,Mumbai West,Mobile App,UPI,Grocery,3,109.33,0.0,327.99,5.1,3.6,4,2.189,No
MRD-103385,2026-01-28,C17816,Retail,Mumbai,Mumbai West,Website,UPI,Grocery,1,322.29,0.0,322.29,4.3,3.5,5,1.932,No
MRD-101406,2026-01-28,C51225,Retail,Bengaluru,Bengaluru South,Marketplace,Debit Card,Apparel,1,952.51,15.0,809.63,30.9,4.0,4,2.18,No
MRD-101353,2026-01-28,C93039,Retail,Bengaluru,Bengaluru South,Mobile App,Wallet,Apparel,1,454.17,5.0,431.46,42.7,5.2,5,2.023,No
MRD-103076,2026-01-28,C22665,Retail,Bengaluru,Bengaluru South,Website,UPI,Home & Kitchen,2,2672.74,0.0,5345.48,20.2,1.0,1,2.042,No
MRD-104709,2026-01-28,C15386,Retail,Delhi NCR,Delhi NCR,Mobile App,Wallet,Grocery,1,387.57,20.0,310.06,2.9,2.4,4,1.546,No
MRD-102758,2026-01-28,C98178,Retail,Mumbai,Mumbai West,Marketplace,Cash on Delivery,Grocery,3,253.99,0.0,761.97,1.8,3.5,5,1.625,No
MRD-102325,2026-01-28,C31094,Retail,Delhi NCR,Delhi NCR,Mobile App,Cash on Delivery,Apparel,2,532.57,10.0,958.63,32.8,4.4,5,1.883,No
MRD-102757,2026-01-28,C88152,Retail,Mumbai,Mumbai West,Mobile App,Credit Card,Grocery,1,263.02,15.0,223.57,5.2,2.9,4,1.927,No
MRD-100420,2026-01-28,C72469,Retail,Mumbai,Mumbai West,Marketplace,UPI,Grocery,3,256.63,10.0,692.9,4.5,2.9,5,1.83,No
MRD-104075,2026-01-28,C15783,Retail,Delhi NCR,Delhi NCR,Mobile App,Cash on Delivery,Electronics,3,21648.84,0.0,64946.52,8.7,1.0,5,2.224,No
MRD-103343,2026-01-28,C63714,Retail,Mumbai,Mumbai West,Mobile App,Wallet,Apparel,2,870.02,10.0,1566.04,29.9,3.6,5,1.205,No
MRD-103953,2026-01-28,C24087,Retail,Bengaluru,Bengaluru South,Website,Net Banking,Grocery,1,193.03,0.0,193.03,4.2,1.8,1,1.956,No
MRD-104739,2026-01-28,C79705,Retail,Bengaluru,Bengaluru South,Mobile App,Debit Card,Grocery,3,188.73,0.0,566.19,4.9,4.0,5,1.813,No
MRD-100637,2026-01-28,C85950,Retail,Mumbai,Mumbai West,Website,UPI,Home & Kitchen,1,1300.43,10.0,1170.39,19.9,2.8,5,1.718,No
MRD-103219,2026-01-28,C41759,Retail,Bengaluru,Bengaluru South,Website,Cash on Delivery,Beauty,1,1084.86,20.0,867.89,25.2,4.5,5,1.716,No
MRD-103754,2026-01-28,C89307,Retail,Mumbai,Mumbai West,Mobile App,Cash on Delivery,Home & Kitchen,1,475.07,5.0,451.32,19.2,2.9,3,1.835,No
MRD-101681,2026-01-29,C31433,Corporate,Mumbai,Mumbai West,Marketplace,UPI,Apparel,24,1104.06,11.0,23582.72,32.9,3.0,5,1.989,Yes
MRD-100000,2026-01-29,C88015,Retail,Delhi NCR,Delhi NCR,Mobile App,Credit Card,Grocery,1,142.66,15.0,121.26,6.2,2.3,1,2.457,No
MRD-102096,2026-01-29,C74794,Retail,Bengaluru,Bengaluru South,Marketplace,Net Banking,Home & Kitchen,1,3150.98,20.0,2520.78,19.1,1.3,5,2.279,No
MRD-101809,2026-01-29,C30309,Retail,Bengaluru,Bengaluru South,Website,UPI,Grocery,1,204.5,15.0,173.82,4.1,6.4,4,1.785,No
MRD-103033,2026-01-29,C43608,Retail,Bengaluru,Bengaluru South,Mobile App,UPI,Grocery,2,248.42,5.0,472.0,3.2,1.3,5,1.787,No
MRD-101679,2026-01-29,C42598,Retail,Bengaluru,Bengaluru South,Website,Debit Card,Electronics,1,6775.16,0.0,6775.16,9.2,2.3,5,2.384,No
MRD-104754,2026-01-29,C96753,Retail,Mumbai,Mumbai West,Mobile App,UPI,Apparel,2,2518.09,0.0,5036.18,32.7,3.2,5,1.699,No
MRD-103992,2026-01-29,C95403,Retail,Bengaluru,Bengaluru South,Mobile App,Cash on Delivery,Apparel,3,3425.44,10.0,9248.69,29.1,4.1,4,1.883,No
MRD-102020,2026-01-29,C62216,Retail,Mumbai,Mumbai West,Marketplace,UPI,Beauty,4,749.05,20.0,2396.96,24.4,3.2,1,1.722,No
MRD-100008,2026-01-29,C51716,Retail,Delhi NCR,Delhi NCR,Website,UPI,Apparel,2,1393.91,0.0,2787.82,41.0,2.6,1,1.713,No
MRD-102289,2026-01-29,C18826,Retail,Delhi NCR,Delhi NCR,Mobile App,UPI,Apparel,1,1554.83,0.0,1554.83,40.5,1.2,5,1.868,Yes
MRD-100464,2026-01-29,C98410,Retail,Mumbai,Mumbai West,Mobile App,Wallet,Grocery,3,199.94,0.0,599.82,2.1,2.5,5,2.017,Yes
MRD-101127,2026-01-29,C71541,Retail,Mumbai,Mumbai West,Marketplace,UPI,Apparel,2,1079.58,20.0,1727.33,23.3,3.9,3,1.908,No
MRD-101873,2026-01-29,C98995,Retail,Mumbai,Mumbai West,Website,UPI,Grocery,3,131.23,20.0,314.95,4.7,3.5,5,1.492,No
MRD-101562,2026-01-29,C43800,Retail,Delhi NCR,Delhi NCR,Website,Credit Card,Home & Kitchen,2,1129.64,0.0,2259.28,16.1,2.3,5,1.476,No
MRD-104565,2026-01-29,C18885,Retail,Bengaluru,Bengaluru South,Mobile App,Debit Card,Apparel,1,1630.23,20.0,1304.18,32.1,4.8,5,2.052,No
MRD-100550,2026-01-30,C70495,Retail,Delhi NCR,Delhi NCR,Mobile App,Debit Card,Apparel,3,500.67,0.0,1502.01,38.9,2.2,2,1.235,Yes
MRD-104570,2026-01-30,C64405,Retail,Mumbai,Mumbai West,Website,Net Banking,Apparel,2,415.64,0.0,831.28,34.9,3.3,4,2.138,Yes
MRD-101970,2026-01-30,C15335,Corporate,Delhi NCR,Delhi NCR,Mobile App,Debit Card,Grocery,29,132.74,17.2,3187.35,3.9,1.2,3,1.672,No
MRD-101184,2026-01-30,C11526,Retail,Mumbai,Mumbai West,Marketplace,UPI,Apparel,1,516.53,10.0,464.88,31.6,3.5,2,2.562,No
MRD-104748,2026-01-30,C86130,Retail,Mumbai,Mumbai West,Mobile App,UPI,Grocery,2,312.32,0.0,624.64,4.5,3.3,4,1.544,No
MRD-100355,2026-01-30,C76376,Retail,Delhi NCR,Delhi NCR,Website,Cash on Delivery,Beauty,1,1335.41,15.0,1135.1,14.3,1.0,4,2.098,No
MRD-104558,2026-01-30,C86095,Retail,Mumbai,Mumbai West,Mobile App,UPI,Grocery,1,313.69,0.0,313.69,4.8,3.3,5,1.799,Yes
MRD-100485,2026-01-30,C30274,Retail,Mumbai,Mumbai West,Website,Debit Card,Apparel,1,725.63,0.0,725.63,32.1,3.9,1,2.254,No
MRD-104209,2026-01-30,C69550,Retail,Delhi NCR,Delhi NCR,Website,Credit Card,Apparel,2,515.67,0.0,1031.34,36.0,1.4,5,1.788,No
MRD-102609,2026-01-30,C76518,Retail,Delhi NCR,Delhi NCR,Mobile App,Credit Card,Apparel,3,1112.24,20.0,2669.38,32.8,3.0,5,1.457,No
MRD-104118,2026-01-30,C82285,Retail,Bengaluru,Bengaluru South,Mobile App,UPI,Grocery,3,334.72,10.0,903.74,1.4,1.8,4,1.871,No
MRD-103917,2026-01-30,C27131,Retail,Mumbai,Mumbai West,Marketplace,Cash on Delivery,Grocery,3,336.68,10.0,909.04,4.6,4.2,4,2.132,No
MRD-101783,2026-01-30,C75285,Retail,Mumbai,Mumbai West,Marketplace,UPI,Home & Kitchen,1,1321.04,5.0,1254.99,18.9,3.3,4,1.888,No
MRD-102422,2026-01-30,C46466,Retail,Delhi NCR,Delhi NCR,Mobile App,Cash on Delivery,Beauty,5,769.33,0.0,3846.65,24.0,1.0,4,1.827,No
MRD-100118,2026-01-31,C77559,Retail,Mumbai,Mumbai West,Mobile App,UPI,Electronics,2,12378.31,10.0,22280.96,8.3,2.8,5,1.175,Yes
MRD-102178,2026-01-31,C68089,Retail,Mumbai,Mumbai West,Mobile App,Debit Card,Apparel,1,885.84,10.0,797.26,27.9,3.2,5,2.246,No
MRD-103250,2026-01-31,C94979,Retail,Mumbai,Mumbai West,Mobile App,UPI,Beauty,1,1067.88,10.0,961.09,23.8,2.8,5,1.865,No
MRD-103259,2026-01-31,C15956,Retail,Mumbai,Mumbai West,Mobile App,Credit Card,Home & Kitchen,2,2151.09,5.0,4087.07,13.5,3.9,5,1.868,No
MRD-104105,2026-01-31,C79332,Retail,Bengaluru,Bengaluru South,Mobile App,Net Banking,Beauty,3,518.18,5.0,1476.81,24.5,2.3,3,1.307,No
MRD-104037,2026-01-31,C56710,Retail,Delhi NCR,Delhi NCR,Mobile App,Credit Card,Apparel,2,1296.41,5.0,2463.18,23.8,1.0,1,1.517,Yes
MRD-100626,2026-01-31,C11419,Retail,Delhi NCR,Delhi NCR,Mobile App,Wallet,Grocery,2,248.01,0.0,496.02,3.8,3.2,1,2.813,No
MRD-102069,2026-01-31,C88909,Retail,Mumbai,Mumbai West,Website,UPI,Beauty,2,540.0,0.0,1080.0,18.1,3.0,5,1.986,No
MRD-100729,2026-01-31,C72755,Retail,Bengaluru,Bengaluru South,Mobile App,UPI,Grocery,2,295.18,5.0,560.84,3.6,4.2,1,1.448,No
MRD-102951,2026-01-31,C79996,Retail,Mumbai,Mumbai West,Website,UPI,Electronics,2,7642.03,0.0,15284.06,9.8,4.1,5,0.851,No
MRD-102980,2026-01-31,C16706,Retail,Mumbai,Mumbai West,Website,Credit Card,Home & Kitchen,3,1924.23,0.0,5772.69,16.3,3.1,4,2.194,No
MRD-104285,2026-01-31,C50362,Retail,Delhi NCR,Delhi NCR,Mobile App,Credit Card,Home & Kitchen,2,798.43,15.0,1357.33,25.0,1.0,1,2.124,No
MRD-104294,2026-01-31,C41029,Corporate,Bengaluru,Bengaluru South,Website,UPI,Apparel,36,973.09,18.4,28585.49,33.4,1.4,5,1.059,No
MRD-102496,2026-01-31,C64390,Corporate,Delhi NCR,Delhi NCR,Marketplace,Credit Card,Grocery,26,251.1,27.2,4752.82,4.8,3.1,4,2.188,No
MRD-100236,2026-01-31,C87122,Retail,Mumbai,Mumbai West,Mobile App,Debit Card,Grocery,2,230.9,0.0,461.8,4.2,2.9,1,2.167,Yes
MRD-104473,2026-02-01,C21961,Corporate,Delhi NCR,Delhi NCR,Mobile App,UPI,Grocery,33,191.2,14.9,5369.47,3.5,3.5,5,1.637,No
MRD-101075,2026-02-01,C55065,Retail,Delhi NCR,Delhi NCR,Mobile App,UPI,Electronics,2,3677.78,10.0,6620.0,11.1,6.9,4,1.398,No
MRD-104286,2026-02-01,C97284,Retail,Mumbai,Mumbai West,Website,Credit Card,Apparel,1,1652.38,5.0,1569.76,34.6,2.8,5,2.489,No
MRD-100481,2026-02-01,C25104,Retail,Bengaluru,Bengaluru South,Mobile App,Cash on Delivery,Electronics,1,5662.2,20.0,4529.76,5.8,2.0,1,2.546,Yes
MRD-100692,2026-02-01,C92229,Retail,Bengaluru,Bengaluru South,Mobile App,Credit Card,Electronics,1,5518.98,15.0,4691.13,8.4,5.0,4,1.854,No
MRD-100992,2026-02-01,C17621,Retail,Mumbai,Mumbai West,Mobile App,UPI,Grocery,1,137.84,0.0,137.84,2.6,3.9,3,1.857,Yes
MRD-104899,2026-02-01,C63028,Retail,Mumbai,Mumbai West,Website,Credit Card,Apparel,3,1534.11,0.0,4602.33,34.2,3.6,3,1.658,No
MRD-104391,2026-02-01,C21789,Retail,Bengaluru,Bengaluru South,Website,UPI,Grocery,1,227.28,20.0,181.82,4.0,3.4,2,2.177,No
MRD-102682,2026-02-01,C25666,Retail,Mumbai,Mumbai West,Website,UPI,Electronics,2,1345.51,0.0,2691.02,6.3,3.3,5,1.764,No
MRD-101815,2026-02-01,C61393,Corporate,Delhi NCR,Delhi NCR,Marketplace,UPI,Apparel,30,631.19,10.3,16985.32,31.8,2.1,3,1.998,Yes
MRD-103210,2026-02-01,C26237,Retail,Delhi NCR,Delhi NCR,Mobile App,Credit Card,Home & Kitchen,1,2552.76,0.0,2552.76,15.5,29.2,1,1.914,Yes
MRD-102466,2026-02-01,C19810,Retail,Bengaluru,Bengaluru South,Mobile App,Debit Card,Grocery,3,266.68,5.0,760.04,2.1,4.2,5,2.122,No
MRD-104079,2026-02-01,C20370,Retail,Delhi NCR,Delhi NCR,Mobile App,UPI,Apparel,2,904.69,20.0,1447.5,35.3,2.1,5,1.453,No
MRD-103975,2026-02-01,C57702,Retail,Bengaluru,Bengaluru South,Mobile App,Credit Card,Home & Kitchen,2,1522.91,5.0,2893.53,23.5,1.0,5,2.467,No
MRD-102530,2026-02-01,C35672,Retail,Mumbai,Mumbai West,Website,Credit Card,Grocery,2,214.45,5.0,407.46,3.2,4.2,5,1.489,No
MRD-101797,2026-02-01,C48706,Retail,Delhi NCR,Delhi NCR,Mobile App,Credit Card,Apparel,3,522.61,5.0,1489.44,28.2,2.7,5,2.868,No
MRD-103849,2026-02-01,C28546,Retail,Mumbai,Mumbai West,Mobile App,Credit Card,Electronics,2,10072.73,20.0,16116.37,7.7,3.5,3,1.19,No
MRD-103572,2026-02-01,C68718,Retail,Mumbai,Mumbai West,Marketplace,Debit Card,Home & Kitchen,3,1001.38,0.0,3004.14,21.6,4.5,4,2.425,No
MRD-100567,2026-02-02,C70376,Retail,Delhi NCR,Delhi NCR,Mobile App,UPI,Apparel,5,819.04,5.0,3890.44,27.4,3.1,4,1.179,No
MRD-102598,2026-02-02,C80428,Corporate,Bengaluru,Bengaluru South,Marketplace,UPI,Beauty,28,700.74,12.2,17226.99,27.9,2.1,4,2.235,No
MRD-100447,2026-02-02,C70838,Retail,Delhi NCR,Delhi NCR,Marketplace,Debit Card,Apparel,1,1574.65,0.0,1574.65,33.8,8.9,2,1.322,Yes
MRD-103009,2026-02-02,C72490,Retail,Delhi NCR,Delhi NCR,Mobile App,Net Banking,Apparel,2,1474.77,15.0,2507.11,34.0,2.3,4,1.481,No
MRD-100648,2026-02-02,C60912,Corporate,Delhi NCR,Delhi NCR,Marketplace,Credit Card,Electronics,30,5096.77,8.1,140517.95,8.1,1.7,4,1.734,No
MRD-102452,2026-02-02,C17191,Corporate,Mumbai,Mumbai West,Website,UPI,Home & Kitchen,37,3378.46,25.0,93752.26,18.7,3.4,4,2.562,No
MRD-101499,2026-02-02,C69191,Retail,Mumbai,Mumbai West,Mobile App,Cash on Delivery,Electronics,2,4020.03,0.0,8040.06,7.2,2.6,4,1.29,No
MRD-103905,2026-02-02,C43506,Retail,Mumbai,Mumbai West,Mobile App,UPI,Grocery,4,211.13,10.0,760.07,3.2,3.3,4,2.502,No
MRD-101826,2026-02-02,C73240,Retail,Mumbai,Mumbai West,Mobile App,UPI,Apparel,1,1103.07,0.0,1103.07,34.6,3.1,3,1.783,No
MRD-100001,2026-02-02,C24548,Retail,Bengaluru,Bengaluru South,Website,UPI,Grocery,1,152.33,20.0,121.86,2.1,4.0,4,2.005,No
MRD-100442,2026-02-02,C72926,Retail,Bengaluru,Bengaluru South,Mobile App,Cash on Delivery,Grocery,2,204.12,15.0,347.0,3.1,1.4,3,2.647,No
MRD-100846,2026-02-02,C14664,Retail,Mumbai,Mumbai West,Marketplace,UPI,Grocery,1,204.58,0.0,204.58,7.3,3.6,3,1.996,No
MRD-101346,2026-02-02,C54844,Retail,Mumbai,Mumbai West,Mobile App,UPI,Electronics,2,10759.93,15.0,18291.88,11.4,3.3,5,2.881,No
MRD-103793,2026-02-02,C14505,Retail,Mumbai,Mumbai West,Mobile App,Credit Card,Grocery,2,229.08,20.0,366.53,5.3,3.8,5,1.0,No
MRD-102364,2026-02-03,C55642,Retail,Bengaluru,Bengaluru South,Mobile App,UPI,Electronics,2,6124.84,20.0,9799.74,8.7,3.8,2,2.226,Yes
MRD-101521,2026-02-03,C49789,Retail,Delhi NCR,Delhi NCR,Mobile App,Credit Card,Apparel,1,1184.66,10.0,1066.19,32.2,1.8,5,1.722,No
MRD-101414,2026-02-03,C49139,Retail,Delhi NCR,Delhi NCR,Website,UPI,Electronics,2,2392.38,5.0,4545.52,6.5,6.0,2,2.149,No
MRD-102043,2026-02-03,C17012,Retail,Delhi NCR,Delhi NCR,Mobile App,Cash on Delivery,Electronics,2,12609.76,0.0,25219.52,5.8,1.0,5,2.454,No
MRD-101259,2026-02-03,C81931,Retail,Mumbai,Mumbai West,Mobile App,UPI,Grocery,4,205.44,0.0,821.76,3.6,2.9,5,1.825,No
MRD-100718,2026-02-03,C29733,Retail,Mumbai,Mumbai West,Mobile App,Debit Card,Grocery,3,255.68,15.0,651.98,3.7,2.5,5,2.02,No
MRD-103836,2026-02-03,C85516,Retail,Bengaluru,Bengaluru South,Marketplace,Credit Card,Electronics,2,19174.92,10.0,34514.86,7.2,5.7,5,2.021,No
MRD-103537,2026-02-03,C62468,Retail,Mumbai,Mumbai West,Website,Credit Card,Electronics,3,3136.56,0.0,9409.68,7.0,3.2,4,1.814,No
MRD-102408,2026-02-03,C30551,Retail,Mumbai,Mumbai West,Website,UPI,Apparel,2,700.69,20.0,1121.1,40.8,2.9,5,2.153,No
MRD-101554,2026-02-03,C35057,Retail,Mumbai,Mumbai West,Website,Cash on Delivery,Home & Kitchen,1,2592.22,0.0,2592.22,15.2,3.4,5,2.202,No
MRD-102317,2026-02-03,C26872,Retail,Bengaluru,Bengaluru South,Mobile App,Credit Card,Grocery,4,154.57,15.0,525.54,6.6,1.8,5,2.056,No
MRD-102859,2026-02-03,C17417,Retail,Bengaluru,Bengaluru South,Mobile App,Net Banking,Grocery,1,135.12,20.0,108.1,3.8,1.0,5,1.756,No
MRD-104183,2026-02-03,C86672,Retail,Bengaluru,Bengaluru South,Mobile App,Debit Card,Apparel,2,844.32,20.0,1350.91,30.5,3.3,5,1.622,Yes
MRD-100482,2026-02-03,C76203,Retail,Mumbai,Mumbai West,Mobile App,Debit Card,Grocery,1,185.77,20.0,148.62,5.3,2.7,4,1.768,No
MRD-103790,2026-02-03,C47148,Corporate,Bengaluru,Bengaluru South,Mobile App,Credit Card,Apparel,16,854.9,24.7,10299.84,25.0,3.3,5,1.781,No
MRD-102311,2026-02-03,C41920,Retail,Mumbai,Mumbai West,Mobile App,UPI,Home & Kitchen,1,3023.65,15.0,2570.1,13.3,3.9,5,2.248,No
MRD-100216,2026-02-03,C64431,Retail,Delhi NCR,Delhi NCR,Website,Credit Card,Beauty,3,443.41,0.0,1330.23,30.4,1.5,2,1.58,Yes
MRD-101729,2026-02-03,C57236,Retail,Mumbai,Mumbai West,Mobile App,Credit Card,Beauty,3,1111.94,0.0,3335.82,24.3,3.1,5,1.487,No
MRD-101139,2026-02-03,C15211,Retail,Mumbai,Mumbai West,Mobile App,UPI,Home & Kitchen,2,3832.78,15.0,6515.73,15.7,3.5,1,1.544,No
MRD-104595,2026-02-03,C22672,Retail,Bengaluru,Bengaluru South,Website,UPI,Beauty,2,1114.71,0.0,2229.42,32.6,5.0,1,2.61,No
MRD-102679,2026-02-03,C14746,Retail,Mumbai,Mumbai West,Mobile App,Credit Card,Electronics,4,2467.79,10.0,8884.04,11.2,3.8,4,2.915,No
MRD-102619,2026-02-04,C46855,Retail,Mumbai,Mumbai West,Website,Net Banking,Apparel,5,1144.06,0.0,5720.3,26.8,3.6,5,1.152,No
MRD-101708,2026-02-04,C60939,Retail,Bengaluru,Bengaluru South,Mobile App,Debit Card,Home & Kitchen,2,1422.61,5.0,2702.96,21.0,3.3,1,1.873,No
MRD-101492,2026-02-04,C91804,Retail,Mumbai,Mumbai West,Mobile App,Debit Card,Apparel,2,2646.13,10.0,4763.03,25.5,3.5,1,2.314,Yes
MRD-102234,2026-02-04,C44191,Retail,Mumbai,Mumbai West,Mobile App,Wallet,Apparel,3,1810.78,5.0,5160.72,38.0,2.5,5,1.62,Yes
MRD-102193,2026-02-04,C34060,Retail,Mumbai,Mumbai West,Website,Wallet,Home & Kitchen,3,943.72,0.0,2831.16,21.2,3.8,2,2.1,No
MRD-104092,2026-02-04,C45835,Retail,Mumbai,Mumbai West,Website,UPI,Electronics,1,6361.93,0.0,6361.93,9.2,3.4,4,2.072,No
MRD-104122,2026-02-04,C34302,Retail,Mumbai,Mumbai West,Website,Credit Card,Grocery,2,236.28,0.0,472.56,3.8,3.3,1,1.91,Yes
MRD-102633,2026-02-04,C76968,Retail,Delhi NCR,Delhi NCR,Mobile App,Credit Card,Home & Kitchen,2,759.51,10.0,1367.12,17.5,1.0,1,1.844,Yes
MRD-100319,2026-02-04,C24131,Retail,Delhi NCR,Delhi NCR,Mobile App,Cash on Delivery,Grocery,1,165.66,0.0,165.66,7.0,1.9,5,1.186,Yes
MRD-101930,2026-02-04,C38492,Retail,Mumbai,Mumbai West,Website,UPI,Beauty,2,562.88,0.0,1125.76,24.0,3.7,5,1.979,No
MRD-102437,2026-02-04,C53603,Retail,Bengaluru,Bengaluru South,Website,Cash on Delivery,Electronics,1,3241.06,10.0,2916.95,6.0,2.7,4,1.195,No
MRD-104397,2026-02-04,C20466,Retail,Mumbai,Mumbai West,Website,UPI,Home & Kitchen,1,1608.35,15.0,1367.1,19.6,2.9,5,2.765,No
MRD-103520,2026-02-04,C50737,Retail,Delhi NCR,Delhi NCR,Mobile App,Credit Card,Electronics,2,3548.93,0.0,7097.86,11.2,5.9,4,2.271,No
MRD-102044,2026-02-04,C60256,Retail,Bengaluru,Bengaluru South,Mobile App,Credit Card,Grocery,3,192.03,0.0,576.09,1.8,5.8,5,1.471,No
MRD-104604,2026-02-04,C60999,Retail,Bengaluru,Bengaluru South,Website,Credit Card,Beauty,1,756.79,15.0,643.27,26.2,5.2,4,0.968,No
MRD-100388,2026-02-04,C88205,Retail,Mumbai,Mumbai West,Mobile App,Credit Card,Grocery,2,204.07,0.0,408.14,2.5,3.3,5,2.394,No
MRD-102377,2026-02-05,C55473,Retail,Mumbai,Mumbai West,Mobile App,UPI,Apparel,2,677.17,0.0,1354.34,33.1,2.8,5,1.853,No
MRD-101068,2026-02-05,C35191,Corporate,Delhi NCR,Delhi NCR,Mobile App,Net Banking,Electronics,36,2897.38,8.2,95752.61,9.8,8.6,5,1.697,No
MRD-104150,2026-02-05,C29436,Retail,Mumbai,Mumbai West,Mobile App,Net Banking,Electronics,1,1204.95,0.0,1204.95,7.0,3.5,4,1.8,No
MRD-101912,2026-02-05,C49675,Corporate,Bengaluru,Bengaluru South,Website,UPI,Beauty,32,566.11,24.9,13604.76,38.0,2.0,5,1.726,No
MRD-104438,2026-02-05,C82594,Retail,Delhi NCR,Delhi NCR,Website,UPI,Apparel,2,930.81,5.0,1768.54,29.7,6.2,4,2.035,Yes
MRD-102981,2026-02-05,C55767,Retail,Mumbai,Mumbai West,Marketplace,Debit Card,Apparel,2,734.12,20.0,1174.59,32.1,3.5,4,1.643,No
MRD-101801,2026-02-05,C72643,Retail,Bengaluru,Bengaluru South,Website,Debit Card,Electronics,2,10468.56,10.0,18843.41,7.2,5.1,5,1.26,No
MRD-103965,2026-02-05,C67665,Retail,Mumbai,Mumbai West,Mobile App,UPI,Beauty,2,683.97,0.0,1367.94,23.9,2.5,4,1.941,No
MRD-104856,2026-02-05,C26578,Corporate,Mumbai,Mumbai West,Mobile App,Debit Card,Apparel,32,802.11,24.9,19276.31,31.4,3.2,3,1.938,No
MRD-101321,2026-02-05,C30694,Corporate,Delhi NCR,Delhi NCR,Mobile App,Credit Card,Apparel,27,1134.76,18.7,24909.12,25.0,1.0,4,1.735,No
MRD-102331,2026-02-05,C39285,Retail,Bengaluru,Bengaluru South,Mobile App,UPI,Apparel,1,1598.58,5.0,1518.65,31.8,4.0,5,1.649,No
MRD-100029,2026-02-05,C15043,Corporate,Mumbai,Mumbai West,Website,Cash on Delivery,Electronics,30,2017.96,8.7,55271.92,8.0,4.2,1,1.738,Yes
MRD-100030,2026-02-05,C88647,Retail,Delhi NCR,Delhi NCR,Marketplace,Credit Card,Grocery,1,340.59,5.0,323.56,6.8,3.0,4,1.855,No
MRD-101559,2026-02-05,C37491,Retail,Bengaluru,Bengaluru South,Mobile App,UPI,Apparel,2,509.39,15.0,865.96,23.1,1.9,1,2.104,No
MRD-103373,2026-02-05,C20032,Retail,Bengaluru,Bengaluru South,Mobile App,UPI,Grocery,3,166.3,5.0,473.96,4.3,2.7,5,1.428,No
MRD-102850,2026-02-05,C85985,Retail,Mumbai,Mumbai West,Mobile App,Debit Card,Electronics,1,2277.67,0.0,2277.67,5.8,3.1,4,1.216,No
MRD-101415,2026-02-05,C34751,Retail,Bengaluru,Bengaluru South,Mobile App,Cash on Delivery,Home & Kitchen,2,2117.32,0.0,4234.64,21.2,2.3,5,1.864,No
MRD-103401,2026-02-05,C87732,Corporate,Delhi NCR,Delhi NCR,Mobile App,Net Banking,Grocery,26,168.22,9.0,3980.09,1.7,5.4,3,2.087,No
MRD-103835,2026-02-05,C62553,Retail,Bengaluru,Bengaluru South,Mobile App,Credit Card,Grocery,3,167.33,0.0,501.99,3.2,1.9,4,1.703,No
MRD-102753,2026-02-05,C66599,Retail,Delhi NCR,Delhi NCR,Mobile App,UPI,Home & Kitchen,4,1100.85,20.0,3522.72,14.2,3.0,4,1.932,No
MRD-100402,2026-02-05,C35785,Retail,Mumbai,Mumbai West,Website,Credit Card,Apparel,1,856.12,5.0,813.31,26.4,3.6,1,1.909,No
MRD-100049,2026-02-05,C73906,Corporate,Bengaluru,Bengaluru South,Website,Cash on Delivery,Electronics,27,4081.19,17.5,90908.51,3.6,3.7,5,1.843,No
MRD-103863,2026-02-06,C82061,Retail,Bengaluru,Bengaluru South,Website,Debit Card,Apparel,4,1827.69,0.0,7310.76,39.2,5.4,4,1.929,No
MRD-103794,2026-02-06,C24772,Retail,Mumbai,Mumbai West,Mobile App,UPI,Grocery,2,255.98,10.0,460.76,2.4,3.7,4,0.969,No
MRD-103108,2026-02-06,C33105,Retail,Mumbai,Mumbai West,Marketplace,UPI,Apparel,1,551.52,0.0,551.52,39.5,3.2,5,2.594,Yes
MRD-103435,2026-02-06,C14538,Retail,Bengaluru,Bengaluru South,Mobile App,UPI,Home & Kitchen,2,1725.84,5.0,3279.1,13.8,3.8,5,1.596,No
MRD-102601,2026-02-06,C80320,Corporate,Bengaluru,Bengaluru South,Mobile App,Credit Card,Home & Kitchen,29,969.21,15.9,23638.06,16.6,5.0,4,1.098,No
MRD-100522,2026-02-06,C36149,Retail,Mumbai,Mumbai West,Mobile App,Debit Card,Beauty,1,699.66,0.0,699.66,23.8,2.5,4,2.192,No
MRD-100941,2026-02-06,C22986,Retail,Mumbai,Mumbai West,Marketplace,UPI,Apparel,2,1523.66,0.0,3047.32,26.2,3.3,5,1.825,No
MRD-102006,2026-02-06,C11479,Retail,Mumbai,Mumbai West,Website,UPI,Grocery,2,247.35,0.0,494.7,3.2,4.1,5,2.032,No
MRD-100276,2026-02-06,C67690,Retail,Bengaluru,Bengaluru South,Mobile App,Debit Card,Electronics,2,2747.09,0.0,5494.18,7.8,1.5,5,1.611,No
MRD-103598,2026-02-06,C53976,Retail,Delhi NCR,Delhi NCR,Mobile App,Cash on Delivery,Electronics,1,7565.54,20.0,6052.43,8.7,3.3,4,1.537,No
MRD-102680,2026-02-06,C34709,Retail,Mumbai,Mumbai West,Marketplace,UPI,Apparel,2,597.05,5.0,1134.39,28.7,2.2,2,1.975,Yes
MRD-103968,2026-02-06,C18044,Retail,Mumbai,Mumbai West,Website,UPI,Electronics,1,1181.04,0.0,1181.04,5.6,3.7,5,1.477,No
MRD-100581,2026-02-06,C20963,Retail,Mumbai,Mumbai West,Mobile App,Cash on Delivery,Beauty,1,1240.24,0.0,1240.24,31.3,3.8,1,1.23,No
MRD-100995,2026-02-06,C76407,Retail,Mumbai,Mumbai West,Website,Cash on Delivery,Grocery,1,145.31,0.0,145.31,2.9,2.7,5,1.517,No
MRD-103124,2026-02-06,C40357,Corporate,Delhi NCR,Delhi NCR,Mobile App,UPI,Home & Kitchen,34,782.69,21.0,21023.05,9.5,2.3,4,1.965,No
MRD-101227,2026-02-06,C37802,Retail,Mumbai,Mumbai West,Mobile App,UPI,Grocery,3,333.81,0.0,1001.43,1.2,3.4,3,1.13,Yes
MRD-101101,2026-02-06,C71621,Retail,Mumbai,Mumbai West,Mobile App,UPI,Apparel,1,1647.45,0.0,1647.45,30.4,4.3,4,1.603,No
MRD-104820,2026-02-06,C70982,Retail,Delhi NCR,Delhi NCR,Website,UPI,Electronics,4,5534.89,10.0,19925.6,7.9,1.0,2,1.093,No
MRD-103929,2026-02-07,C60738,Retail,Bengaluru,Bengaluru South,Mobile App,Cash on Delivery,Home & Kitchen,4,1514.92,0.0,6059.68,16.2,1.2,5,2.548,No
MRD-103058,2026-02-07,C56735,Retail,Bengaluru,Bengaluru South,Website,UPI,Apparel,1,550.21,10.0,495.19,36.5,2.0,5,1.505,No
MRD-102036,2026-02-07,C54433,Retail,Mumbai,Mumbai West,Mobile App,UPI,Grocery,3,235.83,10.0,636.74,4.3,3.4,4,1.991,No
MRD-102125,2026-02-07,C44596,Retail,Mumbai,Mumbai West,Marketplace,Net Banking,Home & Kitchen,1,1485.02,10.0,1336.52,23.0,2.4,5,2.142,No
MRD-104430,2026-02-07,C73007,Retail,Delhi NCR,Delhi NCR,Website,UPI,Home & Kitchen,2,2524.35,0.0,5048.7,19.3,1.0,5,1.83,No
MRD-101186,2026-02-07,C80324,Retail,Mumbai,Mumbai West,Marketplace,Cash on Delivery,Home & Kitchen,1,3135.08,10.0,2821.57,24.7,3.2,5,2.281,No
MRD-102875,2026-02-07,C22747,Retail,Delhi NCR,Delhi NCR,Mobile App,UPI,Grocery,1,379.98,0.0,379.98,4.0,1.3,3,1.139,No
MRD-100876,2026-02-07,C89584,Corporate,Mumbai,Mumbai West,Mobile App,Credit Card,Grocery,25,258.54,22.1,5035.07,3.9,3.3,4,2.407,No
MRD-103660,2026-02-08,C90584,Retail,Bengaluru,Bengaluru South,Marketplace,Cash on Delivery,Home & Kitchen,1,2018.13,10.0,1816.32,11.3,2.3,4,2.311,No
MRD-102888,2026-02-08,C65815,Retail,Delhi NCR,Delhi NCR,Mobile App,Cash on Delivery,Home & Kitchen,1,1672.75,0.0,1672.75,15.0,5.4,4,1.995,No
MRD-100449,2026-02-08,C33837,Retail,Delhi NCR,Delhi NCR,Mobile App,Net Banking,Apparel,2,1007.9,0.0,2015.8,30.1,1.7,4,1.625,Yes
MRD-103566,2026-02-08,C54313,Retail,Mumbai,Mumbai West,Mobile App,UPI,Electronics,2,3358.9,0.0,6717.8,11.1,4.1,4,2.235,No
MRD-100292,2026-02-08,C58142,Retail,Bengaluru,Bengaluru South,Website,UPI,Apparel,1,673.49,5.0,639.82,43.7,2.1,3,1.762,Yes
MRD-104195,2026-02-08,C21469,Retail,Mumbai,Mumbai West,Mobile App,Net Banking,Beauty,2,457.57,0.0,915.14,30.9,3.1,1,1.594,No
MRD-104330,2026-02-08,C58396,Retail,Delhi NCR,Delhi NCR,Mobile App,UPI,Apparel,2,1952.33,20.0,3123.73,38.8,2.1,4,2.253,No
MRD-104250,2026-02-08,C30961,Retail,Mumbai,Mumbai West,Marketplace,Credit Card,Grocery,1,320.96,5.0,304.91,2.4,3.0,2,1.702,Yes
MRD-104324,2026-02-08,C77129,Retail,Mumbai,Mumbai West,Marketplace,UPI,Grocery,1,238.05,10.0,214.24,2.4,3.3,5,1.816,No
MRD-103979,2026-02-08,C46456,Retail,Mumbai,Mumbai West,Marketplace,UPI,Apparel,4,850.63,10.0,3062.27,42.4,3.7,4,1.92,No
MRD-100794,2026-02-08,C88537,Retail,Bengaluru,Bengaluru South,Website,UPI,Grocery,3,216.27,5.0,616.37,4.3,2.0,4,2.082,Yes
MRD-103927,2026-02-08,C76169,Retail,Delhi NCR,Delhi NCR,Mobile App,UPI,Apparel,2,1310.17,20.0,2096.27,27.9,5.3,3,1.26,No
MRD-100436,2026-02-08,C35599,Retail,Mumbai,Mumbai West,Website,UPI,Home & Kitchen,3,1198.95,15.0,3057.32,21.5,3.6,2,2.482,No
MRD-102826,2026-02-08,C75640,Retail,Delhi NCR,Delhi NCR,Mobile App,UPI,Grocery,1,155.98,0.0,155.98,3.7,2.5,5,2.051,No
MRD-101755,2026-02-08,C83515,Retail,Mumbai,Mumbai West,Marketplace,Credit Card,Grocery,3,181.89,0.0,545.67,3.7,3.5,3,2.399,No
MRD-100653,2026-02-08,C62507,Retail,Delhi NCR,Delhi NCR,Marketplace,Wallet,Grocery,1,226.43,10.0,203.79,3.5,2.6,5,1.473,No
MRD-100318,2026-02-08,C33164,Corporate,Bengaluru,Bengaluru South,Mobile App,Wallet,Electronics,23,5484.38,12.2,110751.57,10.3,2.3,1,2.523,Yes
MRD-104667,2026-02-09,C26070,Retail,Bengaluru,Bengaluru South,Mobile App,Credit Card,Grocery,1,226.41,15.0,192.45,3.5,2.0,1,1.155,Yes
MRD-101170,2026-02-09,C77591,Corporate,Mumbai,Mumbai West,Mobile App,UPI,Grocery,28,170.11,21.4,3743.78,1.9,4.0,5,2.121,No
MRD-101079,2026-02-09,C20693,Retail,Bengaluru,Bengaluru South,Mobile App,Credit Card,Electronics,2,11338.52,0.0,22677.04,8.2,3.4,4,1.599,No
MRD-101598,2026-02-09,C94957,Retail,Bengaluru,Bengaluru South,Mobile App,Credit Card,Grocery,2,177.71,20.0,284.34,5.2,3.3,1,1.459,Yes
MRD-100372,2026-02-09,C76334,Corporate,Bengaluru,Bengaluru South,Mobile App,UPI,Grocery,23,229.81,24.4,3995.94,2.7,1.7,3,1.525,No
MRD-101447,2026-02-09,C92409,Retail,Delhi NCR,Delhi NCR,Mobile App,Cash on Delivery,Grocery,2,293.5,15.0,498.95,3.5,2.4,1,1.296,No
MRD-102821,2026-02-09,C12649,Retail,Bengaluru,Bengaluru South,Website,Credit Card,Grocery,4,183.91,20.0,588.51,1.4,5.4,1,1.515,No
MRD-103850,2026-02-09,C61519,Retail,Delhi NCR,Delhi NCR,Website,Cash on Delivery,Electronics,4,3507.14,15.0,11924.28,8.3,2.2,5,1.821,No
MRD-100264,2026-02-09,C14908,Retail,Delhi NCR,Delhi NCR,Website,Credit Card,Apparel,1,830.26,10.0,747.23,34.8,1.9,5,1.492,Yes
MRD-100525,2026-02-09,C76707,Retail,Delhi NCR,Delhi NCR,Marketplace,Debit Card,Electronics,1,3803.66,20.0,3042.93,11.0,4.4,1,2.281,Yes
MRD-102024,2026-02-09,C75492,Retail,Bengaluru,Bengaluru South,Mobile App,Credit Card,Electronics,1,3291.5,0.0,3291.5,5.1,4.1,5,1.986,No
MRD-103034,2026-02-09,C71528,Retail,Bengaluru,Bengaluru South,Mobile App,Debit Card,Home & Kitchen,1,3289.72,20.0,2631.78,19.2,2.2,5,1.761,No
MRD-103188,2026-02-09,C15900,Retail,Delhi NCR,Delhi NCR,Mobile App,Credit Card,Apparel,3,502.31,20.0,1205.54,38.0,1.0,4,1.754,Yes
MRD-103224,2026-02-10,C18188,Corporate,Mumbai,Mumbai West,Website,Credit Card,Apparel,33,1208.03,20.7,31612.94,28.0,3.7,4,2.03,No
MRD-102158,2026-02-10,C80941,Retail,Mumbai,Mumbai West,Marketplace,Credit Card,Grocery,1,316.36,15.0,268.91,5.7,3.4,5,2.164,No
MRD-100848,2026-02-10,C90274,Retail,Mumbai,Mumbai West,Mobile App,UPI,Grocery,2,282.87,15.0,480.88,4.6,3.5,3,2.089,No
MRD-103309,2026-02-10,C22544,Retail,Bengaluru,Bengaluru South,Website,UPI,Home & Kitchen,1,1590.59,0.0,1590.59,9.0,4.4,1,2.121,No
MRD-104084,2026-02-10,C30020,Retail,Mumbai,Mumbai West,Mobile App,Credit Card,Electronics,2,5747.75,10.0,10345.95,2.6,3.8,4,2.295,No
MRD-103597,2026-02-10,C81782,Corporate,Bengaluru,Bengaluru South,Mobile App,Debit Card,Home & Kitchen,32,2465.36,8.1,72501.31,18.4,3.9,5,2.197,No
MRD-100568,2026-02-10,C54697,Retail,Bengaluru,Bengaluru South,Marketplace,Credit Card,Electronics,3,4813.5,10.0,12996.45,7.0,1.4,4,1.034,No
MRD-103782,2026-02-10,C83468,Retail,Bengaluru,Bengaluru South,Mobile App,UPI,Home & Kitchen,2,1441.42,5.0,2738.7,18.5,2.1,1,1.218,No
MRD-100816,2026-02-10,C18821,Retail,Bengaluru,Bengaluru South,Website,Net Banking,Electronics,2,1587.22,5.0,3015.72,10.8,3.9,5,1.475,No
MRD-102781,2026-02-10,C33304,Corporate,Delhi NCR,Delhi NCR,Website,Cash on Delivery,Apparel,30,1006.23,12.1,26534.29,23.5,5.3,1,1.419,Yes
MRD-104210,2026-02-10,C78759,Retail,Bengaluru,Bengaluru South,Website,Credit Card,Apparel,1,921.57,10.0,829.41,40.6,4.3,5,1.98,No
MRD-102591,2026-02-10,C46489,Retail,Bengaluru,Bengaluru South,Website,Debit Card,Electronics,1,10624.31,20.0,8499.45,6.2,3.8,1,2.306,Yes
MRD-102857,2026-02-10,C76090,Retail,Mumbai,Mumbai West,Mobile App,UPI,Apparel,1,704.22,0.0,704.22,33.3,2.4,5,2.597,Yes
MRD-104878,2026-02-10,C97772,Retail,Bengaluru,Bengaluru South,Website,UPI,Electronics,1,2719.86,15.0,2311.88,8.9,6.3,5,2.244,No
MRD-102726,2026-02-10,C46054,Retail,Delhi NCR,Delhi NCR,Website,Credit Card,Beauty,2,834.89,0.0,1669.78,30.9,2.6,1,2.063,No
MRD-101302,2026-02-10,C25219,Retail,Delhi NCR,Delhi NCR,Website,UPI,Apparel,1,1743.67,10.0,1569.3,26.4,3.9,5,2.923,No
MRD-104140,2026-02-10,C75457,Retail,Mumbai,Mumbai West,Website,Credit Card,Electronics,3,1850.12,0.0,5550.36,3.0,3.1,3,0.971,No
MRD-100178,2026-02-10,C60647,Retail,Mumbai,Mumbai West,Mobile App,Cash on Delivery,Electronics,2,4738.7,0.0,9477.4,8.2,2.8,2,2.346,No
MRD-102843,2026-02-10,C82623,Retail,Bengaluru,Bengaluru South,Marketplace,UPI,Grocery,1,277.73,0.0,277.73,0.8,4.2,5,2.028,No
MRD-104776,2026-02-10,C92214,Retail,Mumbai,Mumbai West,Mobile App,Credit Card,Home & Kitchen,3,891.04,0.0,2673.12,29.0,2.8,4,1.686,No
MRD-101448,2026-02-11,C36727,Retail,Bengaluru,Bengaluru South,Website,Credit Card,Home & Kitchen,2,1821.71,0.0,3643.42,18.6,3.7,4,2.288,Yes
MRD-100875,2026-02-11,C76568,Retail,Delhi NCR,Delhi NCR,Marketplace,Debit Card,Grocery,1,222.69,0.0,222.69,1.6,1.0,5,2.036,No
MRD-100518,2026-02-11,C73036,Retail,Mumbai,Mumbai West,Mobile App,Net Banking,Grocery,2,250.35,0.0,500.7,3.4,3.0,4,2.424,No
MRD-100973,2026-02-11,C40108,Retail,Bengaluru,Bengaluru South,Mobile App,Cash on Delivery,Electronics,2,4793.93,20.0,7670.29,7.8,3.4,5,1.579,No
MRD-102879,2026-02-11,C44417,Retail,Mumbai,Mumbai West,Website,UPI,Apparel,2,545.03,15.0,926.55,31.2,4.3,4,2.328,No
MRD-100563,2026-02-11,C22982,Corporate,Bengaluru,Bengaluru South,Website,Debit Card,Grocery,25,236.58,27.3,4299.84,3.2,3.2,5,2.229,No
MRD-101199,2026-02-11,C80862,Retail,Mumbai,Mumbai West,Mobile App,Wallet,Grocery,2,123.17,0.0,246.34,6.0,3.1,2,1.896,No
MRD-103947,2026-02-11,C81623,Retail,Bengaluru,Bengaluru South,Mobile App,Net Banking,Apparel,1,459.34,0.0,459.34,39.4,2.8,5,2.165,No
MRD-102688,2026-02-11,C24871,Corporate,Mumbai,Mumbai West,Marketplace,UPI,Apparel,34,658.79,13.7,19330.22,26.3,2.5,5,2.259,No
MRD-104686,2026-02-11,C13936,Retail,Mumbai,Mumbai West,Mobile App,UPI,Home & Kitchen,1,1000.02,15.0,850.02,13.7,3.9,5,1.817,No
MRD-103055,2026-02-11,C94730,Retail,Mumbai,Mumbai West,Marketplace,Cash on Delivery,Home & Kitchen,1,1450.73,15.0,1233.12,17.9,2.9,1,2.282,No
MRD-104699,2026-02-11,C39677,Retail,Delhi NCR,Delhi NCR,Mobile App,Credit Card,Grocery,1,205.33,15.0,174.53,4.0,3.4,4,1.586,No
MRD-104278,2026-02-11,C69290,Retail,Mumbai,Mumbai West,Mobile App,UPI,Apparel,2,609.23,0.0,1218.46,28.6,3.5,4,2.178,No
MRD-103768,2026-02-11,C50575,Retail,Mumbai,Mumbai West,Mobile App,UPI,Electronics,1,1992.71,15.0,1693.8,7.2,3.3,1,1.468,Yes
MRD-104269,2026-02-11,C57369,Retail,Mumbai,Mumbai West,Mobile App,Debit Card,Home & Kitchen,1,1787.07,0.0,1787.07,24.2,3.3,4,1.981,No
MRD-100934,2026-02-11,C33177,Retail,Mumbai,Mumbai West,Website,Cash on Delivery,Beauty,1,1207.59,5.0,1147.21,29.0,3.4,4,1.272,No
MRD-103497,2026-02-11,C46970,Retail,Mumbai,Mumbai West,Website,UPI,Grocery,2,234.14,0.0,468.28,6.1,4.2,4,1.565,No
MRD-104763,2026-02-12,C52705,Retail,Bengaluru,Bengaluru South,Mobile App,UPI,Home & Kitchen,1,1779.47,5.0,1690.5,17.7,1.1,5,2.133,No
MRD-102064,2026-02-12,C34913,Retail,Mumbai,Mumbai West,Website,Credit Card,Grocery,2,191.04,0.0,382.08,5.3,3.9,5,1.95,No
MRD-101823,2026-02-12,C92263,Retail,Bengaluru,Bengaluru South,Mobile App,Debit Card,Beauty,2,1143.58,20.0,1829.73,14.3,5.9,4,1.949,No
MRD-102192,2026-02-12,C70234,Corporate,Bengaluru,Bengaluru South,Website,Cash on Delivery,Beauty,25,780.53,16.9,16215.51,19.6,5.2,1,2.266,No
MRD-103538,2026-02-12,C87006,Retail,Delhi NCR,Delhi NCR,Marketplace,Debit Card,Apparel,1,587.93,15.0,499.74,36.2,2.6,4,1.722,No
MRD-100389,2026-02-12,C38102,Corporate,Delhi NCR,Delhi NCR,Mobile App,UPI,Grocery,28,146.49,25.3,3063.98,3.5,30.1,1,1.572,No
MRD-100717,2026-02-12,C92015,Retail,Mumbai,Mumbai West,Mobile App,Net Banking,Apparel,2,1047.98,0.0,2095.96,32.3,3.6,4,2.643,No
MRD-102814,2026-02-12,C30286,Retail,Bengaluru,Bengaluru South,Marketplace,UPI,Grocery,1,224.1,0.0,224.1,4.4,4.9,4,1.098,No
MRD-104636,2026-02-12,C13151,Retail,Bengaluru,Bengaluru South,Website,Cash on Delivery,Electronics,2,3030.22,0.0,6060.44,8.4,1.0,4,1.973,No
MRD-104897,2026-02-12,C31586,Retail,Mumbai,Mumbai West,Website,UPI,Grocery,1,282.32,10.0,254.09,5.0,3.9,5,1.785,No
MRD-103732,2026-02-12,C60780,Retail,Delhi NCR,Delhi NCR,Mobile App,Credit Card,Beauty,1,451.59,5.0,429.01,29.0,1.0,4,0.858,No
MRD-103051,2026-02-12,C18234,Retail,Mumbai,Mumbai West,Mobile App,Debit Card,Apparel,1,2048.67,0.0,2048.67,26.7,3.3,5,1.714,Yes
MRD-103774,2026-02-12,C33279,Retail,Mumbai,Mumbai West,Marketplace,UPI,Beauty,1,786.55,0.0,786.55,26.1,2.7,2,1.538,Yes
MRD-103533,2026-02-12,C27323,Retail,Bengaluru,Bengaluru South,Website,Credit Card,Home & Kitchen,2,2627.3,0.0,5254.6,18.1,1.6,4,1.028,No
MRD-102035,2026-02-12,C50763,Retail,Bengaluru,Bengaluru South,Mobile App,Net Banking,Apparel,3,3694.1,10.0,9974.07,29.4,2.4,3,1.811,Yes
MRD-101569,2026-02-12,C72270,Retail,Mumbai,Mumbai West,Mobile App,Debit Card,Home & Kitchen,1,1668.41,5.0,1584.99,21.8,2.7,4,2.167,No
MRD-100217,2026-02-12,C93504,Retail,Mumbai,Mumbai West,Mobile App,Net Banking,Apparel,3,731.66,0.0,2194.98,25.0,2.5,4,1.831,No
MRD-102053,2026-02-12,C82826,Corporate,Mumbai,Mumbai West,Marketplace,UPI,Apparel,25,1086.67,25.7,20184.9,38.9,3.8,4,1.735,No
MRD-100923,2026-02-12,C73246,Corporate,Mumbai,Mumbai West,Mobile App,Cash on Delivery,Beauty,25,604.94,19.7,12144.17,24.7,2.7,2,1.869,No
MRD-100915,2026-02-12,C56178,Retail,Mumbai,Mumbai West,Mobile App,Debit Card,Electronics,2,2558.87,10.0,4605.97,6.9,2.9,4,1.623,No
MRD-104199,2026-02-13,C98727,Retail,Mumbai,Mumbai West,Marketplace,Cash on Delivery,Electronics,1,13737.73,5.0,13050.84,3.3,3.0,3,2.189,No
MRD-102809,2026-02-13,C97338,Retail,Mumbai,Mumbai West,Mobile App,Net Banking,Grocery,1,260.21,20.0,208.17,4.4,4.2,3,2.357,No
MRD-103227,2026-02-13,C94398,Corporate,Mumbai,Mumbai West,Mobile App,UPI,Home & Kitchen,33,1878.62,12.6,54183.16,17.2,2.8,4,2.279,No
MRD-104120,2026-02-13,C16901,Retail,Bengaluru,Bengaluru South,Mobile App,UPI,Grocery,4,204.09,5.0,775.54,0.5,3.5,4,1.967,No
MRD-103801,2026-02-13,C65105,Retail,Mumbai,Mumbai West,Mobile App,UPI,Home & Kitchen,2,1648.45,20.0,2637.52,25.0,2.8,5,1.424,No
MRD-104520,2026-02-13,C78603,Corporate,Bengaluru,Bengaluru South,Website,Cash on Delivery,Apparel,27,704.96,19.4,15341.34,34.4,1.3,5,2.374,No
MRD-100237,2026-02-13,C91995,Retail,Bengaluru,Bengaluru South,Mobile App,Cash on Delivery,Apparel,2,2038.61,15.0,3465.64,41.0,1.6,4,1.935,No
MRD-103150,2026-02-13,C90953,Retail,Mumbai,Mumbai West,Mobile App,Cash on Delivery,Beauty,3,727.95,15.0,1856.27,25.7,3.4,3,1.47,No
MRD-103453,2026-02-13,C12242,Corporate,Mumbai,Mumbai West,Mobile App,UPI,Electronics,20,3367.03,27.1,49091.3,9.2,3.6,5,1.511,No
MRD-104537,2026-02-13,C79234,Corporate,Mumbai,Mumbai West,Mobile App,UPI,Home & Kitchen,32,1852.43,21.4,46592.32,12.4,4.1,2,2.128,No
MRD-101806,2026-02-13,C56664,Retail,Bengaluru,Bengaluru South,Website,UPI,Electronics,2,4131.48,5.0,7849.81,8.6,3.1,5,1.291,No
MRD-102365,2026-02-13,C34260,Retail,Mumbai,Mumbai West,Website,Debit Card,Apparel,2,2413.07,5.0,4584.83,31.3,2.3,4,1.579,No
MRD-100384,2026-02-13,C91553,Corporate,Mumbai,Mumbai West,Mobile App,UPI,Home & Kitchen,18,2669.3,13.4,41609.05,21.2,3.2,5,2.448,No
MRD-103167,2026-02-13,C38995,Retail,Mumbai,Mumbai West,Marketplace,Credit Card,Apparel,1,524.81,20.0,419.85,31.4,3.0,5,2.275,No
MRD-103924,2026-02-13,C65209,Corporate,Mumbai,Mumbai West,Website,UPI,Electronics,23,5101.21,13.5,101488.57,11.9,2.0,4,2.225,No
MRD-101782,2026-02-14,C40244,Corporate,Mumbai,Mumbai West,Mobile App,UPI,Electronics,27,3991.83,26.1,79648.98,7.2,3.5,2,2.156,No
MRD-103244,2026-02-14,C41777,Retail,Delhi NCR,Delhi NCR,Mobile App,Credit Card,Electronics,3,4508.8,5.0,12850.08,8.1,6.9,5,1.402,No
MRD-102763,2026-02-14,C39479,Retail,Bengaluru,Bengaluru South,Mobile App,Credit Card,Electronics,1,6104.37,0.0,6104.37,9.4,3.2,4,1.726,No
MRD-101136,2026-02-14,C14276,Retail,Mumbai,Mumbai West,Mobile App,UPI,Grocery,2,260.63,0.0,521.26,4.9,2.5,5,2.629,No
MRD-104187,2026-02-14,C51223,Retail,Bengaluru,Bengaluru South,Marketplace,UPI,Home & Kitchen,2,1125.79,0.0,2251.58,22.0,1.2,3,1.446,No
MRD-101712,2026-02-14,C74504,Retail,Bengaluru,Bengaluru South,Website,Wallet,Grocery,3,145.08,5.0,413.48,3.0,2.3,2,2.113,Yes
MRD-101780,2026-02-14,C13778,Retail,Mumbai,Mumbai West,Mobile App,Cash on Delivery,Electronics,1,1848.41,0.0,1848.41,8.5,2.3,2,2.005,Yes
MRD-100417,2026-02-14,C13934,Retail,Mumbai,Mumbai West,Website,Debit Card,Electronics,1,4160.41,0.0,4160.41,9.2,3.5,4,2.715,No
MRD-103043,2026-02-14,C41465,Retail,Delhi NCR,Delhi NCR,Marketplace,UPI,Grocery,2,305.51,10.0,549.92,4.9,3.8,5,2.104,No
MRD-104144,2026-02-14,C16925,Corporate,Bengaluru,Bengaluru South,Mobile App,Debit Card,Grocery,28,226.02,20.8,5012.22,3.5,3.9,4,1.815,No
MRD-102419,2026-02-14,C68968,Retail,Bengaluru,Bengaluru South,Mobile App,Debit Card,Home & Kitchen,1,2731.58,10.0,2458.42,17.9,2.3,2,0.916,No
MRD-101242,2026-02-14,C17497,Retail,Mumbai,Mumbai West,Mobile App,UPI,Apparel,3,1320.77,10.0,3566.08,25.7,3.4,4,2.829,No
MRD-101751,2026-02-14,C31872,Retail,Bengaluru,Bengaluru South,Marketplace,Credit Card,Grocery,2,171.87,10.0,309.37,4.9,2.2,3,1.733,No
MRD-104630,2026-02-14,C66418,Retail,Mumbai,Mumbai West,Mobile App,Cash on Delivery,Apparel,2,1989.32,15.0,3381.84,36.0,2.7,5,2.204,No
MRD-104101,2026-02-14,C18090,Retail,Delhi NCR,Delhi NCR,Mobile App,Credit Card,Electronics,1,6945.28,5.0,6598.02,7.6,4.0,5,1.813,No
MRD-104067,2026-02-14,C33868,Retail,Mumbai,Mumbai West,Mobile App,Net Banking,Apparel,2,796.93,0.0,1593.86,31.9,3.8,2,2.393,Yes
MRD-102397,2026-02-14,C10047,Retail,Mumbai,Mumbai West,Website,UPI,Grocery,2,175.2,15.0,297.84,3.2,3.2,1,2.87,No
MRD-104344,2026-02-14,C26354,Retail,Mumbai,Mumbai West,Mobile App,Credit Card,Apparel,1,1281.62,0.0,1281.62,35.0,3.3,2,2.676,Yes
MRD-104200,2026-02-15,C53119,Retail,Bengaluru,Bengaluru South,Mobile App,UPI,Apparel,1,1602.2,20.0,1281.76,29.8,2.5,4,2.003,No
MRD-102026,2026-02-15,C33788,Retail,Delhi NCR,Delhi NCR,Marketplace,UPI,Home & Kitchen,3,1074.75,15.0,2740.61,18.7,2.7,1,2.667,No
MRD-103710,2026-02-15,C62401,Corporate,Mumbai,Mumbai West,Mobile App,UPI,Electronics,26,6689.26,25.3,129918.81,8.8,3.6,1,2.242,No
MRD-104242,2026-02-15,C45206,Retail,Mumbai,Mumbai West,Website,Cash on Delivery,Apparel,2,960.27,5.0,1824.51,30.0,2.7,5,2.063,No
MRD-102866,2026-02-15,C71808,Retail,Mumbai,Mumbai West,Mobile App,UPI,Apparel,1,2073.56,0.0,2073.56,35.4,2.4,5,2.015,No
MRD-100070,2026-02-15,C27318,Corporate,Delhi NCR,Delhi NCR,Mobile App,UPI,Beauty,29,707.87,27.0,14985.61,19.8,3.9,5,1.878,No
MRD-101323,2026-02-15,C11265,Retail,Mumbai,Mumbai West,Mobile App,Credit Card,Beauty,1,942.04,5.0,894.94,24.6,3.1,4,1.673,No
MRD-103667,2026-02-15,C28390,Retail,Mumbai,Mumbai West,Website,UPI,Electronics,1,10522.0,0.0,10522.0,8.2,3.6,5,1.25,No
MRD-100982,2026-02-15,C28435,Retail,Mumbai,Mumbai West,Website,Credit Card,Apparel,2,682.0,15.0,1159.4,31.9,3.3,1,1.734,No
MRD-103542,2026-02-15,C45380,Retail,Bengaluru,Bengaluru South,Mobile App,UPI,Grocery,1,246.6,0.0,246.6,5.8,3.4,5,1.546,No
MRD-100671,2026-02-15,C22838,Retail,Delhi NCR,Delhi NCR,Mobile App,UPI,Electronics,2,3138.36,0.0,6276.72,6.9,2.4,5,2.317,No
MRD-102731,2026-02-16,C85081,Retail,Delhi NCR,Delhi NCR,Mobile App,Wallet,Grocery,1,231.85,10.0,208.66,4.5,5.4,5,2.614,No
MRD-104673,2026-02-16,C34915,Retail,Mumbai,Mumbai West,Marketplace,Credit Card,Home & Kitchen,1,2018.76,10.0,1816.88,18.1,3.3,4,1.797,No
MRD-100601,2026-02-16,C65619,Retail,Bengaluru,Bengaluru South,Website,Cash on Delivery,Electronics,1,7532.16,10.0,6778.94,8.5,1.0,4,1.843,No
MRD-100747,2026-02-16,C28271,Retail,Mumbai,Mumbai West,Mobile App,Net Banking,Apparel,1,1178.73,0.0,1178.73,33.2,3.3,1,2.214,Yes
MRD-104464,2026-02-16,C32531,Retail,Mumbai,Mumbai West,Marketplace,Debit Card,Apparel,1,1365.11,5.0,1296.85,33.9,3.5,5,3.007,No
MRD-101289,2026-02-16,C84745,Retail,Delhi NCR,Delhi NCR,Mobile App,UPI,Electronics,2,1957.18,5.0,3718.64,10.5,1.6,4,1.557,Yes
MRD-100146,2026-02-16,C11890,Retail,Bengaluru,Bengaluru South,Marketplace,Credit Card,Grocery,3,186.36,0.0,559.08,2.1,3.1,5,2.073,No
MRD-100967,2026-02-16,C57807,Retail,Mumbai,Mumbai West,Mobile App,UPI,Grocery,2,204.65,15.0,347.9,6.2,4.2,5,1.745,No
MRD-104826,2026-02-16,C71294,Retail,Mumbai,Mumbai West,Marketplace,Debit Card,Home & Kitchen,2,1158.45,5.0,2201.05,15.9,3.7,2,2.026,No
MRD-100142,2026-02-16,C70195,Retail,Bengaluru,Bengaluru South,Marketplace,Cash on Delivery,Grocery,1,345.37,20.0,276.3,2.9,1.6,4,1.542,No
MRD-102932,2026-02-16,C36209,Retail,Mumbai,Mumbai West,Marketplace,UPI,Grocery,1,355.36,0.0,355.36,6.4,3.0,2,1.317,No
MRD-104359,2026-02-16,C97560,Retail,Bengaluru,Bengaluru South,Mobile App,UPI,Electronics,3,1479.75,0.0,4439.25,3.5,5.6,3,1.259,No
MRD-100092,2026-02-16,C49088,Retail,Mumbai,Mumbai West,Website,Cash on Delivery,Grocery,1,240.97,5.0,228.92,4.9,3.6,4,1.112,No
MRD-103141,2026-02-16,C60601,Corporate,Delhi NCR,Delhi NCR,Mobile App,Net Banking,Electronics,36,3679.97,22.4,102803.64,8.2,2.9,4,2.045,No
MRD-100818,2026-02-16,C19725,Corporate,Delhi NCR,Delhi NCR,Website,Debit Card,Electronics,30,3351.38,14.1,86365.06,5.6,3.9,5,2.079,No
MRD-100400,2026-02-16,C43016,Retail,Mumbai,Mumbai West,Website,Cash on Delivery,Apparel,3,584.34,15.0,1490.07,26.5,3.1,3,1.744,No
MRD-101283,2026-02-17,C96391,Retail,Bengaluru,Bengaluru South,Marketplace,UPI,Apparel,2,529.48,0.0,1058.96,39.8,3.2,4,1.374,No
MRD-103320,2026-02-17,C45893,Retail,Mumbai,Mumbai West,Marketplace,UPI,Beauty,3,555.53,0.0,1666.59,28.9,3.3,4,1.779,No
MRD-103529,2026-02-17,C67077,Retail,Bengaluru,Bengaluru South,Mobile App,Cash on Delivery,Apparel,1,280.63,10.0,252.57,34.6,1.0,4,1.295,No
MRD-100038,2026-02-17,C44881,Retail,Mumbai,Mumbai West,Mobile App,Net Banking,Grocery,2,255.89,5.0,486.19,2.8,3.5,3,2.417,No
MRD-101273,2026-02-17,C73415,Retail,Bengaluru,Bengaluru South,Website,Cash on Delivery,Apparel,3,866.25,0.0,2598.75,26.5,3.2,5,2.823,No
MRD-104655,2026-02-17,C35160,Retail,Bengaluru,Bengaluru South,Website,UPI,Beauty,1,885.62,10.0,797.06,24.5,4.1,3,2.112,No
MRD-103074,2026-02-17,C11447,Retail,Bengaluru,Bengaluru South,Website,UPI,Home & Kitchen,2,2344.58,10.0,4220.24,19.8,1.9,2,0.771,No
MRD-100879,2026-02-17,C76272,Corporate,Mumbai,Mumbai West,Marketplace,Debit Card,Grocery,27,235.01,11.9,5590.18,5.2,2.8,4,2.127,No
MRD-100502,2026-02-17,C36956,Retail,Bengaluru,Bengaluru South,Mobile App,Credit Card,Home & Kitchen,3,2549.54,20.0,6118.9,19.5,2.6,1,1.397,No
MRD-104427,2026-02-17,C96523,Retail,Mumbai,Mumbai West,Mobile App,UPI,Grocery,2,194.02,20.0,310.43,2.6,3.3,5,2.163,No
MRD-100207,2026-02-17,C43598,Corporate,Mumbai,Mumbai West,Marketplace,Net Banking,Grocery,24,229.47,13.9,4741.77,2.3,3.3,4,1.765,No
MRD-101488,2026-02-17,C94535,Retail,Mumbai,Mumbai West,Website,Credit Card,Grocery,2,199.5,10.0,359.1,5.3,3.2,5,1.408,No
MRD-104774,2026-02-17,C40980,Retail,Bengaluru,Bengaluru South,Mobile App,Cash on Delivery,Grocery,1,201.26,15.0,171.07,7.1,3.0,5,1.661,No
MRD-104876,2026-02-17,C94848,Retail,Delhi NCR,Delhi NCR,Mobile App,Credit Card,Apparel,3,516.28,0.0,1548.84,36.6,6.0,4,0.835,No
MRD-102025,2026-02-17,C55059,Retail,Mumbai,Mumbai West,Marketplace,UPI,Apparel,2,696.98,0.0,1393.96,33.8,2.4,2,2.299,No
MRD-100719,2026-02-17,C46196,Retail,Delhi NCR,Delhi NCR,Mobile App,Cash on Delivery,Home & Kitchen,1,781.98,5.0,742.88,18.5,4.4,2,1.333,No
MRD-101810,2026-02-18,C94316,Retail,Bengaluru,Bengaluru South,Mobile App,Wallet,Grocery,2,208.97,15.0,355.25,4.3,3.9,4,1.908,No
MRD-104475,2026-02-18,C49237,Retail,Delhi NCR,Delhi NCR,Mobile App,UPI,Apparel,2,307.46,15.0,522.68,30.8,2.8,5,1.382,Yes
MRD-103000,2026-02-18,C15900,Corporate,Mumbai,Mumbai West,Website,UPI,Beauty,19,654.55,10.1,11180.37,22.5,3.0,4,1.565,No
MRD-104493,2026-02-18,C42962,Retail,Mumbai,Mumbai West,Website,Cash on Delivery,Electronics,4,1824.24,10.0,6567.26,9.4,2.6,4,1.709,No
MRD-104697,2026-02-18,C49757,Retail,Mumbai,Mumbai West,Mobile App,UPI,Electronics,3,5256.36,10.0,14192.17,9.4,3.0,4,1.816,No
MRD-104675,2026-02-18,C25876,Retail,Mumbai,Mumbai West,Website,Cash on Delivery,Apparel,3,1651.0,0.0,4953.0,35.0,3.7,2,1.853,Yes
MRD-103570,2026-02-18,C90151,Retail,Mumbai,Mumbai West,Website,Cash on Delivery,Electronics,1,5181.49,10.0,4663.34,7.6,3.5,5,1.215,No
MRD-101280,2026-02-18,C18288,Corporate,Delhi NCR,Delhi NCR,Website,Cash on Delivery,Electronics,22,1586.29,16.6,29105.25,11.3,1.0,4,1.4,No
MRD-103792,2026-02-18,C64822,Retail,Mumbai,Mumbai West,Mobile App,Net Banking,Electronics,3,1955.97,0.0,5867.91,7.5,3.1,4,1.301,No
MRD-102694,2026-02-18,C41002,Retail,Mumbai,Mumbai West,Marketplace,Cash on Delivery,Home & Kitchen,3,1664.31,20.0,3994.34,23.4,4.0,1,1.505,No
MRD-103166,2026-02-19,C57491,Retail,Bengaluru,Bengaluru South,Mobile App,UPI,Home & Kitchen,1,654.63,5.0,621.9,17.0,3.1,4,2.388,No
MRD-103496,2026-02-19,C86404,Retail,Delhi NCR,Delhi NCR,Marketplace,Credit Card,Electronics,2,4174.39,0.0,8348.78,13.4,4.4,5,1.795,No
MRD-100441,2026-02-19,C61444,Retail,Mumbai,Mumbai West,Mobile App,Cash on Delivery,Apparel,2,1939.36,20.0,3102.98,25.8,3.1,3,2.326,No
MRD-103579,2026-02-19,C46962,Retail,Delhi NCR,Delhi NCR,Mobile App,Wallet,Grocery,2,221.95,0.0,443.9,2.4,4.1,5,1.902,No
MRD-103172,2026-02-19,C86942,Retail,Delhi NCR,Delhi NCR,Website,Credit Card,Electronics,2,4573.07,0.0,9146.14,11.4,3.3,5,1.313,No
MRD-102848,2026-02-19,C54158,Retail,Bengaluru,Bengaluru South,Mobile App,Credit Card,Grocery,3,259.41,5.0,739.32,4.5,2.6,3,2.319,No
MRD-102622,2026-02-19,C51784,Retail,Mumbai,Mumbai West,Mobile App,Cash on Delivery,Apparel,3,1780.89,20.0,4274.14,38.5,2.8,5,1.256,No
MRD-103332,2026-02-19,C95872,Retail,Mumbai,Mumbai West,Mobile App,Net Banking,Electronics,1,4888.65,20.0,3910.92,6.5,3.4,5,2.258,No
MRD-100124,2026-02-19,C52691,Retail,Mumbai,Mumbai West,Mobile App,Debit Card,Grocery,1,177.99,10.0,160.19,1.2,3.8,5,1.914,No
MRD-102473,2026-02-19,C94971,Retail,Mumbai,Mumbai West,Mobile App,UPI,Electronics,1,2950.49,0.0,2950.49,10.6,4.0,1,1.361,Yes
MRD-100385,2026-02-19,C81558,Retail,Delhi NCR,Delhi NCR,Website,Debit Card,Grocery,2,158.27,0.0,316.54,2.9,2.8,1,1.798,No
MRD-103410,2026-02-19,C47220,Retail,Mumbai,Mumbai West,Mobile App,Debit Card,Electronics,3,6470.59,20.0,15529.42,9.9,3.5,5,1.822,Yes
MRD-101595,2026-02-19,C32352,Retail,Bengaluru,Bengaluru South,Website,Credit Card,Electronics,2,4649.5,15.0,7904.15,10.3,5.0,3,1.567,No
MRD-100305,2026-02-19,C48310,Retail,Bengaluru,Bengaluru South,Website,Cash on Delivery,Grocery,2,243.97,10.0,439.15,2.5,4.8,4,1.021,No
MRD-104726,2026-02-20,C32973,Retail,Bengaluru,Bengaluru South,Website,Cash on Delivery,Home & Kitchen,1,979.23,10.0,881.31,15.2,4.9,5,2.002,No
MRD-103153,2026-02-20,C31131,Retail,Bengaluru,Bengaluru South,Mobile App,UPI,Apparel,3,712.64,15.0,1817.23,35.5,2.2,5,1.469,No
MRD-103680,2026-02-20,C51452,Corporate,Mumbai,Mumbai West,Mobile App,UPI,Grocery,34,158.48,25.2,4030.46,4.5,3.7,4,1.305,No
MRD-103940,2026-02-20,C78238,Retail,Mumbai,Mumbai West,Mobile App,Net Banking,Home & Kitchen,4,1352.24,10.0,4868.06,10.9,3.3,5,1.701,No
MRD-101345,2026-02-20,C59590,Retail,Mumbai,Mumbai West,Mobile App,UPI,Electronics,1,4691.67,0.0,4691.67,7.7,2.8,5,2.155,No
MRD-100766,2026-02-20,C71778,Retail,Delhi NCR,Delhi NCR,Mobile App,Credit Card,Electronics,3,7975.4,20.0,19140.96,4.2,3.4,4,2.362,No
MRD-100329,2026-02-20,C12494,Retail,Delhi NCR,Delhi NCR,Mobile App,UPI,Home & Kitchen,4,1957.49,20.0,6263.97,21.6,1.0,5,2.165,No
MRD-101650,2026-02-20,C93692,Retail,Mumbai,Mumbai West,Marketplace,UPI,Apparel,1,894.83,10.0,805.35,32.9,2.8,5,1.416,No
MRD-102066,2026-02-20,C27055,Retail,Mumbai,Mumbai West,Mobile App,Cash on Delivery,Grocery,3,221.93,10.0,599.21,5.9,2.7,4,1.711,No
MRD-100063,2026-02-20,C49562,Retail,Delhi NCR,Delhi NCR,Mobile App,UPI,Apparel,2,694.25,20.0,1110.8,32.5,1.7,4,1.754,Yes
MRD-104136,2026-02-20,C55792,Retail,Mumbai,Mumbai West,Mobile App,Credit Card,Beauty,1,600.24,0.0,600.24,23.6,3.0,4,2.613,No
MRD-100204,2026-02-20,C67526,Retail,Delhi NCR,Delhi NCR,Mobile App,UPI,Grocery,1,246.83,0.0,246.83,3.7,1.8,5,1.846,No
MRD-104873,2026-02-21,C83683,Retail,Delhi NCR,Delhi NCR,Mobile App,Credit Card,Home & Kitchen,2,1679.98,20.0,2687.97,21.3,3.4,5,0.792,No
MRD-100352,2026-02-21,C42542,Retail,Mumbai,Mumbai West,Marketplace,UPI,Home & Kitchen,2,1148.93,15.0,1953.18,11.6,3.0,1,1.742,Yes
MRD-104015,2026-02-21,C41402,Retail,Bengaluru,Bengaluru South,Marketplace,UPI,Electronics,1,2213.66,10.0,1992.29,12.5,1.9,4,1.254,No
MRD-102366,2026-02-21,C68167,Retail,Bengaluru,Bengaluru South,Mobile App,Cash on Delivery,Apparel,1,479.86,15.0,407.88,43.3,2.4,4,1.883,No
MRD-104906,2026-02-21,C39739,Retail,Bengaluru,Bengaluru South,Website,UPI,Grocery,2,201.42,0.0,402.84,4.2,2.7,5,2.042,No
MRD-102097,2026-02-21,C67856,Retail,Bengaluru,Bengaluru South,Marketplace,Credit Card,Grocery,2,313.02,15.0,532.13,3.3,3.5,4,1.946,No
MRD-101699,2026-02-21,C62878,Retail,Mumbai,Mumbai West,Mobile App,UPI,Home & Kitchen,1,847.57,0.0,847.57,16.6,3.6,3,1.599,No
MRD-103595,2026-02-21,C72807,Retail,Mumbai,Mumbai West,Website,Credit Card,Apparel,1,2841.8,0.0,2841.8,37.3,3.6,4,2.055,Yes
MRD-103344,2026-02-21,C67137,Retail,Bengaluru,Bengaluru South,Marketplace,Credit Card,Apparel,3,741.09,15.0,1889.78,27.3,4.0,5,1.827,No
MRD-103670,2026-02-21,C42275,Retail,Mumbai,Mumbai West,Website,Credit Card,Home & Kitchen,1,1514.86,10.0,1363.37,16.9,3.4,4,2.063,No
MRD-101960,2026-02-21,C38973,Retail,Mumbai,Mumbai West,Mobile App,UPI,Electronics,3,3307.73,0.0,9923.19,5.6,3.5,1,1.656,No
MRD-100953,2026-02-21,C99666,Retail,Bengaluru,Bengaluru South,Marketplace,Net Banking,Apparel,2,1168.12,0.0,2336.24,37.3,3.3,5,1.608,Yes
MRD-103467,2026-02-22,C93594,Retail,Mumbai,Mumbai West,Website,Debit Card,Grocery,1,265.6,10.0,239.04,1.6,3.5,1,1.886,Yes
MRD-104536,2026-02-22,C62421,Retail,Delhi NCR,Delhi NCR,Website,Credit Card,Grocery,3,221.3,0.0,663.9,3.6,2.4,4,2.225,No
MRD-101179,2026-02-22,C58870,Retail,Bengaluru,Bengaluru South,Mobile App,Cash on Delivery,Grocery,3,357.2,0.0,1071.6,4.0,2.3,2,2.366,No
MRD-103321,2026-02-22,C34578,Retail,Bengaluru,Bengaluru South,Marketplace,Cash on Delivery,Grocery,1,269.27,5.0,255.81,7.0,4.3,4,1.95,No
MRD-102321,2026-02-22,C51016,Retail,Mumbai,Mumbai West,Mobile App,Net Banking,Home & Kitchen,3,1195.0,0.0,3585.0,14.5,4.2,5,2.183,No
MRD-101056,2026-02-22,C55814,Retail,Mumbai,Mumbai West,Mobile App,UPI,Electronics,1,1712.05,0.0,1712.05,9.8,3.0,3,1.771,No
MRD-100250,2026-02-22,C34830,Retail,Mumbai,Mumbai West,Website,Cash on Delivery,Apparel,3,933.54,5.0,2660.59,24.4,3.4,4,1.6,No
MRD-100520,2026-02-22,C54531,Corporate,Mumbai,Mumbai West,Mobile App,UPI,Apparel,29,1611.7,23.6,35708.83,36.7,3.8,1,1.698,Yes
MRD-103339,2026-02-22,C72779,Retail,Mumbai,Mumbai West,Mobile App,UPI,Electronics,2,3253.15,0.0,6506.3,7.8,3.7,4,2.305,No
MRD-102497,2026-02-23,C73725,Retail,Bengaluru,Bengaluru South,Mobile App,Debit Card,Apparel,1,893.43,0.0,893.43,34.1,3.9,5,1.439,No
MRD-101571,2026-02-23,C22968,Retail,Mumbai,Mumbai West,Website,Credit Card,Beauty,1,936.45,0.0,936.45,29.5,3.9,4,2.188,No
MRD-101833,2026-02-23,C57005,Retail,Delhi NCR,Delhi NCR,Mobile App,Debit Card,Electronics,3,6268.13,15.0,15983.73,7.9,6.0,4,1.911,No
MRD-101313,2026-02-23,C20210,Retail,Delhi NCR,Delhi NCR,Website,Credit Card,Electronics,3,1871.92,0.0,5615.76,9.3,3.9,4,1.859,No
MRD-104432,2026-02-23,C73584,Retail,Mumbai,Mumbai West,Website,Debit Card,Apparel,3,1898.59,10.0,5126.19,19.7,3.3,5,1.967,No
MRD-104654,2026-02-23,C38890,Retail,Mumbai,Mumbai West,Mobile App,UPI,Beauty,3,639.69,15.0,1631.21,27.9,1.4,2,1.894,Yes
MRD-101129,2026-02-23,C13644,Retail,Mumbai,Mumbai West,Website,Credit Card,Home & Kitchen,2,1490.03,10.0,2682.05,19.4,4.1,1,1.736,Yes
MRD-100185,2026-02-23,C91640,Retail,Mumbai,Mumbai West,Marketplace,UPI,Electronics,2,1754.34,10.0,3157.81,5.9,3.2,1,1.545,No
MRD-104852,2026-02-23,C85045,Retail,Bengaluru,Bengaluru South,Mobile App,Cash on Delivery,Beauty,1,878.01,10.0,790.21,20.4,3.0,2,1.453,Yes
MRD-100670,2026-02-23,C38156,Retail,Mumbai,Mumbai West,Mobile App,Debit Card,Electronics,2,8103.12,5.0,15395.93,8.1,3.4,5,1.619,No
MRD-100084,2026-02-23,C73874,Retail,Mumbai,Mumbai West,Mobile App,UPI,Grocery,2,269.93,5.0,512.87,4.9,2.8,5,1.283,No
MRD-104445,2026-02-23,C53692,Retail,Delhi NCR,Delhi NCR,Mobile App,Debit Card,Apparel,1,1285.73,0.0,1285.73,30.6,2.0,5,2.071,No
MRD-100615,2026-02-23,C12070,Retail,Bengaluru,Bengaluru South,Mobile App,UPI,Beauty,2,724.65,20.0,1159.44,25.4,3.8,4,1.936,No
MRD-103336,2026-02-23,C69049,Retail,Delhi NCR,Delhi NCR,Website,Credit Card,Grocery,1,290.95,10.0,261.86,1.7,1.0,2,1.749,No
MRD-104433,2026-02-24,C24614,Retail,Bengaluru,Bengaluru South,Marketplace,Credit Card,Grocery,1,198.88,20.0,159.1,6.1,1.0,3,2.12,No
MRD-100853,2026-02-24,C92628,Retail,Bengaluru,Bengaluru South,Mobile App,UPI,Home & Kitchen,1,712.82,0.0,712.82,16.1,3.4,4,1.749,No
MRD-101722,2026-02-24,C78436,Retail,Bengaluru,Bengaluru South,Marketplace,Cash on Delivery,Electronics,1,23402.16,0.0,23402.16,9.1,3.2,4,2.042,No
MRD-104742,2026-02-24,C53400,Retail,Bengaluru,Bengaluru South,Mobile App,Credit Card,Home & Kitchen,3,2056.37,15.0,5243.74,22.0,3.8,4,1.432,No
MRD-102748,2026-02-24,C70179,Retail,Mumbai,Mumbai West,Mobile App,Debit Card,Electronics,1,8216.96,10.0,7395.26,10.6,2.8,5,1.792,No
MRD-100025,2026-02-24,C37461,Retail,Mumbai,Mumbai West,Marketplace,UPI,Home & Kitchen,3,2081.16,0.0,6243.48,22.8,3.4,4,1.401,No
MRD-100652,2026-02-24,C28563,Retail,Mumbai,Mumbai West,Mobile App,UPI,Home & Kitchen,1,1347.92,0.0,1347.92,22.8,3.2,4,2.331,Yes
MRD-104046,2026-02-24,C13290,Retail,Delhi NCR,Delhi NCR,Mobile App,UPI,Home & Kitchen,1,3860.28,0.0,3860.28,17.1,4.1,4,1.598,No
MRD-101312,2026-02-24,C96913,Retail,Bengaluru,Bengaluru South,Mobile App,UPI,Grocery,2,256.53,10.0,461.75,5.5,3.5,1,1.635,No
MRD-102746,2026-02-24,C32080,Retail,Delhi NCR,Delhi NCR,Marketplace,Credit Card,Apparel,1,970.3,0.0,970.3,32.5,1.0,5,2.021,No
MRD-100434,2026-02-24,C83046,Retail,Bengaluru,Bengaluru South,Website,Cash on Delivery,Grocery,3,198.75,15.0,506.81,4.2,2.8,4,2.142,No
MRD-102010,2026-02-24,C37587,Retail,Delhi NCR,Delhi NCR,Marketplace,Cash on Delivery,Electronics,2,2040.13,5.0,3876.25,7.1,2.0,5,1.59,No
MRD-104586,2026-02-25,C36584,Retail,Bengaluru,Bengaluru South,Mobile App,UPI,Electronics,2,4534.49,0.0,9068.98,6.1,4.2,2,2.607,Yes
MRD-102668,2026-02-25,C54676,Retail,Mumbai,Mumbai West,Marketplace,Cash on Delivery,Electronics,1,3100.77,0.0,3100.77,10.1,3.2,4,1.92,No
MRD-103731,2026-02-25,C88102,Retail,Delhi NCR,Delhi NCR,Mobile App,Cash on Delivery,Beauty,1,661.22,0.0,661.22,28.7,9.7,2,2.259,Yes
MRD-101553,2026-02-25,C82534,Retail,Mumbai,Mumbai West,Mobile App,UPI,Beauty,2,1226.36,15.0,2084.81,34.0,3.6,4,1.988,No
MRD-101654,2026-02-25,C87795,Retail,Bengaluru,Bengaluru South,Website,UPI,Beauty,1,569.61,0.0,569.61,16.2,4.5,4,2.735,No
MRD-103269,2026-02-25,C47151,Retail,Mumbai,Mumbai West,Mobile App,Cash on Delivery,Beauty,3,1326.26,0.0,3978.78,26.7,4.3,4,2.624,No
MRD-101034,2026-02-25,C30027,Retail,Bengaluru,Bengaluru South,Mobile App,UPI,Apparel,2,519.28,20.0,830.85,15.9,5.3,4,2.0,No
MRD-103230,2026-02-25,C31465,Retail,Delhi NCR,Delhi NCR,Mobile App,Cash on Delivery,Electronics,2,8988.67,5.0,17078.47,7.6,1.0,5,1.406,No
MRD-103146,2026-02-25,C98296,Retail,Bengaluru,Bengaluru South,Website,Credit Card,Grocery,2,251.94,0.0,503.88,4.5,1.0,3,2.0,No
MRD-104267,2026-02-25,C51136,Retail,Mumbai,Mumbai West,Mobile App,Cash on Delivery,Grocery,1,215.64,15.0,183.29,0.5,3.6,3,1.107,No
MRD-102920,2026-02-25,C34570,Retail,Bengaluru,Bengaluru South,Mobile App,UPI,Beauty,2,621.19,5.0,1180.26,30.5,2.0,5,1.99,No
MRD-102182,2026-02-25,C98686,Retail,Delhi NCR,Delhi NCR,Marketplace,UPI,Grocery,2,126.64,15.0,215.29,1.3,1.0,4,2.472,No
MRD-100004,2026-02-25,C45409,Retail,Delhi NCR,Delhi NCR,Marketplace,UPI,Grocery,2,280.7,20.0,449.12,5.3,1.8,4,2.159,No
MRD-101125,2026-02-25,C15003,Retail,Bengaluru,Bengaluru South,Website,UPI,Home & Kitchen,1,1470.78,0.0,1470.78,16.8,3.7,1,1.613,No
MRD-104197,2026-02-26,C17814,Corporate,Bengaluru,Bengaluru South,Mobile App,Cash on Delivery,Electronics,31,3506.51,14.4,93048.75,6.4,5.4,1,1.517,No
MRD-102107,2026-02-26,C67397,Retail,Delhi NCR,Delhi NCR,Marketplace,UPI,Grocery,4,267.47,10.0,962.89,2.5,7.2,3,1.971,No
MRD-102880,2026-02-26,C13293,Retail,Bengaluru,Bengaluru South,Mobile App,UPI,Home & Kitchen,1,1079.74,0.0,1079.74,15.0,4.6,2,1.715,Yes
MRD-103445,2026-02-26,C95159,Retail,Delhi NCR,Delhi NCR,Mobile App,Cash on Delivery,Beauty,2,488.43,0.0,976.86,27.2,1.7,4,2.008,No
MRD-101591,2026-02-26,C90982,Retail,Bengaluru,Bengaluru South,Mobile App,Credit Card,Electronics,2,10704.13,5.0,20337.85,7.7,2.5,2,1.781,No
MRD-103388,2026-02-26,C26626,Retail,Bengaluru,Bengaluru South,Mobile App,UPI,Apparel,4,934.2,0.0,3736.8,31.3,5.9,4,2.154,No
MRD-104961,2026-02-26,C49279,Retail,Delhi NCR,Delhi NCR,Website,Debit Card,Home & Kitchen,2,2112.25,0.0,4224.5,13.2,2.4,2,1.48,Yes
MRD-104685,2026-02-26,C97982,Retail,Bengaluru,Bengaluru South,Mobile App,UPI,Electronics,1,4159.93,20.0,3327.94,9.1,4.7,5,2.473,No
MRD-104803,2026-02-26,C91633,Retail,Mumbai,Mumbai West,Website,UPI,Apparel,1,1103.81,0.0,1103.81,34.7,3.4,3,1.616,No
MRD-103802,2026-02-26,C40535,Corporate,Bengaluru,Bengaluru South,Website,Credit Card,Grocery,32,238.19,23.5,5830.89,4.6,6.0,4,1.286,No
MRD-103386,2026-02-26,C52922,Retail,Delhi NCR,Delhi NCR,Mobile App,UPI,Grocery,1,146.04,15.0,124.13,4.8,7.5,2,2.165,No
MRD-104103,2026-02-27,C76665,Retail,Mumbai,Mumbai West,Mobile App,Wallet,Apparel,1,1357.14,20.0,1085.71,29.3,4.2,4,1.951,No
MRD-100864,2026-02-27,C26224,Retail,Delhi NCR,Delhi NCR,Website,UPI,Grocery,1,239.17,20.0,191.34,3.7,1.0,4,1.475,No
MRD-100556,2026-02-27,C81769,Retail,Delhi NCR,Delhi NCR,Mobile App,Debit Card,Home & Kitchen,4,1260.72,20.0,4034.3,12.9,1.3,1,2.459,No
MRD-100398,2026-02-27,C53566,Corporate,Bengaluru,Bengaluru South,Website,UPI,Beauty,30,799.45,25.6,17843.72,22.8,5.6,5,1.655,No
MRD-101860,2026-02-27,C65862,Retail,Mumbai,Mumbai West,Marketplace,UPI,Grocery,1,263.22,20.0,210.58,3.1,3.3,5,1.18,No
MRD-104735,2026-02-27,C10331,Retail,Mumbai,Mumbai West,Mobile App,UPI,Grocery,3,149.88,15.0,382.19,1.7,2.3,5,2.095,No
MRD-101054,2026-02-27,C94088,Corporate,Bengaluru,Bengaluru South,Website,Credit Card,Grocery,31,133.43,26.0,3060.88,6.9,1.9,3,1.577,No
MRD-101816,2026-02-27,C49934,Retail,Delhi NCR,Delhi NCR,Mobile App,Cash on Delivery,Beauty,1,627.11,20.0,501.69,32.5,1.1,4,1.904,No
MRD-103088,2026-02-27,C18844,Corporate,Delhi NCR,Delhi NCR,Website,Debit Card,Apparel,32,727.22,24.2,17639.45,33.4,2.6,4,2.131,Yes
MRD-103019,2026-02-27,C29943,Retail,Delhi NCR,Delhi NCR,Mobile App,Credit Card,Grocery,2,152.02,20.0,243.23,3.6,3.5,3,1.631,No
MRD-100506,2026-02-27,C81734,Retail,Delhi NCR,Delhi NCR,Mobile App,Cash on Delivery,Grocery,2,169.37,0.0,338.74,2.8,5.2,2,2.142,No
MRD-102874,2026-02-27,C62128,Retail,Delhi NCR,Delhi NCR,Marketplace,Debit Card,Home & Kitchen,3,504.33,15.0,1286.04,14.7,1.1,1,2.509,Yes
MRD-103416,2026-02-28,C57743,Corporate,Mumbai,Mumbai West,Mobile App,UPI,Home & Kitchen,34,877.08,27.2,21709.48,23.9,4.0,5,1.898,No
MRD-100660,2026-02-28,C11331,Retail,Mumbai,Mumbai West,Mobile App,UPI,Electronics,1,2121.63,5.0,2015.55,10.0,3.6,4,1.125,No
MRD-100682,2026-02-28,C72280,Retail,Mumbai,Mumbai West,Mobile App,Net Banking,Apparel,1,1029.03,0.0,1029.03,38.4,2.8,1,2.211,No
MRD-102042,2026-02-28,C92599,Retail,Mumbai,Mumbai West,Mobile App,Wallet,Grocery,1,166.33,15.0,141.38,5.4,2.7,1,2.354,Yes
MRD-102583,2026-02-28,C60359,Retail,Mumbai,Mumbai West,Mobile App,UPI,Grocery,1,307.17,20.0,245.74,3.5,3.3,2,0.961,No
MRD-102791,2026-02-28,C42268,Retail,Bengaluru,Bengaluru South,Website,UPI,Electronics,2,6882.57,15.0,11700.37,2.5,2.9,4,2.034,No
MRD-103684,2026-02-28,C61662,Retail,Mumbai,Mumbai West,Mobile App,UPI,Grocery,1,113.1,5.0,107.44,2.9,3.8,4,1.18,No
MRD-101245,2026-02-28,C73417,Retail,Bengaluru,Bengaluru South,Mobile App,UPI,Beauty,1,738.34,0.0,738.34,25.4,3.5,4,1.852,No
MRD-100169,2026-02-28,C49365,Retail,Mumbai,Mumbai West,Mobile App,Wallet,Apparel,1,718.07,0.0,718.07,35.7,4.3,5,1.717,Yes
MRD-103690,2026-02-28,C12979,Retail,Mumbai,Mumbai West,Mobile App,UPI,Beauty,2,523.71,0.0,1047.42,26.7,3.6,4,2.355,No
MRD-103050,2026-02-28,C29343,Corporate,Mumbai,Mumbai West,Mobile App,UPI,Beauty,24,1216.29,21.7,22856.52,22.7,4.1,4,2.32,No
MRD-100059,2026-02-28,C32013,Retail,Bengaluru,Bengaluru South,Website,UPI,Apparel,1,1252.15,15.0,1064.33,35.1,1.5,5,2.027,No
MRD-102286,2026-02-28,C23882,Corporate,Delhi NCR,Delhi NCR,Marketplace,UPI,Apparel,38,1664.7,8.2,58071.39,30.7,4.5,4,1.583,No
MRD-104971,2026-02-28,C53601,Retail,Mumbai,Mumbai West,Mobile App,UPI,Apparel,3,2125.89,5.0,6058.79,32.7,3.2,4,1.417,Yes
MRD-104955,2026-02-28,C31443,Corporate,Delhi NCR,Delhi NCR,Website,Cash on Delivery,Home & Kitchen,29,2091.07,9.3,55001.41,18.4,3.6,1,1.118,No
MRD-103859,2026-02-28,C82672,Retail,Mumbai,Mumbai West,Website,Wallet,Grocery,2,170.74,20.0,273.18,3.4,3.1,4,0.923,No
MRD-100803,2026-02-28,C87688,Retail,Bengaluru,Bengaluru South,Website,Debit Card,Home & Kitchen,2,981.75,5.0,1865.32,18.0,4.6,3,2.306,No
MRD-101065,2026-02-28,C17604,Retail,Delhi NCR,Delhi NCR,Mobile App,Debit Card,Electronics,1,2097.43,0.0,2097.43,4.7,1.8,3,2.305,No
MRD-102347,2026-02-28,C98809,Retail,Bengaluru,Bengaluru South,Website,Debit Card,Home & Kitchen,1,1424.29,20.0,1139.43,16.7,2.9,3,1.458,No
MRD-101451,2026-03-01,C36549,Retail,Bengaluru,Bengaluru South,Mobile App,Cash on Delivery,Grocery,1,258.76,5.0,245.82,4.6,3.7,5,2.681,No
MRD-102637,2026-03-01,C11000,Retail,Mumbai,Mumbai West,Mobile App,UPI,Home & Kitchen,4,755.15,5.0,2869.57,18.3,2.0,5,2.956,No
MRD-102504,2026-03-01,C82664,Retail,Mumbai,Mumbai West,Mobile App,Debit Card,Apparel,2,657.14,20.0,1051.42,36.1,3.6,1,1.315,Yes
MRD-101344,2026-03-01,C27319,Retail,Mumbai,Mumbai West,Website,UPI,Grocery,1,135.03,0.0,135.03,6.3,3.4,3,1.014,No
MRD-100950,2026-03-01,C79427,Retail,Bengaluru,Bengaluru South,Marketplace,Debit Card,Electronics,1,9121.26,20.0,7297.01,9.1,5.6,5,2.126,No
MRD-104479,2026-03-01,C51977,Retail,Delhi NCR,Delhi NCR,Website,UPI,Apparel,2,681.6,20.0,1090.56,34.7,3.6,5,1.407,No
MRD-103893,2026-03-01,C54573,Retail,Mumbai,Mumbai West,Marketplace,Cash on Delivery,Apparel,1,887.23,15.0,754.15,26.0,2.7,5,2.262,No
MRD-101770,2026-03-01,C22426,Retail,Bengaluru,Bengaluru South,Marketplace,UPI,Grocery,1,165.64,0.0,165.64,4.8,2.9,3,1.595,No
MRD-100636,2026-03-01,C40327,Retail,Bengaluru,Bengaluru South,Mobile App,UPI,Grocery,4,280.21,20.0,896.67,5.1,3.3,2,1.969,No
MRD-103184,2026-03-01,C29005,Retail,Bengaluru,Bengaluru South,Marketplace,Debit Card,Grocery,2,240.06,0.0,480.12,5.4,3.0,3,1.693,No
MRD-101144,2026-03-01,C40443,Corporate,Bengaluru,Bengaluru South,Mobile App,UPI,Home & Kitchen,27,1009.42,11.2,24201.85,26.1,3.8,2,1.58,Yes
MRD-101459,2026-03-01,C36206,Retail,Bengaluru,Bengaluru South,Marketplace,Credit Card,Electronics,1,4332.96,15.0,3683.02,8.2,2.7,5,1.426,Yes
MRD-100047,2026-03-01,C42972,Retail,Bengaluru,Bengaluru South,Marketplace,Credit Card,Apparel,2,1743.84,0.0,3487.68,36.3,2.2,2,1.791,No
MRD-103082,2026-03-02,C48206,Corporate,Bengaluru,Bengaluru South,Mobile App,UPI,Grocery,28,217.2,27.6,4403.08,5.8,5.8,5,1.791,Yes
MRD-102470,2026-03-02,C37468,Retail,Mumbai,Mumbai West,Website,Credit Card,Home & Kitchen,1,1093.42,0.0,1093.42,22.9,3.5,1,1.707,No
MRD-103791,2026-03-02,C60354,Corporate,Mumbai,Mumbai West,Mobile App,Net Banking,Electronics,32,11715.76,8.7,342287.64,5.9,3.8,5,2.139,No
MRD-101483,2026-03-02,C87218,Retail,Mumbai,Mumbai West,Mobile App,UPI,Grocery,3,356.88,0.0,1070.64,4.9,4.0,2,1.262,No
MRD-102312,2026-03-02,C46424,Retail,Mumbai,Mumbai West,Marketplace,Cash on Delivery,Home & Kitchen,3,1633.39,0.0,4900.17,26.1,3.6,2,2.163,No
MRD-104945,2026-03-02,C33748,Retail,Mumbai,Mumbai West,Mobile App,Credit Card,Electronics,1,2748.96,0.0,2748.96,5.5,3.9,4,1.763,No
MRD-100351,2026-03-02,C10788,Retail,Mumbai,Mumbai West,Mobile App,Debit Card,Home & Kitchen,2,1762.56,0.0,3525.12,13.9,3.3,1,2.082,No
MRD-102438,2026-03-02,C71609,Retail,Delhi NCR,Delhi NCR,Website,Debit Card,Beauty,4,781.84,10.0,2814.62,27.3,1.0,5,1.721,No
MRD-101670,2026-03-02,C52902,Retail,Delhi NCR,Delhi NCR,Website,Cash on Delivery,Grocery,1,292.68,15.0,248.78,4.7,3.7,5,2.52,No
MRD-104589,2026-03-02,C83951,Retail,Mumbai,Mumbai West,Mobile App,Net Banking,Electronics,1,3884.5,20.0,3107.6,4.3,3.3,3,1.509,No
MRD-102115,2026-03-02,C74971,Retail,Mumbai,Mumbai West,Website,Credit Card,Grocery,2,173.1,10.0,311.58,4.2,3.5,5,2.04,No
MRD-100298,2026-03-02,C45628,Retail,Mumbai,Mumbai West,Mobile App,UPI,Electronics,2,2957.31,20.0,4731.7,8.7,3.1,1,1.826,Yes
MRD-101304,2026-03-02,C34243,Retail,Mumbai,Mumbai West,Mobile App,Cash on Delivery,Home & Kitchen,3,735.78,5.0,2096.97,20.3,3.5,4,1.308,No
MRD-104715,2026-03-02,C74024,Retail,Delhi NCR,Delhi NCR,Website,Debit Card,Electronics,2,4890.54,0.0,9781.08,4.5,4.2,5,1.973,No
MRD-103086,2026-03-02,C16764,Corporate,Delhi NCR,Delhi NCR,Mobile App,Debit Card,Apparel,22,1376.74,22.8,23382.55,29.4,3.0,5,2.156,No
MRD-104507,2026-03-02,C27138,Retail,Bengaluru,Bengaluru South,Website,Wallet,Grocery,1,307.27,10.0,276.54,2.7,3.0,2,1.638,Yes
MRD-104517,2026-03-02,C97161,Retail,Mumbai,Mumbai West,Website,Cash on Delivery,Grocery,1,199.46,5.0,189.49,4.6,2.7,4,1.524,No
MRD-104204,2026-03-02,C96688,Retail,Delhi NCR,Delhi NCR,Mobile App,UPI,Electronics,3,2253.81,0.0,6761.43,4.9,1.0,1,2.847,Yes
MRD-101019,2026-03-03,C83962,Retail,Bengaluru,Bengaluru South,Website,UPI,Apparel,5,591.96,0.0,2959.8,30.6,1.0,4,1.821,No
MRD-101177,2026-03-03,C32697,Corporate,Mumbai,Mumbai West,Mobile App,Cash on Delivery,Electronics,33,4381.42,10.6,129260.65,8.6,3.6,1,1.695,No
MRD-101473,2026-03-03,C85253,Retail,Bengaluru,Bengaluru South,Mobile App,Net Banking,Grocery,2,182.48,20.0,291.97,4.8,4.1,5,1.276,Yes
MRD-100509,2026-03-03,C44103,Retail,Mumbai,Mumbai West,Mobile App,UPI,Grocery,2,199.18,0.0,398.36,1.2,2.4,5,1.616,No
MRD-101328,2026-03-03,C50675,Retail,Bengaluru,Bengaluru South,Website,Net Banking,Apparel,1,830.2,20.0,664.16,35.7,4.0,1,2.134,No
MRD-100800,2026-03-03,C87750,Retail,Mumbai,Mumbai West,Mobile App,Cash on Delivery,Electronics,2,2843.13,0.0,5686.26,9.7,4.6,5,1.924,No
MRD-102686,2026-03-03,C91390,Retail,Mumbai,Mumbai West,Website,Debit Card,Grocery,4,152.97,15.0,520.1,4.1,4.1,4,2.161,No
MRD-100467,2026-03-03,C87051,Retail,Mumbai,Mumbai West,Website,Debit Card,Electronics,1,7657.32,10.0,6891.59,4.2,3.1,3,1.681,No
MRD-103837,2026-03-03,C79784,Retail,Mumbai,Mumbai West,Mobile App,Credit Card,Electronics,2,7156.47,0.0,14312.94,7.5,3.5,5,1.737,No
MRD-102106,2026-03-03,C65076,Retail,Mumbai,Mumbai West,Website,Cash on Delivery,Electronics,1,3574.48,0.0,3574.48,9.1,3.9,4,0.912,No
MRD-103231,2026-03-03,C44157,Retail,Delhi NCR,Delhi NCR,Mobile App,Cash on Delivery,Apparel,1,1539.82,0.0,1539.82,41.5,1.0,2,2.289,No
MRD-102914,2026-03-03,C77723,Retail,Delhi NCR,Delhi NCR,Mobile App,Credit Card,Apparel,3,554.88,10.0,1498.18,37.0,3.9,4,1.402,No
MRD-104576,2026-03-03,C19240,Retail,Bengaluru,Bengaluru South,Mobile App,Cash on Delivery,Electronics,2,2013.36,15.0,3422.71,9.0,3.3,2,1.77,Yes
MRD-103696,2026-03-03,C50818,Retail,Mumbai,Mumbai West,Website,Debit Card,Grocery,3,272.28,0.0,816.84,5.8,2.4,3,1.931,No
MRD-100905,2026-03-03,C73446,Corporate,Mumbai,Mumbai West,Mobile App,Credit Card,Electronics,28,6243.5,23.3,134085.41,10.1,3.3,4,1.779,No
MRD-103505,2026-03-04,C86963,Retail,Mumbai,Mumbai West,Mobile App,Wallet,Home & Kitchen,2,1055.54,15.0,1794.42,16.1,4.9,4,1.558,Yes
MRD-104149,2026-03-04,C49327,Retail,Bengaluru,Bengaluru South,Mobile App,UPI,Apparel,2,1111.98,15.0,1890.37,31.6,3.8,3,1.654,Yes
MRD-102912,2026-03-04,C13805,Retail,Mumbai,Mumbai West,Mobile App,Credit Card,Home & Kitchen,1,6450.26,15.0,5482.72,15.3,2.8,3,2.075,No
MRD-101761,2026-03-04,C18903,Retail,Bengaluru,Bengaluru South,Website,Credit Card,Home & Kitchen,3,2266.04,10.0,6118.31,22.7,6.3,2,0.906,No
MRD-102239,2026-03-04,C28818,Retail,Delhi NCR,Delhi NCR,Mobile App,UPI,Grocery,2,431.48,20.0,690.37,3.2,1.9,5,1.542,No
MRD-102737,2026-03-04,C26312,Retail,Mumbai,Mumbai West,Website,UPI,Beauty,1,717.93,0.0,717.93,26.1,3.4,2,2.367,No
MRD-101334,2026-03-04,C82792,Retail,Mumbai,Mumbai West,Mobile App,UPI,Electronics,1,2574.72,10.0,2317.25,7.2,3.8,4,1.977,Yes
MRD-102862,2026-03-04,C27140,Retail,Mumbai,Mumbai West,Mobile App,Debit Card,Home & Kitchen,1,2266.81,15.0,1926.79,14.5,3.4,4,2.358,No
MRD-102755,2026-03-04,C17705,Retail,Bengaluru,Bengaluru South,Mobile App,Credit Card,Grocery,1,319.07,0.0,319.07,5.1,3.6,1,1.743,No
MRD-104375,2026-03-04,C62961,Retail,Mumbai,Mumbai West,Mobile App,Credit Card,Beauty,2,672.75,15.0,1143.68,26.2,4.2,5,2.125,No
MRD-104628,2026-03-04,C85970,Retail,Delhi NCR,Delhi NCR,Website,UPI,Electronics,2,5141.33,5.0,9768.53,9.3,1.0,5,2.112,No
MRD-101574,2026-03-04,C38002,Retail,Bengaluru,Bengaluru South,Mobile App,UPI,Beauty,1,814.22,5.0,773.51,33.5,2.1,5,1.491,No
MRD-104138,2026-03-05,C27437,Retail,Mumbai,Mumbai West,Mobile App,Credit Card,Apparel,2,1845.29,5.0,3506.05,38.7,3.5,3,1.861,No
MRD-100685,2026-03-05,C97522,Retail,Delhi NCR,Delhi NCR,Mobile App,Debit Card,Home & Kitchen,1,1933.33,15.0,1643.33,23.1,7.3,4,1.385,No
MRD-100702,2026-03-05,C92384,Retail,Mumbai,Mumbai West,Mobile App,UPI,Grocery,2,267.89,5.0,508.99,4.0,2.6,3,1.337,No
MRD-104784,2026-03-05,C57421,Retail,Mumbai,Mumbai West,Mobile App,UPI,Home & Kitchen,2,1439.57,0.0,2879.14,17.7,4.2,3,2.17,No
MRD-104698,2026-03-05,C93621,Corporate,Delhi NCR,Delhi NCR,Marketplace,UPI,Electronics,28,3267.83,26.0,67709.44,9.2,4.1,2,2.534,Yes
MRD-104795,2026-03-05,C57211,Retail,Mumbai,Mumbai West,Website,UPI,Grocery,2,170.52,15.0,289.88,5.4,3.5,4,2.091,No
MRD-104594,2026-03-05,C63984,Retail,Mumbai,Mumbai West,Mobile App,Credit Card,Home & Kitchen,3,2461.45,0.0,7384.35,21.3,3.8,2,1.744,Yes
MRD-104778,2026-03-05,C23007,Retail,Bengaluru,Bengaluru South,Marketplace,Cash on Delivery,Grocery,1,358.14,0.0,358.14,6.8,1.4,5,1.723,No
MRD-101961,2026-03-06,C61658,Retail,Bengaluru,Bengaluru South,Mobile App,UPI,Electronics,1,1545.97,5.0,1468.67,10.3,4.4,4,1.478,No
MRD-104798,2026-03-06,C81664,Corporate,Bengaluru,Bengaluru South,Mobile App,Net Banking,Grocery,25,234.22,8.3,5369.49,3.2,3.2,1,1.25,No
MRD-100537,2026-03-06,C28532,Retail,Delhi NCR,Delhi NCR,Website,Credit Card,Electronics,4,2105.13,0.0,8420.52,12.1,9.1,4,1.77,No
MRD-101099,2026-03-06,C17468,Retail,Mumbai,Mumbai West,Website,Cash on Delivery,Grocery,1,141.7,0.0,141.7,2.9,2.8,3,2.181,No
MRD-104824,2026-03-06,C26468,Corporate,Delhi NCR,Delhi NCR,Mobile App,UPI,Electronics,31,1694.27,14.3,45011.67,8.6,3.7,5,1.32,No
MRD-104569,2026-03-06,C42055,Retail,Delhi NCR,Delhi NCR,Mobile App,Net Banking,Apparel,2,1372.84,0.0,2745.68,27.8,1.9,2,2.155,No
MRD-100527,2026-03-06,C22580,Retail,Mumbai,Mumbai West,Mobile App,UPI,Apparel,2,839.8,0.0,1679.6,36.7,3.8,4,2.386,No
MRD-100877,2026-03-06,C97441,Retail,Mumbai,Mumbai West,Website,Cash on Delivery,Grocery,5,224.54,0.0,1122.7,3.8,3.4,4,2.191,No
MRD-101158,2026-03-06,C32881,Corporate,Mumbai,Mumbai West,Mobile App,Cash on Delivery,Grocery,28,350.98,20.7,7793.16,4.4,3.3,4,2.109,No
MRD-101709,2026-03-06,C93386,Retail,Mumbai,Mumbai West,Marketplace,Credit Card,Apparel,4,1330.63,0.0,5322.52,33.3,2.8,4,2.329,No
MRD-103480,2026-03-06,C48322,Retail,Mumbai,Mumbai West,Mobile App,Cash on Delivery,Apparel,1,1018.19,10.0,916.37,30.1,4.0,5,2.006,No
MRD-100310,2026-03-06,C37654,Retail,Mumbai,Mumbai West,Mobile App,UPI,Apparel,3,1506.78,10.0,4068.31,42.3,3.2,2,1.808,Yes
MRD-103814,2026-03-07,C57004,Retail,Bengaluru,Bengaluru South,Mobile App,Credit Card,Electronics,2,2488.93,0.0,4977.86,9.6,1.7,1,1.555,Yes
MRD-101511,2026-03-07,C70260,Retail,Delhi NCR,Delhi NCR,Marketplace,Credit Card,Apparel,2,1103.84,15.0,1876.53,32.8,1.0,4,2.035,No
MRD-101529,2026-03-07,C81236,Corporate,Mumbai,Mumbai West,Marketplace,UPI,Grocery,26,226.7,20.6,4679.99,3.4,3.4,3,1.961,No
MRD-101147,2026-03-07,C57686,Retail,Mumbai,Mumbai West,Marketplace,Wallet,Apparel,2,972.92,5.0,1848.55,33.5,3.7,4,1.506,No
MRD-102486,2026-03-07,C34663,Retail,Mumbai,Mumbai West,Mobile App,UPI,Grocery,2,225.36,0.0,450.72,5.4,3.5,4,1.692,No
MRD-103420,2026-03-07,C87671,Corporate,Delhi NCR,Delhi NCR,Website,UPI,Grocery,31,209.12,17.1,5374.17,3.2,1.6,4,1.572,No
MRD-101090,2026-03-07,C29958,Retail,Bengaluru,Bengaluru South,Mobile App,Credit Card,Apparel,2,580.16,0.0,1160.32,30.7,1.0,4,1.343,No
MRD-104406,2026-03-07,C22193,Corporate,Mumbai,Mumbai West,Marketplace,Credit Card,Electronics,32,5371.68,24.9,129092.21,6.3,2.2,2,1.866,Yes
MRD-102404,2026-03-07,C55968,Retail,Bengaluru,Bengaluru South,Website,Net Banking,Grocery,2,210.66,15.0,358.12,5.6,2.7,3,2.275,No
MRD-100622,2026-03-07,C76979,Retail,Bengaluru,Bengaluru South,Marketplace,Credit Card,Home & Kitchen,2,3829.01,0.0,7658.02,15.1,1.0,4,2.466,No
MRD-104259,2026-03-07,C18274,Retail,Delhi NCR,Delhi NCR,Mobile App,Debit Card,Grocery,1,204.06,5.0,193.86,4.5,1.0,4,1.52,No
MRD-100009,2026-03-07,C82206,Retail,Mumbai,Mumbai West,Website,UPI,Beauty,1,721.45,15.0,613.23,27.2,4.4,2,1.873,Yes
MRD-100112,2026-03-07,C29826,Retail,Mumbai,Mumbai West,Website,Net Banking,Electronics,3,12971.7,0.0,38915.1,7.8,3.7,3,2.43,No
MRD-100533,2026-03-07,C21010,Retail,Mumbai,Mumbai West,Website,UPI,Apparel,3,908.72,0.0,2726.16,32.8,3.9,4,2.403,No
MRD-103021,2026-03-07,C97502,Retail,Delhi NCR,Delhi NCR,Website,Cash on Delivery,Grocery,3,281.22,0.0,843.66,4.5,2.8,5,1.834,No
MRD-100663,2026-03-08,C16882,Retail,Mumbai,Mumbai West,Marketplace,Cash on Delivery,Grocery,5,249.72,0.0,1248.6,4.1,3.5,5,1.904,No
MRD-104840,2026-03-08,C71943,Retail,Mumbai,Mumbai West,Website,Credit Card,Grocery,1,222.48,0.0,222.48,5.3,2.9,5,2.93,No
MRD-101773,2026-03-08,C97364,Retail,Mumbai,Mumbai West,Mobile App,Debit Card,Grocery,2,240.01,0.0,480.02,6.7,3.8,5,1.256,No
MRD-103596,2026-03-08,C87514,Retail,Mumbai,Mumbai West,Mobile App,Debit Card,Electronics,1,4760.9,5.0,4522.85,12.2,3.0,5,1.609,No
MRD-101254,2026-03-08,C36808,Retail,Mumbai,Mumbai West,Mobile App,UPI,Home & Kitchen,1,1747.92,10.0,1573.13,15.3,3.9,1,1.856,No
MRD-101241,2026-03-08,C31434,Retail,Mumbai,Mumbai West,Mobile App,Net Banking,Home & Kitchen,1,874.74,0.0,874.74,20.7,2.8,4,2.142,No
MRD-102057,2026-03-08,C36952,Retail,Bengaluru,Bengaluru South,Mobile App,Credit Card,Grocery,2,212.23,0.0,424.46,5.4,1.0,5,1.644,No
MRD-104019,2026-03-08,C86497,Retail,Mumbai,Mumbai West,Website,UPI,Home & Kitchen,2,1476.83,5.0,2805.98,21.9,3.2,3,1.511,No
MRD-100954,2026-03-08,C23495,Retail,Delhi NCR,Delhi NCR,Website,Cash on Delivery,Electronics,3,5156.8,5.0,14696.88,6.3,2.3,2,1.427,No
MRD-104914,2026-03-08,C17559,Retail,Bengaluru,Bengaluru South,Mobile App,Wallet,Apparel,2,355.65,15.0,604.6,25.7,3.6,5,1.846,No
MRD-100105,2026-03-08,C64164,Retail,Mumbai,Mumbai West,Mobile App,UPI,Electronics,2,2964.23,15.0,5039.19,6.5,3.8,4,1.808,No
MRD-103946,2026-03-08,C40519,Retail,Bengaluru,Bengaluru South,Mobile App,Credit Card,Electronics,3,3524.99,5.0,10046.22,11.1,3.4,5,1.433,No
MRD-102720,2026-03-08,C38181,Retail,Mumbai,Mumbai West,Mobile App,Net Banking,Apparel,1,763.41,15.0,648.9,31.0,4.8,3,2.262,No
MRD-103185,2026-03-09,C36338,Retail,Bengaluru,Bengaluru South,Mobile App,Wallet,Apparel,2,376.91,0.0,753.82,31.2,3.2,5,1.11,No
MRD-102926,2026-03-09,C76154,Corporate,Delhi NCR,Delhi NCR,Mobile App,Wallet,Grocery,18,257.57,20.3,3695.1,4.2,2.1,5,2.385,No
MRD-100472,2026-03-09,C79900,Retail,Mumbai,Mumbai West,Mobile App,UPI,Apparel,1,946.55,15.0,804.57,33.6,4.2,2,2.038,Yes
MRD-103522,2026-03-09,C41281,Retail,Mumbai,Mumbai West,Mobile App,Credit Card,Apparel,1,1745.04,5.0,1657.79,31.6,10.5,5,2.376,No
MRD-100809,2026-03-09,C23881,Retail,Mumbai,Mumbai West,Website,UPI,Electronics,1,2495.3,10.0,2245.77,9.3,3.7,5,1.668,No
MRD-101959,2026-03-09,C32729,Retail,Delhi NCR,Delhi NCR,Website,Debit Card,Electronics,2,2653.04,5.0,5040.78,6.5,5.5,5,1.642,No
MRD-102984,2026-03-09,C11011,Retail,Mumbai,Mumbai West,Mobile App,Cash on Delivery,Home & Kitchen,1,1274.99,20.0,1019.99,19.9,3.6,4,2.333,No
MRD-100619,2026-03-09,C97281,Corporate,Delhi NCR,Delhi NCR,Marketplace,Credit Card,Electronics,19,1636.15,24.3,23532.75,8.5,3.7,1,2.083,No
MRD-104624,2026-03-09,C22115,Retail,Delhi NCR,Delhi NCR,Mobile App,UPI,Grocery,1,171.97,0.0,171.97,4.2,1.5,5,1.554,No
MRD-104672,2026-03-09,C91916,Retail,Mumbai,Mumbai West,Mobile App,UPI,Home & Kitchen,1,1283.38,0.0,1283.38,18.2,3.3,1,2.293,No
MRD-102300,2026-03-09,C47283,Retail,Mumbai,Mumbai West,Website,Cash on Delivery,Grocery,2,210.66,15.0,358.12,4.4,3.0,4,2.433,No
MRD-102597,2026-03-09,C48281,Retail,Delhi NCR,Delhi NCR,Mobile App,UPI,Apparel,1,418.91,5.0,397.96,32.3,1.0,4,1.551,No
MRD-103816,2026-03-09,C98905,Retail,Mumbai,Mumbai West,Mobile App,UPI,Grocery,1,250.13,10.0,225.12,3.1,4.1,5,1.896,No
MRD-101014,2026-03-09,C78030,Retail,Bengaluru,Bengaluru South,Mobile App,UPI,Electronics,4,2447.08,0.0,9788.32,9.0,5.4,4,2.318,No
MRD-101725,2026-03-09,C34042,Retail,Mumbai,Mumbai West,Mobile App,UPI,Electronics,1,6224.4,20.0,4979.52,6.4,2.5,1,0.726,Yes
MRD-103212,2026-03-09,C53410,Retail,Bengaluru,Bengaluru South,Mobile App,UPI,Home & Kitchen,1,591.86,0.0,591.86,19.1,16.8,2,2.029,No
MRD-103671,2026-03-10,C48901,Retail,Delhi NCR,Delhi NCR,Website,Debit Card,Home & Kitchen,2,2012.12,0.0,4024.24,14.0,3.3,2,1.935,Yes
MRD-101787,2026-03-10,C68432,Retail,Bengaluru,Bengaluru South,Mobile App,Credit Card,Grocery,2,164.06,0.0,328.12,4.7,2.6,5,1.238,No
MRD-102797,2026-03-10,C89644,Retail,Bengaluru,Bengaluru South,Marketplace,Wallet,Apparel,4,2613.91,20.0,8364.51,25.4,3.1,5,2.336,No
MRD-100990,2026-03-10,C34347,Retail,Bengaluru,Bengaluru South,Mobile App,UPI,Grocery,3,306.45,0.0,919.35,3.6,1.0,4,2.118,No
MRD-101827,2026-03-10,C99801,Retail,Delhi NCR,Delhi NCR,Website,UPI,Grocery,1,238.31,20.0,190.65,4.6,3.1,4,1.797,No
MRD-103887,2026-03-10,C48312,Retail,Mumbai,Mumbai West,Mobile App,UPI,Grocery,1,230.13,15.0,195.61,3.7,2.9,5,2.205,No
MRD-100811,2026-03-10,C73939,Retail,Bengaluru,Bengaluru South,Mobile App,Credit Card,Electronics,1,5841.91,0.0,5841.91,9.6,2.1,4,1.288,No
MRD-102421,2026-03-10,C13380,Retail,Mumbai,Mumbai West,Website,Cash on Delivery,Home & Kitchen,1,1296.24,0.0,1296.24,22.1,3.0,5,2.034,No
MRD-104583,2026-03-10,C51001,Retail,Delhi NCR,Delhi NCR,Website,Debit Card,Grocery,2,204.02,0.0,408.04,2.4,1.0,1,1.887,No
MRD-104141,2026-03-10,C33701,Retail,Delhi NCR,Delhi NCR,Website,Credit Card,Home & Kitchen,1,881.22,0.0,881.22,11.1,3.4,5,1.699,No
MRD-103364,2026-03-10,C43646,Retail,Delhi NCR,Delhi NCR,Mobile App,Cash on Delivery,Grocery,1,210.63,0.0,210.63,3.6,1.0,5,2.093,No
MRD-103395,2026-03-10,C17499,Retail,Delhi NCR,Delhi NCR,Website,Debit Card,Electronics,2,11437.55,20.0,18300.08,6.1,1.0,1,1.854,No
MRD-101936,2026-03-10,C53465,Retail,Mumbai,Mumbai West,Marketplace,Debit Card,Grocery,3,227.74,15.0,580.74,5.1,3.0,4,2.359,No
MRD-101222,2026-03-10,C80829,Retail,Bengaluru,Bengaluru South,Mobile App,UPI,Electronics,2,1626.14,10.0,2927.05,8.7,1.6,4,1.484,No
MRD-102514,2026-03-10,C61086,Retail,Bengaluru,Bengaluru South,Mobile App,Cash on Delivery,Grocery,1,237.81,20.0,190.25,5.1,2.4,5,3.127,No
MRD-102109,2026-03-10,C29222,Corporate,Bengaluru,Bengaluru South,Mobile App,Credit Card,Home & Kitchen,21,1981.16,8.1,38234.41,11.8,1.6,5,1.341,No
MRD-104442,2026-03-11,C41687,Retail,Delhi NCR,Delhi NCR,Website,Credit Card,Apparel,1,891.35,20.0,713.08,26.8,1.7,2,2.171,No
MRD-103749,2026-03-11,C23448,Retail,Bengaluru,Bengaluru South,Mobile App,UPI,Electronics,1,2393.17,20.0,1914.54,8.3,2.3,4,2.281,No
MRD-100579,2026-03-11,C88397,Retail,Delhi NCR,Delhi NCR,Website,Debit Card,Home & Kitchen,3,5049.63,5.0,14391.45,21.5,1.0,4,2.015,No
MRD-104399,2026-03-11,C11432,Retail,Bengaluru,Bengaluru South,Mobile App,Cash on Delivery,Beauty,1,491.93,10.0,442.74,22.2,1.5,3,0.492,No
MRD-100376,2026-03-11,C86753,Retail,Mumbai,Mumbai West,Website,Cash on Delivery,Apparel,2,582.16,0.0,1164.32,32.7,3.9,5,1.826,No
MRD-100945,2026-03-11,C33077,Retail,Bengaluru,Bengaluru South,Mobile App,Cash on Delivery,Electronics,2,3463.38,0.0,6926.76,7.5,1.9,5,1.347,No
MRD-100403,2026-03-11,C25879,Retail,Delhi NCR,Delhi NCR,Mobile App,Credit Card,Electronics,4,5872.89,10.0,21142.4,10.7,1.0,3,1.528,No
MRD-100845,2026-03-11,C72978,Retail,Mumbai,Mumbai West,Mobile App,UPI,Apparel,1,636.4,10.0,572.76,42.5,3.9,2,1.586,No
MRD-104534,2026-03-11,C60309,Corporate,Delhi NCR,Delhi NCR,Website,Cash on Delivery,Grocery,32,265.59,25.5,6331.67,1.4,1.0,4,2.1,No
MRD-102344,2026-03-11,C39634,Retail,Delhi NCR,Delhi NCR,Website,UPI,Grocery,3,223.64,15.0,570.28,3.4,2.9,2,1.321,Yes
MRD-101270,2026-03-11,C33491,Retail,Mumbai,Mumbai West,Mobile App,Credit Card,Grocery,2,256.3,15.0,435.71,5.0,3.4,2,1.66,No
MRD-101009,2026-03-11,C41712,Retail,Delhi NCR,Delhi NCR,Website,UPI,Electronics,1,12730.84,0.0,12730.84,8.0,1.0,3,2.144,No
MRD-103948,2026-03-11,C60383,Retail,Delhi NCR,Delhi NCR,Mobile App,Credit Card,Grocery,2,224.45,0.0,448.9,4.3,1.0,2,1.477,Yes
MRD-102537,2026-03-11,C97648,Retail,Bengaluru,Bengaluru South,Mobile App,Credit Card,Grocery,1,290.26,15.0,246.72,4.0,1.4,5,1.775,No
MRD-102736,2026-03-11,C31552,Retail,Bengaluru,Bengaluru South,Mobile App,Debit Card,Electronics,4,16371.95,20.0,52390.24,9.0,4.9,4,1.59,No
MRD-100031,2026-03-12,C39957,Retail,Mumbai,Mumbai West,Mobile App,UPI,Apparel,3,847.25,10.0,2287.58,34.1,2.9,4,2.016,No
MRD-103604,2026-03-12,C92049,Corporate,Mumbai,Mumbai West,Website,UPI,Apparel,26,1036.25,17.3,22281.45,32.3,3.0,4,1.424,No
MRD-103799,2026-03-12,C32195,Retail,Delhi NCR,Delhi NCR,Marketplace,UPI,Grocery,2,200.58,0.0,401.16,2.9,1.9,5,1.374,No
MRD-103487,2026-03-12,C90097,Retail,Mumbai,Mumbai West,Website,Credit Card,Electronics,3,5443.13,0.0,16329.39,9.4,3.8,5,1.941,No
MRD-103165,2026-03-12,C51085,Retail,Bengaluru,Bengaluru South,Mobile App,Cash on Delivery,Beauty,1,1453.3,0.0,1453.3,24.3,5.4,1,2.345,No
MRD-102811,2026-03-12,C25539,Retail,Bengaluru,Bengaluru South,Mobile App,Credit Card,Apparel,4,545.36,15.0,1854.22,30.1,3.1,5,1.945,No
MRD-102482,2026-03-12,C89876,Retail,Bengaluru,Bengaluru South,Marketplace,UPI,Grocery,2,177.94,0.0,355.88,3.6,1.9,1,1.586,No
MRD-102769,2026-03-12,C77534,Retail,Mumbai,Mumbai West,Website,Credit Card,Apparel,2,1225.11,0.0,2450.22,29.5,3.4,5,2.004,No
MRD-103190,2026-03-12,C16112,Retail,Delhi NCR,Delhi NCR,Mobile App,Cash on Delivery,Apparel,4,1125.55,5.0,4277.09,28.0,1.0,1,1.955,No
MRD-103676,2026-03-12,C56819,Retail,Delhi NCR,Delhi NCR,Marketplace,UPI,Apparel,1,696.94,20.0,557.55,28.7,3.9,5,1.813,No
MRD-103254,2026-03-12,C64180,Corporate,Mumbai,Mumbai West,Mobile App,UPI,Home & Kitchen,21,3185.72,22.6,51780.69,17.2,3.8,4,1.595,No
MRD-100104,2026-03-12,C46403,Retail,Bengaluru,Bengaluru South,Mobile App,UPI,Home & Kitchen,1,2813.51,0.0,2813.51,14.5,4.4,4,1.566,Yes
MRD-104727,2026-03-12,C92980,Retail,Mumbai,Mumbai West,Mobile App,Cash on Delivery,Apparel,3,1342.72,10.0,3625.34,38.6,3.5,2,1.945,Yes
MRD-101268,2026-03-12,C89864,Retail,Bengaluru,Bengaluru South,Mobile App,Credit Card,Grocery,2,174.44,0.0,348.88,5.5,3.7,1,1.477,No
MRD-101672,2026-03-13,C47137,Retail,Delhi NCR,Delhi NCR,Website,Cash on Delivery,Home & Kitchen,1,865.31,0.0,865.31,18.9,1.0,5,1.903,No
MRD-102047,2026-03-13,C20565,Retail,Delhi NCR,Delhi NCR,Marketplace,UPI,Grocery,3,305.26,15.0,778.41,5.0,4.2,2,1.7,No
MRD-100119,2026-03-13,C80277,Retail,Bengaluru,Bengaluru South,Mobile App,UPI,Apparel,1,521.26,10.0,469.13,33.0,16.4,1,1.99,No
MRD-101864,2026-03-13,C88339,Retail,Mumbai,Mumbai West,Mobile App,Credit Card,Grocery,2,282.47,0.0,564.94,2.8,3.4,5,1.942,No
MRD-101626,2026-03-13,C34760,Retail,Bengaluru,Bengaluru South,Website,UPI,Grocery,1,309.26,0.0,309.26,4.4,4.1,1,1.86,No
MRD-102697,2026-03-13,C10171,Retail,Bengaluru,Bengaluru South,Website,Debit Card,Home & Kitchen,1,5092.91,0.0,5092.91,18.0,1.0,3,1.966,No
MRD-103288,2026-03-13,C62082,Retail,Mumbai,Mumbai West,Mobile App,Net Banking,Home & Kitchen,1,1480.19,5.0,1406.18,22.7,4.1,5,2.08,No
MRD-104642,2026-03-13,C53915,Retail,Bengaluru,Bengaluru South,Mobile App,UPI,Beauty,1,612.32,20.0,489.86,21.3,4.5,5,1.561,No
MRD-101237,2026-03-13,C73512,Retail,Bengaluru,Bengaluru South,Mobile App,UPI,Apparel,2,1111.08,0.0,2222.16,30.7,1.8,4,2.09,No
MRD-101870,2026-03-13,C12639,Retail,Bengaluru,Bengaluru South,Website,Cash on Delivery,Apparel,1,1080.75,5.0,1026.71,35.8,2.0,3,1.911,No
MRD-101048,2026-03-13,C52013,Retail,Bengaluru,Bengaluru South,Mobile App,Credit Card,Apparel,1,1780.6,15.0,1513.51,37.4,3.4,5,2.201,No
MRD-102822,2026-03-13,C86407,Retail,Mumbai,Mumbai West,Mobile App,Cash on Delivery,Grocery,3,199.97,10.0,539.92,8.8,3.5,5,2.486,No
MRD-100397,2026-03-13,C83487,Corporate,Delhi NCR,Delhi NCR,Website,Net Banking,Grocery,25,171.71,19.1,3472.83,4.2,3.2,2,1.522,No
MRD-100435,2026-03-13,C44027,Retail,Bengaluru,Bengaluru South,Mobile App,UPI,Beauty,3,1360.97,0.0,4082.91,24.0,6.5,3,2.086,No
MRD-104666,2026-03-13,C81709,Retail,Mumbai,Mumbai West,Mobile App,UPI,Grocery,1,224.71,0.0,224.71,5.1,2.9,5,1.924,No
MRD-101901,2026-03-13,C88332,Retail,Delhi NCR,Delhi NCR,Website,Debit Card,Electronics,1,7408.55,15.0,6297.27,6.8,2.9,5,2.256,No
MRD-101859,2026-03-13,C87359,Retail,Mumbai,Mumbai West,Mobile App,UPI,Beauty,1,814.23,20.0,651.38,26.3,3.1,3,2.123,No
MRD-101855,2026-03-13,C87540,Corporate,Bengaluru,Bengaluru South,Mobile App,Credit Card,Apparel,31,883.48,23.8,20869.56,31.5,1.0,3,2.177,Yes
MRD-104416,2026-03-14,C32078,Retail,Delhi NCR,Delhi NCR,Mobile App,Wallet,Grocery,2,298.51,0.0,597.02,3.0,2.9,4,2.06,No
MRD-100316,2026-03-14,C69401,Retail,Bengaluru,Bengaluru South,Mobile App,Credit Card,Electronics,2,25733.96,10.0,46321.13,9.3,2.2,3,1.922,Yes
MRD-101683,2026-03-14,C76514,Retail,Bengaluru,Bengaluru South,Mobile App,Credit Card,Grocery,1,184.92,10.0,166.43,5.1,1.7,2,2.22,No
MRD-104078,2026-03-14,C34196,Corporate,Bengaluru,Bengaluru South,Mobile App,UPI,Apparel,30,319.11,25.9,7093.82,32.1,4.1,1,2.396,No
MRD-100220,2026-03-14,C14575,Retail,Mumbai,Mumbai West,Mobile App,UPI,Home & Kitchen,1,1830.95,15.0,1556.31,11.9,3.4,5,2.081,No
MRD-104547,2026-03-14,C72693,Retail,Mumbai,Mumbai West,Website,UPI,Apparel,2,2594.96,0.0,5189.92,29.0,3.4,3,1.83,Yes
MRD-102124,2026-03-14,C37771,Retail,Mumbai,Mumbai West,Marketplace,Debit Card,Apparel,1,1021.64,0.0,1021.64,30.2,2.9,5,1.223,No
MRD-101948,2026-03-14,C50634,Retail,Bengaluru,Bengaluru South,Website,UPI,Grocery,2,232.19,0.0,464.38,4.8,2.3,4,2.275,No
MRD-103469,2026-03-14,C18784,Retail,Delhi NCR,Delhi NCR,Mobile App,Cash on Delivery,Electronics,1,2148.84,15.0,1826.51,7.1,1.0,5,1.771,No
MRD-103463,2026-03-14,C88993,Retail,Mumbai,Mumbai West,Mobile App,Net Banking,Beauty,1,660.26,0.0,660.26,27.3,3.0,5,2.224,Yes
MRD-104738,2026-03-14,C94671,Retail,Mumbai,Mumbai West,Mobile App,UPI,Home & Kitchen,2,1432.09,15.0,2434.55,21.3,2.5,5,1.639,No
MRD-102373,2026-03-14,C54729,Corporate,Mumbai,Mumbai West,Mobile App,UPI,Home & Kitchen,34,1155.16,8.4,35976.3,22.0,3.4,5,1.716,No
MRD-100883,2026-03-14,C93138,Retail,Bengaluru,Bengaluru South,Mobile App,UPI,Grocery,3,272.55,0.0,817.65,3.6,3.7,4,1.897,No
MRD-104055,2026-03-15,C47028,Retail,Bengaluru,Bengaluru South,Website,Net Banking,Home & Kitchen,3,2362.12,0.0,7086.36,22.0,4.5,2,0.945,Yes
MRD-102065,2026-03-15,C63941,Retail,Bengaluru,Bengaluru South,Mobile App,UPI,Electronics,1,4803.98,5.0,4563.78,6.1,4.5,5,2.594,No
MRD-102526,2026-03-15,C94475,Retail,Mumbai,Mumbai West,Website,UPI,Home & Kitchen,1,3502.99,15.0,2977.54,19.3,3.7,4,1.394,No
MRD-100371,2026-03-15,C46206,Retail,Mumbai,Mumbai West,Mobile App,Credit Card,Electronics,3,6375.17,10.0,17212.96,7.1,3.6,1,1.58,No
MRD-103260,2026-03-15,C63274,Retail,Bengaluru,Bengaluru South,Marketplace,UPI,Electronics,2,19759.03,5.0,37542.16,11.1,3.9,4,1.928,No
MRD-102183,2026-03-15,C67426,Retail,Bengaluru,Bengaluru South,Mobile App,UPI,Grocery,1,332.65,20.0,266.12,4.3,8.4,5,2.098,No
MRD-100291,2026-03-15,C93447,Retail,Mumbai,Mumbai West,Mobile App,Wallet,Grocery,1,224.35,20.0,179.48,4.8,3.2,2,2.315,Yes
MRD-104011,2026-03-15,C95514,Retail,Bengaluru,Bengaluru South,Mobile App,UPI,Apparel,2,398.21,0.0,796.42,37.3,3.0,1,1.585,No
MRD-104946,2026-03-15,C95966,Retail,Delhi NCR,Delhi NCR,Marketplace,Credit Card,Apparel,1,1415.72,0.0,1415.72,36.8,1.9,4,1.73,No
MRD-100961,2026-03-15,C66699,Retail,Mumbai,Mumbai West,Mobile App,UPI,Grocery,2,226.57,10.0,407.83,3.3,3.2,5,1.035,No
MRD-102141,2026-03-15,C65259,Retail,Delhi NCR,Delhi NCR,Mobile App,Credit Card,Beauty,1,897.33,0.0,897.33,21.3,5.1,5,2.086,No
MRD-100734,2026-03-15,C99518,Retail,Bengaluru,Bengaluru South,Website,Cash on Delivery,Apparel,2,666.28,0.0,1332.56,30.1,3.0,5,0.927,No
MRD-102258,2026-03-15,C75148,Retail,Mumbai,Mumbai West,Marketplace,Credit Card,Grocery,3,325.36,15.0,829.67,5.3,3.3,4,1.214,No
MRD-100475,2026-03-15,C89774,Retail,Bengaluru,Bengaluru South,Mobile App,Credit Card,Apparel,1,404.52,0.0,404.52,36.2,3.8,4,1.257,No
MRD-102942,2026-03-15,C87736,Corporate,Mumbai,Mumbai West,Mobile App,Wallet,Beauty,21,627.74,27.6,9544.16,25.3,3.2,4,1.968,No
MRD-100425,2026-03-16,C88617,Retail,Delhi NCR,Delhi NCR,Website,UPI,Apparel,3,2947.04,5.0,8399.06,34.3,2.5,4,2.542,No
MRD-103950,2026-03-16,C78588,Retail,Mumbai,Mumbai West,Mobile App,Cash on Delivery,Grocery,3,293.63,10.0,792.8,4.5,2.3,4,1.666,No
MRD-101939,2026-03-16,C59247,Retail,Bengaluru,Bengaluru South,Marketplace,UPI,Apparel,1,444.02,10.0,399.62,33.5,1.0,5,1.863,No
MRD-100854,2026-03-16,C13523,Retail,Mumbai,Mumbai West,Website,Net Banking,Apparel,1,576.08,0.0,576.08,32.5,3.3,5,2.262,No
MRD-100098,2026-03-16,C84532,Corporate,Mumbai,Mumbai West,Website,UPI,Apparel,33,1618.06,11.9,47041.86,38.1,3.7,3,2.163,Yes
MRD-101354,2026-03-16,C70600,Retail,Mumbai,Mumbai West,Mobile App,UPI,Grocery,2,293.61,0.0,587.22,5.8,3.4,4,1.377,No
MRD-101138,2026-03-16,C27198,Retail,Delhi NCR,Delhi NCR,Marketplace,Credit Card,Home & Kitchen,3,333.25,20.0,799.8,20.2,2.5,3,1.874,Yes
MRD-104450,2026-03-16,C59790,Retail,Mumbai,Mumbai West,Mobile App,Debit Card,Grocery,2,95.09,0.0,190.18,2.4,2.8,5,2.237,No
MRD-101741,2026-03-16,C57633,Retail,Bengaluru,Bengaluru South,Mobile App,UPI,Electronics,1,2439.37,20.0,1951.5,10.6,1.4,4,1.313,No
MRD-101992,2026-03-16,C51341,Retail,Bengaluru,Bengaluru South,Mobile App,Net Banking,Electronics,2,3256.68,15.0,5536.36,9.6,1.3,5,1.782,No
MRD-100651,2026-03-17,C75400,Retail,Bengaluru,Bengaluru South,Website,Cash on Delivery,Electronics,1,4893.12,0.0,4893.12,5.5,7.9,4,2.591,No
MRD-102283,2026-03-17,C74895,Retail,Bengaluru,Bengaluru South,Mobile App,Cash on Delivery,Electronics,1,3535.35,15.0,3005.05,8.3,1.5,4,2.371,No
MRD-103476,2026-03-17,C75129,Retail,Bengaluru,Bengaluru South,Website,UPI,Beauty,1,445.89,5.0,423.6,23.5,4.2,5,1.686,Yes
MRD-101567,2026-03-17,C33132,Retail,Bengaluru,Bengaluru South,Website,UPI,Electronics,1,1500.89,20.0,1200.71,9.7,2.3,3,1.074,No
MRD-102079,2026-03-17,C90109,Retail,Mumbai,Mumbai West,Mobile App,UPI,Grocery,1,195.75,15.0,166.39,6.5,4.5,4,2.034,No
MRD-102323,2026-03-17,C67748,Retail,Mumbai,Mumbai West,Marketplace,UPI,Beauty,1,486.58,0.0,486.58,25.0,3.9,4,1.65,No
MRD-104246,2026-03-17,C74041,Retail,Delhi NCR,Delhi NCR,Mobile App,UPI,Electronics,1,3362.61,0.0,3362.61,4.8,1.0,4,2.65,No
MRD-101613,2026-03-17,C81087,Retail,Mumbai,Mumbai West,Mobile App,Credit Card,Home & Kitchen,1,1704.33,5.0,1619.11,16.1,2.2,5,1.631,No
MRD-101811,2026-03-17,C69435,Retail,Mumbai,Mumbai West,Marketplace,Cash on Delivery,Grocery,1,276.69,5.0,262.86,5.7,2.9,5,1.438,Yes
MRD-101103,2026-03-17,C34972,Retail,Mumbai,Mumbai West,Mobile App,Credit Card,Grocery,2,275.44,15.0,468.25,4.6,3.4,3,1.976,No
MRD-100166,2026-03-17,C13626,Corporate,Mumbai,Mumbai West,Mobile App,UPI,Electronics,30,2489.45,11.8,65870.85,10.1,2.7,5,2.101,Yes
MRD-103636,2026-03-17,C25995,Retail,Delhi NCR,Delhi NCR,Mobile App,Debit Card,Grocery,2,183.62,0.0,367.24,1.7,2.6,5,1.389,Yes
MRD-101545,2026-03-17,C89224,Retail,Mumbai,Mumbai West,Mobile App,Debit Card,Home & Kitchen,2,1739.9,0.0,3479.8,22.0,3.8,2,2.485,Yes
MRD-100643,2026-03-17,C78969,Retail,Bengaluru,Bengaluru South,Mobile App,Cash on Delivery,Beauty,3,1501.48,20.0,3603.55,19.2,3.5,4,1.662,No
MRD-100086,2026-03-17,C59228,Retail,Mumbai,Mumbai West,Website,Net Banking,Apparel,3,777.23,15.0,1981.94,40.2,3.9,4,1.235,Yes
MRD-101301,2026-03-18,C88752,Retail,Mumbai,Mumbai West,Mobile App,Wallet,Electronics,1,1738.79,0.0,1738.79,9.7,3.5,1,1.187,Yes
MRD-104033,2026-03-18,C41352,Retail,Mumbai,Mumbai West,Marketplace,Wallet,Grocery,2,229.86,0.0,459.72,4.3,3.4,2,1.853,No
MRD-102490,2026-03-18,C61275,Retail,Mumbai,Mumbai West,Marketplace,UPI,Grocery,2,158.17,15.0,268.89,4.3,3.6,4,1.663,No
MRD-101044,2026-03-18,C80318,Corporate,Bengaluru,Bengaluru South,Mobile App,Credit Card,Electronics,23,8719.44,23.6,153218.0,7.7,2.3,4,1.614,No
MRD-101040,2026-03-18,C81496,Retail,Delhi NCR,Delhi NCR,Mobile App,Debit Card,Beauty,1,798.98,0.0,798.98,29.4,1.2,1,1.648,Yes
MRD-104592,2026-03-18,C88942,Retail,Delhi NCR,Delhi NCR,Mobile App,Net Banking,Grocery,1,276.28,0.0,276.28,4.4,1.0,2,2.039,Yes
MRD-100170,2026-03-18,C56281,Retail,Bengaluru,Bengaluru South,Marketplace,UPI,Apparel,1,1883.2,0.0,1883.2,31.7,1.7,5,1.329,Yes
MRD-103443,2026-03-18,C22041,Retail,Mumbai,Mumbai West,Website,Debit Card,Home & Kitchen,3,2325.14,5.0,6626.65,14.7,3.3,4,1.121,Yes
MRD-103484,2026-03-18,C71522,Retail,Mumbai,Mumbai West,Mobile App,UPI,Electronics,5,5848.02,10.0,26316.09,9.1,2.9,5,1.911,No
MRD-100130,2026-03-18,C65655,Retail,Mumbai,Mumbai West,Mobile App,UPI,Beauty,2,613.93,15.0,1043.68,21.2,3.4,4,2.004,No
MRD-102264,2026-03-18,C48932,Retail,Delhi NCR,Delhi NCR,Mobile App,Cash on Delivery,Grocery,1,114.55,10.0,103.1,4.5,4.8,1,1.483,No
MRD-101350,2026-03-18,C27250,Retail,Mumbai,Mumbai West,Website,Wallet,Beauty,2,486.0,0.0,972.0,23.6,4.0,4,1.53,No
MRD-102545,2026-03-18,C97269,Retail,Mumbai,Mumbai West,Mobile App,UPI,Electronics,1,3827.33,0.0,3827.33,5.8,3.4,3,2.349,No
MRD-102078,2026-03-19,C73301,Retail,Delhi NCR,Delhi NCR,Mobile App,Credit Card,Apparel,2,861.96,20.0,1379.14,29.4,1.0,5,2.001,No
MRD-103556,2026-03-19,C36312,Retail,Mumbai,Mumbai West,Website,Debit Card,Beauty,2,395.49,0.0,790.98,29.4,19.9,1,2.394,No
MRD-102262,2026-03-19,C60546,Retail,Delhi NCR,Delhi NCR,Mobile App,UPI,Apparel,1,3342.99,0.0,3342.99,36.1,3.5,4,1.884,No
MRD-104447,2026-03-19,C35741,Retail,Bengaluru,Bengaluru South,Website,UPI,Apparel,3,810.77,10.0,2189.08,31.6,4.8,3,1.68,No
MRD-102440,2026-03-19,C72100,Retail,Bengaluru,Bengaluru South,Website,UPI,Home & Kitchen,1,3050.87,10.0,2745.78,14.8,2.6,5,1.792,No
MRD-104409,2026-03-19,C49862,Retail,Mumbai,Mumbai West,Website,Net Banking,Home & Kitchen,3,2603.39,20.0,6248.14,20.8,4.3,4,2.537,No
MRD-101558,2026-03-19,C72880,Retail,Bengaluru,Bengaluru South,Mobile App,UPI,Home & Kitchen,1,1561.56,0.0,1561.56,21.0,12.2,5,2.008,No
MRD-101478,2026-03-19,C70395,Retail,Delhi NCR,Delhi NCR,Mobile App,Debit Card,Grocery,3,180.04,15.0,459.1,4.9,3.2,4,1.898,No
MRD-101472,2026-03-19,C43750,Retail,Bengaluru,Bengaluru South,Marketplace,UPI,Grocery,1,250.59,5.0,238.06,4.0,3.2,3,1.514,No
MRD-103653,2026-03-19,C21407,Retail,Mumbai,Mumbai West,Mobile App,UPI,Home & Kitchen,3,873.96,20.0,2097.5,12.5,3.6,4,2.686,No
MRD-104925,2026-03-19,C49316,Retail,Mumbai,Mumbai West,Mobile App,UPI,Apparel,1,1234.61,10.0,1111.15,36.4,4.2,5,1.602,No
MRD-102498,2026-03-20,C98390,Retail,Mumbai,Mumbai West,Mobile App,Credit Card,Home & Kitchen,2,1460.74,20.0,2337.18,19.7,4.1,4,1.632,No
MRD-103840,2026-03-20,C64932,Corporate,Mumbai,Mumbai West,Website,UPI,Home & Kitchen,37,1362.45,22.2,39219.49,18.3,2.7,2,1.307,No
MRD-101899,2026-03-20,C12760,Retail,Delhi NCR,Delhi NCR,Mobile App,Cash on Delivery,Electronics,1,2492.8,5.0,2368.16,9.4,2.1,2,1.727,No
MRD-104297,2026-03-20,C42547,Retail,Delhi NCR,Delhi NCR,Marketplace,UPI,Grocery,3,194.33,10.0,524.69,3.9,5.2,5,1.58,No
MRD-103042,2026-03-20,C68883,Retail,Delhi NCR,Delhi NCR,Website,Debit Card,Beauty,4,740.61,5.0,2814.32,20.6,1.8,4,1.898,No
MRD-101061,2026-03-20,C21150,Corporate,Bengaluru,Bengaluru South,Mobile App,Cash on Delivery,Grocery,26,130.4,17.5,2797.08,5.5,3.3,4,2.048,No
MRD-101107,2026-03-20,C67794,Retail,Delhi NCR,Delhi NCR,Marketplace,Credit Card,Grocery,1,241.39,20.0,193.11,2.1,2.1,4,2.437,No
MRD-104235,2026-03-20,C99627,Corporate,Delhi NCR,Delhi NCR,Website,Wallet,Apparel,23,753.81,16.6,14459.58,40.8,1.6,4,2.11,Yes
MRD-100951,2026-03-20,C60782,Corporate,Mumbai,Mumbai West,Mobile App,Credit Card,Grocery,34,207.0,11.1,6256.78,1.8,2.8,4,2.159,No
MRD-100229,2026-03-21,C73060,Retail,Delhi NCR,Delhi NCR,Mobile App,UPI,Electronics,3,4117.19,15.0,10498.83,7.6,1.7,4,1.661,No
MRD-101557,2026-03-21,C30527,Retail,Bengaluru,Bengaluru South,Marketplace,Credit Card,Apparel,3,1032.06,20.0,2476.94,37.4,4.3,5,2.101,No
MRD-101584,2026-03-21,C81574,Retail,Mumbai,Mumbai West,Mobile App,Debit Card,Electronics,2,1166.14,15.0,1982.44,8.7,3.8,2,2.065,No
MRD-104314,2026-03-21,C23666,Retail,Bengaluru,Bengaluru South,Mobile App,Debit Card,Grocery,4,221.87,15.0,754.36,1.4,2.9,4,2.109,No
MRD-101630,2026-03-21,C89638,Retail,Bengaluru,Bengaluru South,Mobile App,Credit Card,Grocery,3,170.92,0.0,512.76,4.1,1.0,4,2.196,No
MRD-101058,2026-03-21,C14341,Retail,Bengaluru,Bengaluru South,Mobile App,UPI,Electronics,1,1880.31,0.0,1880.31,4.9,4.1,4,1.329,No
MRD-102449,2026-03-21,C31346,Retail,Bengaluru,Bengaluru South,Mobile App,Debit Card,Electronics,1,2050.9,20.0,1640.72,9.7,2.5,5,2.034,No
MRD-102261,2026-03-21,C85852,Retail,Mumbai,Mumbai West,Website,Wallet,Electronics,2,3435.19,10.0,6183.34,8.1,3.4,5,1.56,No
MRD-101315,2026-03-21,C42526,Retail,Mumbai,Mumbai West,Mobile App,Credit Card,Home & Kitchen,4,910.61,0.0,3642.44,17.2,2.7,4,1.092,No
MRD-101352,2026-03-21,C11376,Corporate,Delhi NCR,Delhi NCR,Mobile App,UPI,Home & Kitchen,37,622.68,21.2,18154.86,17.6,2.1,4,1.031,No
MRD-104695,2026-03-21,C28481,Retail,Bengaluru,Bengaluru South,Mobile App,Credit Card,Home & Kitchen,1,1752.95,15.0,1490.01,17.9,1.6,2,1.662,No
MRD-100354,2026-03-21,C99790,Retail,Mumbai,Mumbai West,Website,UPI,Grocery,2,192.82,15.0,327.79,3.1,2.9,5,1.616,No
MRD-104165,2026-03-22,C90643,Retail,Delhi NCR,Delhi NCR,Website,UPI,Home & Kitchen,2,1060.88,0.0,2121.76,19.3,2.3,5,2.276,No
MRD-102536,2026-03-22,C32526,Retail,Mumbai,Mumbai West,Website,Credit Card,Home & Kitchen,2,6488.08,15.0,11029.74,21.6,3.2,4,2.908,No
MRD-103379,2026-03-22,C72125,Retail,Mumbai,Mumbai West,Website,Cash on Delivery,Grocery,1,195.17,10.0,175.65,5.1,3.4,5,1.706,No
MRD-103514,2026-03-22,C28401,Retail,Bengaluru,Bengaluru South,Mobile App,UPI,Home & Kitchen,3,1987.37,10.0,5365.9,18.6,2.7,5,2.025,No
MRD-100596,2026-03-22,C13850,Retail,Mumbai,Mumbai West,Mobile App,Debit Card,Electronics,1,3872.94,15.0,3292.0,5.0,3.0,3,2.255,No
MRD-103281,2026-03-22,C33852,Retail,Delhi NCR,Delhi NCR,Mobile App,UPI,Apparel,3,668.75,15.0,1705.31,26.0,4.0,3,2.266,Yes
MRD-100693,2026-03-22,C86759,Retail,Mumbai,Mumbai West,Mobile App,UPI,Grocery,1,240.78,0.0,240.78,4.1,3.9,5,1.63,No
MRD-102372,2026-03-22,C28494,Retail,Delhi NCR,Delhi NCR,Marketplace,Credit Card,Home & Kitchen,2,4097.56,15.0,6965.85,14.6,2.0,5,2.047,No
MRD-101643,2026-03-22,C78402,Corporate,Delhi NCR,Delhi NCR,Mobile App,UPI,Grocery,27,229.39,11.9,5456.5,2.7,4.8,4,2.123,No
MRD-103649,2026-03-22,C87310,Retail,Delhi NCR,Delhi NCR,Mobile App,UPI,Electronics,1,11747.86,10.0,10573.07,9.1,1.3,5,2.186,No
MRD-100558,2026-03-22,C73707,Corporate,Mumbai,Mumbai West,Website,Debit Card,Apparel,24,853.69,18.5,16698.18,28.3,4.2,1,1.993,Yes
MRD-100588,2026-03-22,C22945,Retail,Bengaluru,Bengaluru South,Website,Cash on Delivery,Apparel,2,764.55,10.0,1376.19,31.9,2.8,5,1.354,Yes
MRD-104134,2026-03-22,C75462,Retail,Mumbai,Mumbai West,Website,UPI,Home & Kitchen,1,3499.04,0.0,3499.04,17.4,3.7,3,2.009,No
MRD-102112,2026-03-23,C92234,Retail,Mumbai,Mumbai West,Website,UPI,Grocery,5,227.59,20.0,910.36,6.5,4.0,4,1.885,No
MRD-103248,2026-03-23,C21665,Retail,Mumbai,Mumbai West,Mobile App,Cash on Delivery,Beauty,1,1419.01,20.0,1135.21,30.7,4.0,5,1.951,No
MRD-103493,2026-03-23,C19863,Retail,Mumbai,Mumbai West,Mobile App,Net Banking,Apparel,3,713.79,15.0,1820.16,31.7,3.3,4,1.96,No
MRD-104376,2026-03-23,C63633,Retail,Bengaluru,Bengaluru South,Mobile App,Net Banking,Beauty,1,363.99,5.0,345.79,19.4,1.1,4,2.093,No
MRD-100273,2026-03-23,C40801,Corporate,Bengaluru,Bengaluru South,Mobile App,Credit Card,Apparel,23,2107.66,19.2,39168.75,26.4,4.1,5,1.537,No
MRD-100641,2026-03-23,C26415,Retail,Delhi NCR,Delhi NCR,Mobile App,Net Banking,Grocery,2,156.31,0.0,312.62,5.3,1.9,5,2.144,No
MRD-100662,2026-03-23,C46086,Retail,Mumbai,Mumbai West,Website,Credit Card,Grocery,3,187.37,15.0,477.79,5.5,3.4,5,1.251,No
MRD-104952,2026-03-23,C57542,Retail,Bengaluru,Bengaluru South,Website,UPI,Grocery,2,174.99,15.0,297.48,3.8,2.2,4,2.296,No
MRD-104821,2026-03-23,C79156,Retail,Bengaluru,Bengaluru South,Marketplace,UPI,Grocery,3,213.46,10.0,576.34,2.8,3.5,5,1.228,No
MRD-100521,2026-03-23,C15017,Retail,Mumbai,Mumbai West,Marketplace,UPI,Home & Kitchen,1,873.3,0.0,873.3,12.9,2.6,5,2.283,Yes
MRD-104810,2026-03-23,C52337,Retail,Bengaluru,Bengaluru South,Website,Wallet,Grocery,1,198.34,10.0,178.51,3.1,2.6,2,2.047,No
MRD-102762,2026-03-23,C52410,Retail,Delhi NCR,Delhi NCR,Mobile App,UPI,Apparel,1,861.32,5.0,818.25,27.2,1.0,4,1.482,No
MRD-103972,2026-03-23,C28297,Retail,Bengaluru,Bengaluru South,Marketplace,Debit Card,Grocery,3,229.44,0.0,688.32,3.3,3.1,4,1.679,No
MRD-103126,2026-03-23,C24664,Retail,Delhi NCR,Delhi NCR,Mobile App,Credit Card,Home & Kitchen,1,1505.41,20.0,1204.33,18.7,2.8,3,2.214,No
MRD-102041,2026-03-24,C50730,Retail,Delhi NCR,Delhi NCR,Mobile App,UPI,Beauty,1,757.29,10.0,681.56,25.6,2.5,4,2.15,No
MRD-104539,2026-03-24,C52759,Retail,Mumbai,Mumbai West,Website,UPI,Apparel,1,1393.92,5.0,1324.22,34.4,3.2,2,1.478,No
MRD-101542,2026-03-24,C68076,Corporate,Bengaluru,Bengaluru South,Marketplace,UPI,Home & Kitchen,38,2279.35,15.0,73623.0,17.3,1.0,5,1.633,Yes
MRD-104168,2026-03-24,C27308,Retail,Mumbai,Mumbai West,Mobile App,Cash on Delivery,Apparel,2,1805.13,0.0,3610.26,31.0,2.9,5,1.907,No
MRD-100177,2026-03-24,C95474,Retail,Mumbai,Mumbai West,Website,Cash on Delivery,Grocery,3,180.81,5.0,515.31,3.2,3.4,4,2.254,No
MRD-101399,2026-03-24,C82025,Retail,Mumbai,Mumbai West,Website,Credit Card,Home & Kitchen,3,2034.56,10.0,5493.31,18.6,3.0,5,2.659,No
MRD-103428,2026-03-24,C41878,Retail,Delhi NCR,Delhi NCR,Website,UPI,Grocery,2,253.98,10.0,457.16,1.9,1.2,5,1.649,No
MRD-104449,2026-03-24,C20471,Retail,Mumbai,Mumbai West,Website,Debit Card,Electronics,1,2922.88,15.0,2484.45,10.4,3.5,5,1.674,No
MRD-104192,2026-03-25,C65871,Retail,Bengaluru,Bengaluru South,Website,UPI,Apparel,1,1619.54,0.0,1619.54,31.7,2.8,5,0.979,No
MRD-101831,2026-03-25,C59945,Retail,Bengaluru,Bengaluru South,Website,Cash on Delivery,Grocery,2,324.97,0.0,649.94,1.9,4.2,4,2.673,No
MRD-101381,2026-03-25,C75909,Retail,Mumbai,Mumbai West,Mobile App,UPI,Home & Kitchen,2,988.56,5.0,1878.26,17.5,3.6,5,1.565,No
MRD-103890,2026-03-25,C20431,Retail,Mumbai,Mumbai West,Mobile App,UPI,Home & Kitchen,1,1165.51,0.0,1165.51,17.8,3.2,4,1.539,No
MRD-103778,2026-03-25,C45226,Retail,Bengaluru,Bengaluru South,Website,Net Banking,Grocery,2,264.33,20.0,422.93,4.1,1.0,3,2.047,No
MRD-103511,2026-03-25,C13240,Retail,Delhi NCR,Delhi NCR,Marketplace,UPI,Beauty,3,524.8,0.0,1574.4,29.1,2.1,4,2.385,No
MRD-104142,2026-03-25,C98851,Retail,Bengaluru,Bengaluru South,Mobile App,UPI,Grocery,3,253.66,10.0,684.88,5.8,3.5,1,2.108,Yes
MRD-100793,2026-03-25,C46732,Retail,Mumbai,Mumbai West,Website,UPI,Grocery,1,167.19,20.0,133.75,3.1,2.7,1,2.669,No
MRD-104098,2026-03-25,C71787,Retail,Bengaluru,Bengaluru South,Mobile App,Cash on Delivery,Apparel,1,491.91,0.0,491.91,39.1,5.2,5,1.411,No
MRD-100503,2026-03-25,C47274,Retail,Bengaluru,Bengaluru South,Mobile App,Credit Card,Home & Kitchen,1,1896.86,5.0,1802.02,18.4,3.6,3,2.74,No
MRD-100487,2026-03-25,C59657,Retail,Delhi NCR,Delhi NCR,Mobile App,Cash on Delivery,Grocery,1,199.34,0.0,199.34,0.5,1.4,5,2.127,No
MRD-103243,2026-03-25,C75554,Retail,Delhi NCR,Delhi NCR,Mobile App,Debit Card,Home & Kitchen,1,1849.55,10.0,1664.6,15.1,1.6,5,1.816,No
MRD-102319,2026-03-25,C78484,Retail,Bengaluru,Bengaluru South,Mobile App,Debit Card,Electronics,2,14471.48,0.0,28942.96,7.1,2.4,5,2.087,No
MRD-102915,2026-03-25,C56915,Retail,Mumbai,Mumbai West,Mobile App,Credit Card,Apparel,3,1004.32,20.0,2410.37,32.4,3.3,1,1.616,Yes
MRD-102203,2026-03-25,C54184,Retail,Delhi NCR,Delhi NCR,Mobile App,Net Banking,Apparel,1,805.61,0.0,805.61,31.0,4.4,1,1.665,Yes
MRD-102923,2026-03-25,C24157,Retail,Mumbai,Mumbai West,Mobile App,Credit Card,Apparel,3,678.39,0.0,2035.17,25.3,3.3,4,2.321,No
MRD-100219,2026-03-25,C94737,Retail,Bengaluru,Bengaluru South,Mobile App,UPI,Home & Kitchen,3,2148.92,0.0,6446.76,17.7,1.0,5,1.693,No
MRD-102502,2026-03-25,C95567,Corporate,Bengaluru,Bengaluru South,Mobile App,Debit Card,Beauty,34,1436.59,26.3,35998.07,29.9,3.3,5,1.406,No
MRD-102206,2026-03-25,C99908,Retail,Mumbai,Mumbai West,Marketplace,UPI,Home & Kitchen,2,3110.86,20.0,4977.38,11.4,2.1,1,1.49,No
MRD-100125,2026-03-25,C14791,Retail,Delhi NCR,Delhi NCR,Mobile App,UPI,Home & Kitchen,2,1457.94,20.0,2332.7,15.7,2.3,5,1.982,No
MRD-103189,2026-03-26,C19152,Retail,Delhi NCR,Delhi NCR,Mobile App,Debit Card,Grocery,1,225.85,20.0,180.68,3.3,4.1,4,2.152,No
MRD-102127,2026-03-26,C51113,Retail,Mumbai,Mumbai West,Website,UPI,Electronics,2,1853.89,5.0,3522.39,10.0,3.8,4,2.367,No
MRD-103868,2026-03-26,C85883,Retail,Delhi NCR,Delhi NCR,Mobile App,Cash on Delivery,Apparel,1,848.63,15.0,721.34,29.0,4.4,5,2.181,No
MRD-101016,2026-03-26,C43353,Retail,Delhi NCR,Delhi NCR,Mobile App,UPI,Electronics,3,5718.03,10.0,15438.68,11.3,2.1,2,1.876,No
MRD-101786,2026-03-26,C87788,Retail,Bengaluru,Bengaluru South,Marketplace,UPI,Electronics,2,7958.34,10.0,14325.01,9.3,4.6,5,1.685,No
MRD-103307,2026-03-26,C70277,Retail,Bengaluru,Bengaluru South,Mobile App,Credit Card,Apparel,1,2237.8,20.0,1790.24,31.1,3.3,5,2.005,No
MRD-104003,2026-03-26,C49413,Retail,Bengaluru,Bengaluru South,Mobile App,UPI,Apparel,1,803.82,20.0,643.06,36.2,3.7,5,1.268,No
MRD-104272,2026-03-26,C47677,Retail,Mumbai,Mumbai West,Website,Net Banking,Beauty,1,656.14,10.0,590.53,29.9,2.9,3,2.421,No
MRD-101286,2026-03-26,C88731,Retail,Delhi NCR,Delhi NCR,Website,Credit Card,Home & Kitchen,2,1084.09,0.0,2168.18,14.8,1.0,5,2.248,No
MRD-102703,2026-03-26,C33625,Retail,Mumbai,Mumbai West,Marketplace,UPI,Grocery,1,171.57,15.0,145.83,6.3,3.2,3,1.308,Yes
MRD-104186,2026-03-26,C29143,Retail,Bengaluru,Bengaluru South,Mobile App,Wallet,Apparel,2,892.34,20.0,1427.74,39.9,3.4,5,1.903,No
MRD-102368,2026-03-26,C65701,Retail,Delhi NCR,Delhi NCR,Mobile App,Cash on Delivery,Apparel,3,388.05,10.0,1047.74,35.5,1.7,1,2.003,No
MRD-104512,2026-03-26,C54383,Retail,Mumbai,Mumbai West,Marketplace,Cash on Delivery,Home & Kitchen,1,4077.4,0.0,4077.4,20.4,3.4,3,1.964,No
MRD-101576,2026-03-26,C67854,Retail,Mumbai,Mumbai West,Marketplace,Credit Card,Grocery,3,241.48,15.0,615.77,0.5,2.6,3,2.183,No
MRD-104736,2026-03-27,C88968,Retail,Delhi NCR,Delhi NCR,Website,Debit Card,Grocery,2,376.95,0.0,753.9,6.3,2.8,4,1.956,No
MRD-100611,2026-03-27,C47940,Retail,Delhi NCR,Delhi NCR,Mobile App,Net Banking,Apparel,2,896.52,20.0,1434.43,31.1,7.9,4,2.163,No
MRD-102945,2026-03-27,C57460,Retail,Delhi NCR,Delhi NCR,Website,UPI,Electronics,2,8545.49,0.0,17090.98,7.9,1.6,4,1.947,No
MRD-104300,2026-03-27,C49945,Retail,Delhi NCR,Delhi NCR,Website,UPI,Electronics,4,7229.13,0.0,28916.52,7.9,1.5,3,2.701,Yes
MRD-100974,2026-03-27,C19499,Retail,Mumbai,Mumbai West,Mobile App,Credit Card,Grocery,2,206.44,20.0,330.3,3.9,3.2,5,1.821,No
MRD-103438,2026-03-27,C20115,Corporate,Bengaluru,Bengaluru South,Mobile App,Cash on Delivery,Home & Kitchen,28,1542.81,11.4,38274.03,13.0,3.0,4,2.137,No
MRD-103555,2026-03-27,C37541,Retail,Delhi NCR,Delhi NCR,Mobile App,Cash on Delivery,Electronics,3,2882.75,20.0,6918.6,9.4,3.7,5,1.525,No
MRD-102541,2026-03-27,C88767,Corporate,Bengaluru,Bengaluru South,Mobile App,Credit Card,Grocery,26,222.7,9.6,5234.34,5.0,4.7,5,1.687,No
MRD-100808,2026-03-27,C87776,Corporate,Bengaluru,Bengaluru South,Website,Credit Card,Grocery,24,200.44,27.6,3482.85,3.5,5.2,5,1.724,No
MRD-101655,2026-03-27,C48372,Retail,Bengaluru,Bengaluru South,Mobile App,UPI,Grocery,1,398.27,20.0,318.62,4.0,2.3,2,1.653,Yes
MRD-101975,2026-03-27,C55750,Retail,Bengaluru,Bengaluru South,Marketplace,Credit Card,Grocery,2,207.29,0.0,414.58,2.2,1.0,4,1.635,No
MRD-102562,2026-03-27,C76690,Retail,Mumbai,Mumbai West,Website,Debit Card,Grocery,3,284.01,0.0,852.03,5.8,2.9,5,2.471,No
MRD-100451,2026-03-27,C94466,Retail,Delhi NCR,Delhi NCR,Mobile App,Cash on Delivery,Apparel,2,1167.7,20.0,1868.32,37.8,3.8,5,1.522,No
MRD-104645,2026-03-27,C20924,Retail,Mumbai,Mumbai West,Mobile App,UPI,Apparel,1,1379.22,20.0,1103.38,29.7,3.0,4,1.491,No
MRD-100240,2026-03-27,C20453,Retail,Delhi NCR,Delhi NCR,Mobile App,UPI,Apparel,3,611.93,5.0,1744.0,25.0,1.0,4,1.836,Yes
MRD-100908,2026-03-27,C36826,Retail,Mumbai,Mumbai West,Marketplace,Credit Card,Electronics,2,5859.7,0.0,11719.4,5.9,2.5,5,0.81,No
MRD-103285,2026-03-27,C85376,Retail,Mumbai,Mumbai West,Mobile App,Cash on Delivery,Grocery,1,188.33,5.0,178.91,3.5,2.8,2,1.525,No
MRD-102327,2026-03-28,C90638,Retail,Mumbai,Mumbai West,Marketplace,Debit Card,Home & Kitchen,2,1720.32,0.0,3440.64,17.8,3.1,3,2.569,No
MRD-101594,2026-03-28,C76397,Retail,Delhi NCR,Delhi NCR,Mobile App,UPI,Apparel,5,1496.73,15.0,6361.1,26.4,1.0,1,1.963,Yes
MRD-101091,2026-03-28,C39079,Retail,Mumbai,Mumbai West,Mobile App,Wallet,Grocery,1,177.04,0.0,177.04,4.4,3.9,5,2.23,No
MRD-101453,2026-03-28,C43995,Retail,Delhi NCR,Delhi NCR,Website,Debit Card,Apparel,2,1363.91,0.0,2727.82,32.0,3.8,4,3.206,No
MRD-100594,2026-03-28,C37900,Retail,Bengaluru,Bengaluru South,Mobile App,Credit Card,Electronics,1,3573.62,15.0,3037.58,12.2,3.7,1,1.985,No
MRD-102101,2026-03-28,C21915,Corporate,Delhi NCR,Delhi NCR,Website,Cash on Delivery,Grocery,37,256.84,26.1,7022.78,5.2,1.0,5,1.922,No
MRD-102460,2026-03-28,C15542,Retail,Mumbai,Mumbai West,Mobile App,Cash on Delivery,Grocery,2,166.03,0.0,332.06,6.2,3.0,3,2.227,No
MRD-104126,2026-03-28,C34415,Retail,Delhi NCR,Delhi NCR,Mobile App,Credit Card,Grocery,1,206.27,0.0,206.27,4.7,3.1,2,1.985,No
MRD-100465,2026-03-28,C85498,Retail,Bengaluru,Bengaluru South,Marketplace,Credit Card,Apparel,3,991.98,15.0,2529.55,25.9,1.6,3,2.453,No
MRD-101552,2026-03-28,C44895,Retail,Bengaluru,Bengaluru South,Website,UPI,Electronics,3,1273.59,0.0,3820.77,10.0,2.5,4,2.022,No
MRD-101949,2026-03-28,C83963,Retail,Delhi NCR,Delhi NCR,Website,UPI,Grocery,1,208.74,10.0,187.87,5.0,1.3,4,2.03,No
MRD-101570,2026-03-28,C37341,Retail,Delhi NCR,Delhi NCR,Mobile App,UPI,Electronics,1,6386.14,10.0,5747.53,6.9,29.4,2,2.143,Yes
MRD-104380,2026-03-28,C38416,Retail,Bengaluru,Bengaluru South,Website,Credit Card,Apparel,1,1452.2,10.0,1306.98,25.8,2.2,5,2.127,No
MRD-103064,2026-03-28,C75871,Retail,Delhi NCR,Delhi NCR,Mobile App,Cash on Delivery,Grocery,1,162.18,10.0,145.96,5.2,2.3,5,2.423,No
MRD-100337,2026-03-29,C15320,Retail,Bengaluru,Bengaluru South,Marketplace,Credit Card,Electronics,2,3636.89,10.0,6546.4,6.7,3.4,4,1.974,No
MRD-100175,2026-03-29,C26874,Retail,Bengaluru,Bengaluru South,Mobile App,UPI,Electronics,2,8260.38,5.0,15694.72,5.5,1.2,1,2.176,No
MRD-102644,2026-03-29,C35173,Retail,Bengaluru,Bengaluru South,Mobile App,UPI,Beauty,3,383.8,15.0,978.69,23.7,1.6,2,1.5,No
MRD-102863,2026-03-29,C51128,Retail,Mumbai,Mumbai West,Mobile App,Net Banking,Electronics,4,2059.97,0.0,8239.88,9.7,2.4,4,2.206,No
MRD-102684,2026-03-29,C35712,Retail,Bengaluru,Bengaluru South,Marketplace,Wallet,Grocery,2,235.68,0.0,471.36,4.3,2.2,5,2.366,No
MRD-101226,2026-03-29,C47421,Retail,Mumbai,Mumbai West,Mobile App,Cash on Delivery,Home & Kitchen,3,2882.04,0.0,8646.12,24.7,4.1,4,1.753,No
MRD-103735,2026-03-29,C39386,Retail,Bengaluru,Bengaluru South,Mobile App,UPI,Grocery,2,198.93,5.0,377.97,0.5,2.8,4,1.993,No
MRD-100021,2026-03-29,C29892,Retail,Mumbai,Mumbai West,Marketplace,UPI,Apparel,1,2848.08,0.0,2848.08,38.5,2.9,4,2.258,Yes
MRD-102073,2026-03-29,C53392,Retail,Mumbai,Mumbai West,Mobile App,Cash on Delivery,Apparel,4,871.18,20.0,2787.78,33.5,3.7,4,1.656,No
MRD-101704,2026-03-29,C62251,Retail,Mumbai,Mumbai West,Website,Cash on Delivery,Electronics,1,9801.62,0.0,9801.62,9.5,3.2,4,1.833,No
MRD-103875,2026-03-29,C80371,Retail,Bengaluru,Bengaluru South,Marketplace,UPI,Apparel,1,907.44,20.0,725.95,23.1,5.4,4,2.4,No
MRD-102199,2026-03-29,C94246,Retail,Mumbai,Mumbai West,Mobile App,UPI,Apparel,3,421.34,15.0,1074.42,30.7,3.4,5,1.244,No
MRD-101455,2026-03-29,C42003,Retail,Delhi NCR,Delhi NCR,Marketplace,UPI,Apparel,1,1117.76,20.0,894.21,37.2,1.9,4,2.498,No
MRD-103682,2026-03-30,C28817,Retail,Bengaluru,Bengaluru South,Mobile App,UPI,Home & Kitchen,3,795.78,5.0,2267.97,12.7,3.5,3,1.245,No
MRD-101871,2026-03-30,C15425,Retail,Delhi NCR,Delhi NCR,Mobile App,Net Banking,Apparel,1,1764.1,20.0,1411.28,31.4,5.6,4,1.398,No
MRD-104196,2026-03-30,C30796,Retail,Bengaluru,Bengaluru South,Marketplace,UPI,Apparel,1,921.08,20.0,736.86,29.1,3.2,5,2.315,No
MRD-100910,2026-03-30,C22705,Retail,Delhi NCR,Delhi NCR,Mobile App,UPI,Grocery,1,171.38,10.0,154.24,1.0,2.5,4,2.081,No
MRD-104652,2026-03-30,C74912,Retail,Mumbai,Mumbai West,Website,UPI,Grocery,2,285.95,20.0,457.52,4.6,2.6,2,0.857,No
MRD-100151,2026-03-30,C94683,Retail,Mumbai,Mumbai West,Mobile App,Credit Card,Home & Kitchen,2,731.18,5.0,1389.24,15.4,3.9,4,2.287,No
MRD-102820,2026-03-30,C75782,Retail,Bengaluru,Bengaluru South,Website,Cash on Delivery,Apparel,1,891.74,20.0,713.39,27.5,1.0,5,1.289,Yes
MRD-104627,2026-03-30,C73879,Retail,Bengaluru,Bengaluru South,Mobile App,Debit Card,Grocery,1,290.49,0.0,290.49,2.6,6.2,5,1.213,No
MRD-101402,2026-03-30,C23372,Retail,Bengaluru,Bengaluru South,Mobile App,Credit Card,Grocery,2,167.55,5.0,318.35,5.3,3.9,3,1.689,No
MRD-102827,2026-03-30,C37045,Retail,Delhi NCR,Delhi NCR,Website,Credit Card,Apparel,1,951.81,10.0,856.63,36.2,4.9,4,2.866,No
MRD-102070,2026-03-31,C68940,Retail,Delhi NCR,Delhi NCR,Mobile App,UPI,Grocery,1,255.86,0.0,255.86,2.7,1.4,3,1.734,No
MRD-101898,2026-03-31,C54831,Retail,Mumbai,Mumbai West,Website,UPI,Electronics,2,2583.11,10.0,4649.6,8.5,3.6,4,2.056,No
MRD-101589,2026-03-31,C41179,Retail,Bengaluru,Bengaluru South,Website,UPI,Grocery,2,242.77,0.0,485.54,4.6,1.1,5,1.582,No
MRD-103969,2026-03-31,C50168,Retail,Mumbai,Mumbai West,Mobile App,Net Banking,Apparel,2,1142.62,0.0,2285.24,32.7,3.9,5,2.079,Yes
MRD-103573,2026-03-31,C32225,Retail,Mumbai,Mumbai West,Mobile App,Credit Card,Grocery,1,214.26,10.0,192.83,0.5,3.4,1,1.514,Yes
MRD-102772,2026-03-31,C40382,Retail,Delhi NCR,Delhi NCR,Mobile App,Credit Card,Electronics,2,3791.26,15.0,6445.14,5.7,1.0,4,1.962,No
MRD-104947,2026-03-31,C15618,Corporate,Delhi NCR,Delhi NCR,Mobile App,UPI,Electronics,27,8470.07,25.7,169918.07,5.5,4.5,5,2.483,No
MRD-103860,2026-03-31,C23782,Corporate,Bengaluru,Bengaluru South,Mobile App,UPI,Electronics,25,1299.73,14.7,27716.74,7.4,1.5,4,2.207,No
MRD-102431,2026-03-31,C47128,Retail,Delhi NCR,Delhi NCR,Mobile App,Credit Card,Grocery,3,292.12,0.0,876.36,7.0,5.7,4,1.904,No
MRD-101905,2026-03-31,C70919,Retail,Delhi NCR,Delhi NCR,Mobile App,Debit Card,Grocery,2,240.48,5.0,456.91,3.9,5.5,4,1.475,No
MRD-102313,2026-03-31,C73051,Corporate,Delhi NCR,Delhi NCR,Mobile App,Debit Card,Grocery,29,257.23,12.5,6527.21,2.5,1.0,4,1.336,No
MRD-101024,2026-03-31,C63486,Retail,Bengaluru,Bengaluru South,Website,UPI,Grocery,1,241.72,0.0,241.72,2.6,4.8,5,1.493,No
MRD-101467,2026-03-31,C43488,Retail,Mumbai,Mumbai West,Marketplace,Credit Card,Home & Kitchen,2,2063.91,0.0,4127.82,16.4,3.7,1,2.159,No
MRD-101282,2026-03-31,C18332,Corporate,Mumbai,Mumbai West,Website,Credit Card,Apparel,38,1520.69,26.8,42299.51,30.2,3.4,4,2.486,Yes
MRD-102532,2026-03-31,C22269,Retail,Mumbai,Mumbai West,Mobile App,Cash on Delivery,Beauty,2,728.35,0.0,1456.7,25.0,2.6,5,1.621,No
MRD-103967,2026-03-31,C38502,Retail,Delhi NCR,Delhi NCR,Mobile App,UPI,Apparel,3,2257.87,20.0,5418.89,38.5,1.5,4,1.763,Yes
